TRAYOPIA LOG
Started: 2026-10-01 17:22:11.764019
Deployment: roboflow
Distance mode: normalized
============================================================

============================================================
RUNNING: prepare_images.py
============================================================

Found 11 images.

Looking for reference images...
DSC_0001.jpg: detected 61 ArUco markers
Reference found: DSC_0001.jpg (61 markers detected)
DSC_0002.jpg: detected 14 ArUco markers
DSC_0003.jpg: detected 14 ArUco markers
DSC_0004.jpg: detected 19 ArUco markers
DSC_0005.jpg: detected 14 ArUco markers
DSC_0006.jpg: detected 18 ArUco markers
DSC_0007.jpg: detected 20 ArUco markers
DSC_0008.jpg: detected 22 ArUco markers
DSC_0009.jpg: detected 19 ArUco markers
DSC_0010.jpg: detected 19 ArUco markers
DSC_0011.jpg: detected 21 ArUco markers

Detected 1 drawers.

WARNING: drawer_001: 11 images
Prepared drawer_001 (11 images)

Done.

============================================================
RUNNING: register_images.py
============================================================
Found 21 drawers.

==================================================
Processing drawer_001
==================================================
Reference image: image_01.JPG
Markers: [8, 9, 10, 11, 12, 13, 14, 15, 16, 19, 20, 21, 22, 23, 24, 25, 26, 27, 28, 29, 31, 32, 34, 35, 36, 37, 38, 39, 40, 41, 42, 43, 44, 45, 46, 47, 48, 49, 51, 52, 53, 54, 55, 56, 60, 62, 64, 65, 66, 67, 68, 70, 71, 72, 73, 74, 75, 76, 77, 78, 80]

image_02.JPG
  Shared markers: [42, 44, 46, 48, 52, 54, 55, 56, 73, 74, 75, 76, 77, 80]
  ArUco scale relative to reference: 1.977x
  Using 56 corresponding points
  Removing bad markers: [42, 52, 73, 76, 77]
  Recalculated using: [44, 46, 48, 54, 55, 56, 74, 75, 80]
  Marker 42: mean=23.11px, max=27.45px
  Marker 44: mean=3.91px, max=6.00px
  Marker 46: mean=0.80px, max=0.81px
  Marker 48: mean=6.14px, max=8.02px
  Marker 52: mean=15.42px, max=19.46px
  Marker 54: mean=1.04px, max=1.40px
  Marker 55: mean=2.50px, max=3.98px
  Marker 56: mean=0.91px, max=1.43px
  Marker 73: mean=22.84px, max=26.60px
  Marker 74: mean=7.81px, max=10.18px
  Marker 75: mean=0.72px, max=1.00px
  Marker 76: mean=40.35px, max=46.51px
  Marker 77: mean=14.10px, max=17.34px
  Marker 80: mean=0.98px, max=1.32px
  Homography calculated
  RANSAC inliers: 25/36
  Saved: image_02_registered.JPG
  Mean marker error: 10.05px
  Max marker error: 46.51px

image_03.JPG
  Shared markers: [16, 20, 22, 24, 26, 27, 28, 32, 34, 35, 37, 38, 39, 40]
  ArUco scale relative to reference: 2.006x
  Using 56 corresponding points
  Removing bad markers: [32, 35, 37, 38, 39]
  Recalculated using: [16, 20, 22, 24, 26, 27, 28, 34, 40]
  Marker 16: mean=1.85px, max=3.33px
  Marker 20: mean=1.40px, max=1.68px
  Marker 22: mean=0.74px, max=1.30px
  Marker 24: mean=0.47px, max=0.61px
  Marker 26: mean=0.88px, max=1.19px
  Marker 27: mean=5.57px, max=6.88px
  Marker 28: mean=1.27px, max=1.99px
  Marker 32: mean=98.10px, max=107.74px
  Marker 34: mean=6.14px, max=8.47px
  Marker 35: mean=40.73px, max=46.70px
  Marker 37: mean=26.07px, max=30.66px
  Marker 38: mean=54.23px, max=61.10px
  Marker 39: mean=18.69px, max=22.70px
  Marker 40: mean=9.98px, max=12.86px
  Homography calculated
  RANSAC inliers: 24/36
  Saved: image_03_registered.JPG
  Mean marker error: 19.01px
  Max marker error: 107.74px

image_04.JPG
  Shared markers: [10, 12, 19, 21, 23, 25, 29, 31, 42, 44, 46, 52, 53, 54, 55, 56, 74, 75, 80]
  ArUco scale relative to reference: 1.992x
  Using 76 corresponding points
  Removing bad markers: [12, 29, 55, 75, 80]
  Recalculated using: [10, 19, 21, 23, 25, 31, 42, 44, 46, 52, 53, 54, 56, 74]
  Marker 10: mean=5.16px, max=7.25px
  Marker 12: mean=14.84px, max=18.10px
  Marker 19: mean=3.77px, max=5.83px
  Marker 21: mean=2.01px, max=4.07px
  Marker 23: mean=1.13px, max=1.52px
  Marker 25: mean=1.26px, max=2.23px
  Marker 29: mean=12.09px, max=15.44px
  Marker 31: mean=0.83px, max=1.46px
  Marker 42: mean=1.46px, max=2.44px
  Marker 44: mean=1.30px, max=1.77px
  Marker 46: mean=2.33px, max=4.51px
  Marker 52: mean=1.18px, max=1.65px
  Marker 53: mean=2.10px, max=4.13px
  Marker 54: mean=1.49px, max=2.46px
  Marker 55: mean=28.33px, max=33.67px
  Marker 56: mean=2.61px, max=4.61px
  Marker 74: mean=2.16px, max=2.96px
  Marker 75: mean=13.24px, max=17.10px
  Marker 80: mean=10.07px, max=13.67px
  Homography calculated
  RANSAC inliers: 41/56
  Saved: image_04_registered.JPG
  Mean marker error: 5.65px
  Max marker error: 33.67px

image_05.JPG
  Shared markers: [42, 44, 46, 48, 52, 54, 55, 56, 73, 74, 75, 76, 77, 80]
  ArUco scale relative to reference: 1.977x
  Using 56 corresponding points
  Removing bad markers: [42, 44, 52, 74, 76]
  Recalculated using: [46, 48, 54, 55, 56, 73, 75, 77, 80]
  Marker 42: mean=47.78px, max=54.60px
  Marker 44: mean=10.97px, max=13.38px
  Marker 46: mean=0.75px, max=1.33px
  Marker 48: mean=0.65px, max=0.95px
  Marker 52: mean=29.66px, max=34.21px
  Marker 54: mean=6.25px, max=8.28px
  Marker 55: mean=2.33px, max=2.72px
  Marker 56: mean=1.77px, max=2.43px
  Marker 73: mean=7.12px, max=9.17px
  Marker 74: mean=21.81px, max=25.94px
  Marker 75: mean=1.05px, max=1.19px
  Marker 76: mean=13.66px, max=16.50px
  Marker 77: mean=1.45px, max=2.33px
  Marker 80: mean=1.98px, max=2.53px
  Homography calculated
  RANSAC inliers: 25/36
  Saved: image_05_registered.JPG
  Mean marker error: 10.52px
  Max marker error: 54.60px

image_06.JPG
  Shared markers: [46, 47, 48, 49, 54, 55, 56, 64, 66, 70, 71, 72, 73, 75, 76, 77, 78, 80]
  ArUco scale relative to reference: 1.999x
  Using 72 corresponding points
  Removing bad markers: [46, 54, 56]
  Recalculated using: [47, 48, 49, 55, 64, 66, 70, 71, 72, 73, 75, 76, 77, 78, 80]
  Marker 46: mean=11.08px, max=14.96px
  Marker 47: mean=0.98px, max=1.74px
  Marker 48: mean=1.45px, max=2.44px
  Marker 49: mean=1.07px, max=1.94px
  Marker 54: mean=32.39px, max=39.23px
  Marker 55: mean=2.51px, max=4.49px
  Marker 56: mean=25.10px, max=31.24px
  Marker 64: mean=1.13px, max=1.85px
  Marker 66: mean=1.30px, max=2.13px
  Marker 70: mean=5.69px, max=8.37px
  Marker 71: mean=3.53px, max=4.10px
  Marker 72: mean=6.26px, max=8.85px
  Marker 73: mean=1.82px, max=3.10px
  Marker 75: mean=2.06px, max=4.15px
  Marker 76: mean=1.48px, max=2.99px
  Marker 77: mean=1.37px, max=1.55px
  Marker 78: mean=6.55px, max=9.72px
  Marker 80: mean=8.51px, max=12.16px
  Homography calculated
  RANSAC inliers: 35/60
  Saved: image_06_registered.JPG
  Mean marker error: 6.35px
  Max marker error: 39.23px

image_07.JPG
  Shared markers: [41, 43, 45, 47, 48, 49, 55, 60, 62, 64, 66, 68, 70, 71, 72, 73, 75, 76, 77, 78]
  ArUco scale relative to reference: 2.020x
  Using 80 corresponding points
  Removing bad markers: [41, 43, 45, 60, 68]
  Recalculated using: [47, 48, 49, 55, 62, 64, 66, 70, 71, 72, 73, 75, 76, 77, 78]
  Marker 41: mean=27.35px, max=32.76px
  Marker 43: mean=46.85px, max=53.81px
  Marker 45: mean=57.17px, max=63.81px
  Marker 47: mean=3.72px, max=5.07px
  Marker 48: mean=2.69px, max=4.01px
  Marker 49: mean=3.11px, max=4.65px
  Marker 55: mean=2.75px, max=5.44px
  Marker 60: mean=23.18px, max=28.58px
  Marker 62: mean=8.50px, max=12.15px
  Marker 64: mean=1.56px, max=2.81px
  Marker 66: mean=1.75px, max=2.86px
  Marker 68: mean=10.02px, max=13.71px
  Marker 70: mean=1.85px, max=3.73px
  Marker 71: mean=5.51px, max=6.54px
  Marker 72: mean=1.52px, max=2.92px
  Marker 73: mean=2.82px, max=4.44px
  Marker 75: mean=2.30px, max=4.77px
  Marker 76: mean=2.21px, max=4.50px
  Marker 77: mean=1.79px, max=2.35px
  Marker 78: mean=9.16px, max=13.60px
  Homography calculated
  RANSAC inliers: 31/60
  Saved: image_07_registered.JPG
  Mean marker error: 10.79px
  Max marker error: 63.81px

image_08.JPG
  Shared markers: [16, 20, 22, 24, 26, 32, 34, 35, 36, 37, 38, 39, 40, 41, 43, 45, 51, 60, 62, 67, 68, 72]
  ArUco scale relative to reference: 2.036x
  Using 88 corresponding points
  Removing bad markers: [16, 20, 22, 24, 26, 34]
  Recalculated using: [32, 35, 36, 37, 38, 39, 40, 41, 43, 45, 51, 60, 62, 67, 68, 72]
  Marker 16: mean=19.62px, max=24.72px
  Marker 20: mean=67.12px, max=76.39px
  Marker 22: mean=35.79px, max=42.65px
  Marker 24: mean=81.02px, max=90.17px
  Marker 26: mean=43.60px, max=50.87px
  Marker 32: mean=1.54px, max=2.99px
  Marker 34: mean=18.18px, max=22.98px
  Marker 35: mean=3.09px, max=5.17px
  Marker 36: mean=1.79px, max=3.32px
  Marker 37: mean=1.89px, max=3.55px
  Marker 38: mean=1.56px, max=3.00px
  Marker 39: mean=7.89px, max=11.19px
  Marker 40: mean=7.42px, max=10.88px
  Marker 41: mean=2.65px, max=3.59px
  Marker 43: mean=1.67px, max=2.74px
  Marker 45: mean=1.36px, max=2.28px
  Marker 51: mean=9.29px, max=13.02px
  Marker 60: mean=1.89px, max=3.58px
  Marker 62: mean=7.69px, max=10.97px
  Marker 67: mean=3.65px, max=6.14px
  Marker 68: mean=1.12px, max=1.88px
  Marker 72: mean=7.57px, max=10.73px
  Homography calculated
  RANSAC inliers: 35/64
  Saved: image_08_registered.JPG
  Mean marker error: 14.88px
  Max marker error: 90.17px

image_09.JPG
  Shared markers: [8, 11, 12, 15, 16, 20, 22, 24, 26, 27, 28, 32, 34, 35, 36, 37, 38, 39, 40]
  ArUco scale relative to reference: 1.997x
  Using 76 corresponding points
  Removing bad markers: [32, 35, 36, 38]
  Recalculated using: [8, 11, 12, 15, 16, 20, 22, 24, 26, 27, 28, 34, 37, 39, 40]
  Marker 8: mean=1.08px, max=2.47px
  Marker 11: mean=2.50px, max=4.63px
  Marker 12: mean=8.45px, max=10.40px
  Marker 15: mean=1.74px, max=2.48px
  Marker 16: mean=5.11px, max=7.14px
  Marker 20: mean=2.31px, max=4.28px
  Marker 22: mean=2.33px, max=4.10px
  Marker 24: mean=4.46px, max=6.29px
  Marker 26: mean=5.44px, max=6.98px
  Marker 27: mean=1.97px, max=3.92px
  Marker 28: mean=1.86px, max=3.11px
  Marker 32: mean=61.42px, max=71.29px
  Marker 34: mean=2.51px, max=4.87px
  Marker 35: mean=24.56px, max=30.97px
  Marker 36: mean=51.63px, max=60.74px
  Marker 37: mean=9.71px, max=14.37px
  Marker 38: mean=28.72px, max=35.61px
  Marker 39: mean=9.43px, max=14.09px
  Marker 40: mean=2.27px, max=3.53px
  Homography calculated
  RANSAC inliers: 31/60
  Saved: image_09_registered.JPG
  Mean marker error: 11.97px
  Max marker error: 71.29px

image_10.JPG
  Shared markers: [8, 9, 11, 12, 13, 14, 15, 16, 20, 22, 24, 26, 27, 28, 34, 37, 39, 40, 65]
  ArUco scale relative to reference: 2.001x
  Using 76 corresponding points
  Removing bad markers: [37, 39]
  Recalculated using: [8, 9, 11, 12, 13, 14, 15, 16, 20, 22, 24, 26, 27, 28, 34, 40, 65]
  Marker 8: mean=2.49px, max=4.22px
  Marker 9: mean=1.78px, max=2.61px
  Marker 11: mean=1.48px, max=3.02px
  Marker 12: mean=2.42px, max=4.94px
  Marker 13: mean=1.57px, max=2.94px
  Marker 14: mean=3.96px, max=6.75px
  Marker 15: mean=3.77px, max=5.09px
  Marker 16: mean=1.96px, max=3.75px
  Marker 20: mean=1.49px, max=2.25px
  Marker 22: mean=2.48px, max=4.44px
  Marker 24: mean=3.15px, max=4.40px
  Marker 26: mean=1.76px, max=3.25px
  Marker 27: mean=1.63px, max=3.17px
  Marker 28: mean=1.41px, max=2.31px
  Marker 34: mean=8.56px, max=11.95px
  Marker 37: mean=26.33px, max=32.07px
  Marker 39: mean=21.36px, max=26.82px
  Marker 40: mean=9.90px, max=13.49px
  Marker 65: mean=6.86px, max=9.58px
  Homography calculated
  RANSAC inliers: 42/68
  Saved: image_10_registered.JPG
  Mean marker error: 5.49px
  Max marker error: 32.07px

image_11.JPG
  Shared markers: [8, 9, 10, 11, 12, 13, 14, 15, 16, 19, 20, 22, 23, 24, 25, 26, 27, 28, 29, 31, 65]
  ArUco scale relative to reference: 1.993x
  Using 84 corresponding points
  Removing bad markers: [10, 19, 23, 25, 29, 31, 65]
  Recalculated using: [8, 9, 11, 12, 13, 14, 15, 16, 20, 22, 24, 26, 27, 28]
  Marker 8: mean=0.87px, max=1.64px
  Marker 9: mean=1.55px, max=2.43px
  Marker 10: mean=16.21px, max=18.67px
  Marker 11: mean=1.48px, max=2.78px
  Marker 12: mean=7.06px, max=8.86px
  Marker 13: mean=1.48px, max=2.72px
  Marker 14: mean=5.51px, max=7.59px
  Marker 15: mean=3.24px, max=4.59px
  Marker 16: mean=3.36px, max=6.78px
  Marker 19: mean=24.14px, max=27.47px
  Marker 20: mean=2.68px, max=4.89px
  Marker 22: mean=6.02px, max=10.25px
  Marker 23: mean=41.45px, max=46.83px
  Marker 24: mean=2.53px, max=4.41px
  Marker 25: mean=47.08px, max=52.83px
  Marker 26: mean=2.36px, max=4.13px
  Marker 27: mean=1.86px, max=3.27px
  Marker 28: mean=2.51px, max=4.91px
  Marker 29: mean=14.00px, max=16.66px
  Marker 31: mean=28.38px, max=31.96px
  Marker 65: mean=10.30px, max=14.19px
  Homography calculated
  RANSAC inliers: 33/56
  Saved: image_11_registered.JPG
  Mean marker error: 10.67px
  Max marker error: 52.83px

Saved image scales: homographies\drawer_001\image_scales.json

==================================================
Processing drawer_002
==================================================
Reference image: image_01.JPG
Markers: [8, 9, 10, 11, 12, 13, 14, 15, 16, 19, 20, 21, 22, 23, 24, 25, 26, 27, 28, 29, 31, 32, 34, 35, 36, 37, 38, 39, 40, 41, 42, 43, 44, 45, 46, 47, 48, 49, 51, 52, 53, 54, 55, 56, 60, 62, 64, 65, 66, 67, 68, 70, 71, 72, 73, 74, 75, 76, 77, 78, 80]

image_02.JPG
  Shared markers: [8, 10, 12, 25, 31, 42, 44, 46, 48, 52, 54, 55, 56, 73, 74, 75, 76, 77, 80]
  ArUco scale relative to reference: 1.826x
  Using 76 corresponding points
  Removing bad markers: [8, 12, 48, 55, 73, 75, 76, 77]
  Recalculated using: [10, 25, 31, 42, 44, 46, 52, 54, 56, 74, 80]
  Marker 8: mean=27.60px, max=33.62px
  Marker 10: mean=2.50px, max=4.86px
  Marker 12: mean=10.92px, max=14.67px
  Marker 25: mean=1.59px, max=2.47px
  Marker 31: mean=1.55px, max=2.74px
  Marker 42: mean=1.54px, max=2.94px
  Marker 44: mean=1.29px, max=2.06px
  Marker 46: mean=3.49px, max=5.40px
  Marker 48: mean=31.65px, max=37.14px
  Marker 52: mean=1.39px, max=2.01px
  Marker 54: mean=1.05px, max=2.06px
  Marker 55: mean=23.35px, max=28.07px
  Marker 56: mean=3.02px, max=4.73px
  Marker 73: mean=69.89px, max=78.12px
  Marker 74: mean=2.88px, max=3.80px
  Marker 75: mean=12.25px, max=15.48px
  Marker 76: mean=103.29px, max=113.26px
  Marker 77: mean=52.60px, max=59.99px
  Marker 80: mean=9.85px, max=12.98px
  Homography calculated
  RANSAC inliers: 28/44
  Saved: image_02_registered.JPG
  Mean marker error: 19.04px
  Max marker error: 113.26px

image_03.JPG
  Shared markers: [8, 16, 20, 22, 24, 26, 27, 28, 32, 34, 35, 36, 37, 38, 39, 40, 41, 45, 47, 67, 68, 72]
  ArUco scale relative to reference: 1.849x
  Using 88 corresponding points
  Removing bad markers: [8, 20, 24, 26, 27, 28, 47, 67]
  Recalculated using: [16, 22, 32, 34, 35, 36, 37, 38, 39, 40, 41, 45, 68, 72]
  Marker 8: mean=50.24px, max=55.38px
  Marker 16: mean=2.05px, max=3.97px
  Marker 20: mean=21.69px, max=26.96px
  Marker 22: mean=8.90px, max=12.54px
  Marker 24: mean=25.79px, max=31.43px
  Marker 26: mean=10.77px, max=14.60px
  Marker 27: mean=53.47px, max=60.99px
  Marker 28: mean=43.15px, max=50.44px
  Marker 32: mean=1.98px, max=3.74px
  Marker 34: mean=2.46px, max=4.83px
  Marker 35: mean=2.70px, max=4.54px
  Marker 36: mean=2.12px, max=4.30px
  Marker 37: mean=5.83px, max=7.52px
  Marker 38: mean=5.40px, max=7.38px
  Marker 39: mean=1.96px, max=3.91px
  Marker 40: mean=3.34px, max=5.29px
  Marker 41: mean=2.49px, max=3.15px
  Marker 45: mean=6.48px, max=11.05px
  Marker 47: mean=12.02px, max=17.53px
  Marker 67: mean=11.18px, max=16.11px
  Marker 68: mean=2.50px, max=3.50px
  Marker 72: mean=3.56px, max=7.08px
  Homography calculated
  RANSAC inliers: 27/56
  Saved: image_03_registered.JPG
  Mean marker error: 12.73px
  Max marker error: 60.99px

image_04.JPG
  Shared markers: [10, 12, 19, 21, 23, 25, 29, 31, 42, 44, 46, 48, 52, 53, 54, 55, 56, 74, 75, 80]
  ArUco scale relative to reference: 1.825x
  Using 80 corresponding points
  Removing bad markers: [12, 48, 55, 75, 80]
  Recalculated using: [10, 19, 21, 23, 25, 29, 31, 42, 44, 46, 52, 53, 54, 56, 74]
  Marker 10: mean=2.27px, max=4.28px
  Marker 12: mean=10.69px, max=14.04px
  Marker 19: mean=1.96px, max=3.54px
  Marker 21: mean=1.19px, max=2.30px
  Marker 23: mean=1.15px, max=1.73px
  Marker 25: mean=1.74px, max=2.54px
  Marker 29: mean=8.55px, max=11.72px
  Marker 31: mean=1.63px, max=2.59px
  Marker 42: mean=1.50px, max=2.43px
  Marker 44: mean=1.36px, max=2.32px
  Marker 46: mean=6.30px, max=8.39px
  Marker 48: mean=45.42px, max=51.34px
  Marker 52: mean=1.14px, max=1.58px
  Marker 53: mean=1.31px, max=2.37px
  Marker 54: mean=1.23px, max=2.39px
  Marker 55: mean=31.76px, max=36.95px
  Marker 56: mean=4.91px, max=6.77px
  Marker 74: mean=1.17px, max=2.12px
  Marker 75: mean=18.11px, max=21.74px
  Marker 80: mean=13.52px, max=16.93px
  Homography calculated
  RANSAC inliers: 43/60
  Saved: image_04_registered.JPG
  Mean marker error: 7.85px
  Max marker error: 51.34px

image_05.JPG
  Shared markers: [10, 12, 19, 21, 23, 25, 29, 31, 42, 44, 46, 48, 52, 53, 54, 55, 56, 73, 74, 75, 77, 80]
  ArUco scale relative to reference: 1.833x
  Using 88 corresponding points
  Removing bad markers: [12, 29, 48, 55, 73, 75, 77]
  Recalculated using: [10, 19, 21, 23, 25, 31, 42, 44, 46, 52, 53, 54, 56, 74, 80]
  Marker 10: mean=4.35px, max=7.01px
  Marker 12: mean=14.87px, max=19.09px
  Marker 19: mean=4.63px, max=7.28px
  Marker 21: mean=3.39px, max=5.84px
  Marker 23: mean=2.01px, max=3.40px
  Marker 25: mean=1.34px, max=2.24px
  Marker 29: mean=13.65px, max=17.84px
  Marker 31: mean=1.23px, max=2.05px
  Marker 42: mean=1.78px, max=2.98px
  Marker 44: mean=1.39px, max=2.22px
  Marker 46: mean=2.07px, max=3.74px
  Marker 48: mean=30.89px, max=36.03px
  Marker 52: mean=1.33px, max=2.32px
  Marker 53: mean=2.35px, max=4.61px
  Marker 54: mean=1.38px, max=2.31px
  Marker 55: mean=21.24px, max=25.56px
  Marker 56: mean=1.99px, max=3.37px
  Marker 73: mean=71.21px, max=78.71px
  Marker 74: mean=2.56px, max=3.43px
  Marker 75: mean=10.58px, max=13.49px
  Marker 77: mean=51.71px, max=58.65px
  Marker 80: mean=7.73px, max=10.56px
  Homography calculated
  RANSAC inliers: 39/60
  Saved: image_05_registered.JPG
  Mean marker error: 11.53px
  Max marker error: 78.71px

image_06.JPG
  Shared markers: [44, 46, 47, 48, 49, 54, 55, 56, 62, 64, 66, 70, 71, 72, 73, 74, 75, 76, 77, 78, 80]
  ArUco scale relative to reference: 1.823x
  Using 84 corresponding points
  Removing bad markers: [44, 54, 56, 62, 74, 78]
  Recalculated using: [46, 47, 48, 49, 55, 64, 66, 70, 71, 72, 73, 75, 76, 77, 80]
  Marker 44: mean=29.02px, max=35.73px
  Marker 46: mean=2.47px, max=5.00px
  Marker 47: mean=3.75px, max=4.62px
  Marker 48: mean=2.85px, max=3.96px
  Marker 49: mean=2.05px, max=2.79px
  Marker 54: mean=12.56px, max=16.84px
  Marker 55: mean=1.63px, max=2.13px
  Marker 56: mean=10.89px, max=14.93px
  Marker 62: mean=10.12px, max=13.31px
  Marker 64: mean=2.08px, max=4.06px
  Marker 66: mean=1.89px, max=3.68px
  Marker 70: mean=1.89px, max=3.90px
  Marker 71: mean=4.66px, max=5.41px
  Marker 72: mean=1.30px, max=2.58px
  Marker 73: mean=2.04px, max=3.49px
  Marker 74: mean=37.36px, max=44.64px
  Marker 75: mean=1.59px, max=2.78px
  Marker 76: mean=2.77px, max=5.37px
  Marker 77: mean=1.47px, max=1.97px
  Marker 78: mean=10.81px, max=14.43px
  Marker 80: mean=3.06px, max=5.30px
  Homography calculated
  RANSAC inliers: 38/60
  Saved: image_06_registered.JPG
  Mean marker error: 6.96px
  Max marker error: 44.64px

image_07.JPG
  Shared markers: [32, 35, 36, 37, 38, 39, 40, 41, 43, 45, 47, 48, 49, 51, 55, 60, 62, 64, 66, 67, 68, 70, 71, 72, 73, 75, 76, 77, 78, 80]
  ArUco scale relative to reference: 1.842x
  Using 120 corresponding points
  Removing bad markers: [49, 51, 64, 66, 71, 73, 76, 77, 78]
  Recalculated using: [32, 35, 36, 37, 38, 39, 40, 41, 43, 45, 47, 48, 55, 60, 62, 67, 68, 70, 72, 75, 80]
  Marker 32: mean=1.54px, max=2.84px
  Marker 35: mean=1.45px, max=2.41px
  Marker 36: mean=1.95px, max=3.66px
  Marker 37: mean=4.13px, max=5.59px
  Marker 38: mean=4.69px, max=5.81px
  Marker 39: mean=1.82px, max=3.68px
  Marker 40: mean=1.57px, max=2.04px
  Marker 41: mean=2.70px, max=4.55px
  Marker 43: mean=5.39px, max=8.69px
  Marker 45: mean=3.47px, max=6.73px
  Marker 47: mean=4.66px, max=6.96px
  Marker 48: mean=8.30px, max=11.24px
  Marker 49: mean=15.35px, max=20.01px
  Marker 51: mean=19.90px, max=24.47px
  Marker 55: mean=8.95px, max=13.48px
  Marker 60: mean=2.83px, max=4.88px
  Marker 62: mean=3.39px, max=6.38px
  Marker 64: mean=39.64px, max=47.61px
  Marker 66: mean=36.90px, max=44.53px
  Marker 67: mean=9.25px, max=12.58px
  Marker 68: mean=3.23px, max=4.78px
  Marker 70: mean=7.74px, max=11.31px
  Marker 71: mean=14.49px, max=19.20px
  Marker 72: mean=1.99px, max=3.55px
  Marker 73: mean=22.00px, max=28.31px
  Marker 75: mean=4.02px, max=7.14px
  Marker 76: mean=40.63px, max=49.19px
  Marker 77: mean=21.05px, max=27.31px
  Marker 78: mean=66.88px, max=77.77px
  Marker 80: mean=7.49px, max=12.66px
  Homography calculated
  RANSAC inliers: 36/84
  Saved: image_07_registered.JPG
  Mean marker error: 12.25px
  Max marker error: 77.77px

image_08.JPG
  Shared markers: [16, 22, 26, 32, 34, 35, 36, 37, 38, 39, 40, 41, 43, 45, 51, 60, 62, 67, 68, 70, 72]
  ArUco scale relative to reference: 1.840x
  Using 84 corresponding points
  Removing bad markers: [16, 22, 26, 34, 70]
  Recalculated using: [32, 35, 36, 37, 38, 39, 40, 41, 43, 45, 51, 60, 62, 67, 68, 72]
  Marker 16: mean=11.00px, max=14.35px
  Marker 22: mean=22.71px, max=27.29px
  Marker 26: mean=28.39px, max=33.00px
  Marker 32: mean=1.82px, max=3.36px
  Marker 34: mean=10.32px, max=13.71px
  Marker 35: mean=1.52px, max=2.30px
  Marker 36: mean=1.33px, max=1.65px
  Marker 37: mean=1.47px, max=2.72px
  Marker 38: mean=2.51px, max=3.74px
  Marker 39: mean=3.78px, max=6.01px
  Marker 40: mean=3.09px, max=5.60px
  Marker 41: mean=2.59px, max=3.65px
  Marker 43: mean=1.58px, max=2.46px
  Marker 45: mean=1.44px, max=2.43px
  Marker 51: mean=6.14px, max=8.83px
  Marker 60: mean=1.69px, max=2.92px
  Marker 62: mean=5.18px, max=8.06px
  Marker 67: mean=2.26px, max=4.16px
  Marker 68: mean=1.27px, max=2.41px
  Marker 70: mean=13.14px, max=17.06px
  Marker 72: mean=4.17px, max=6.72px
  Homography calculated
  RANSAC inliers: 40/64
  Saved: image_08_registered.JPG
  Mean marker error: 6.07px
  Max marker error: 33.00px

image_09.JPG
  Shared markers: [8, 11, 12, 15, 16, 20, 22, 24, 26, 27, 28, 32, 34, 35, 36, 37, 38, 39, 40, 41, 45, 67, 68]
  ArUco scale relative to reference: 1.852x
  Using 92 corresponding points
  Removing bad markers: [32, 34, 35, 36, 37, 38, 39, 40, 41, 45, 67, 68]
  Recalculated using: [8, 11, 12, 15, 16, 20, 22, 24, 26, 27, 28]
  Marker 8: mean=0.99px, max=2.24px
  Marker 11: mean=0.99px, max=1.72px
  Marker 12: mean=7.52px, max=10.33px
  Marker 15: mean=1.53px, max=1.97px
  Marker 16: mean=4.88px, max=6.99px
  Marker 20: mean=1.26px, max=1.95px
  Marker 22: mean=4.47px, max=6.52px
  Marker 24: mean=2.30px, max=3.43px
  Marker 26: mean=1.02px, max=1.94px
  Marker 27: mean=1.03px, max=1.76px
  Marker 28: mean=1.28px, max=1.62px
  Marker 32: mean=78.47px, max=87.05px
  Marker 34: mean=11.29px, max=14.16px
  Marker 35: mean=38.68px, max=44.17px
  Marker 36: mean=65.75px, max=73.38px
  Marker 37: mean=25.36px, max=29.69px
  Marker 38: mean=46.04px, max=52.17px
  Marker 39: mean=21.91px, max=25.82px
  Marker 40: mean=12.97px, max=16.03px
  Marker 41: mean=102.68px, max=111.36px
  Marker 45: mean=110.27px, max=120.96px
  Marker 67: mean=105.44px, max=116.03px
  Marker 68: mean=106.30px, max=116.71px
  Homography calculated
  RANSAC inliers: 33/44
  Saved: image_09_registered.JPG
  Mean marker error: 32.71px
  Max marker error: 120.96px

image_10.JPG
  Shared markers: [8, 9, 10, 11, 12, 13, 14, 15, 16, 20, 22, 24, 26, 27, 28, 29, 34, 35, 37, 39, 40, 65]
  ArUco scale relative to reference: 1.838x
  Using 88 corresponding points
  Removing bad markers: [10, 29, 34, 35, 37, 39, 40]
  Recalculated using: [8, 9, 11, 12, 13, 14, 15, 16, 20, 22, 24, 26, 27, 28, 65]
  Marker 8: mean=0.81px, max=1.35px
  Marker 9: mean=1.43px, max=2.65px
  Marker 10: mean=15.67px, max=19.02px
  Marker 11: mean=1.80px, max=2.69px
  Marker 12: mean=5.51px, max=7.56px
  Marker 13: mean=0.88px, max=1.12px
  Marker 14: mean=5.49px, max=7.39px
  Marker 15: mean=2.23px, max=3.07px
  Marker 16: mean=7.74px, max=10.59px
  Marker 20: mean=2.01px, max=3.73px
  Marker 22: mean=6.85px, max=9.51px
  Marker 24: mean=1.31px, max=2.54px
  Marker 26: mean=1.99px, max=3.88px
  Marker 27: mean=1.54px, max=2.64px
  Marker 28: mean=1.19px, max=1.80px
  Marker 29: mean=14.38px, max=17.64px
  Marker 34: mean=16.31px, max=20.34px
  Marker 35: mean=63.34px, max=72.16px
  Marker 37: mean=41.51px, max=47.89px
  Marker 39: mean=33.60px, max=39.46px
  Marker 40: mean=20.14px, max=24.39px
  Marker 65: mean=2.04px, max=3.55px
  Homography calculated
  RANSAC inliers: 41/60
  Saved: image_10_registered.JPG
  Mean marker error: 11.26px
  Max marker error: 72.16px

image_11.JPG
  Shared markers: [8, 9, 10, 11, 12, 13, 14, 15, 16, 19, 20, 21, 22, 23, 24, 25, 26, 27, 28, 29, 31, 34, 40, 42, 44, 46, 52, 53, 54, 56, 65, 74, 80]
  ArUco scale relative to reference: 1.841x
  Using 132 corresponding points
  Removing bad markers: [9, 11, 13, 15, 16, 20, 22, 24, 26, 27, 28, 34, 40, 65]
  Recalculated using: [8, 10, 12, 14, 19, 21, 23, 25, 29, 31, 42, 44, 46, 52, 53, 54, 56, 74, 80]
  Marker 8: mean=9.96px, max=13.30px
  Marker 9: mean=21.85px, max=26.80px
  Marker 10: mean=2.90px, max=4.31px
  Marker 11: mean=50.89px, max=58.37px
  Marker 12: mean=1.72px, max=3.57px
  Marker 13: mean=43.73px, max=50.75px
  Marker 14: mean=9.05px, max=12.46px
  Marker 15: mean=24.99px, max=30.40px
  Marker 16: mean=51.00px, max=58.35px
  Marker 19: mean=1.56px, max=2.98px
  Marker 20: mean=62.99px, max=69.99px
  Marker 21: mean=6.95px, max=10.59px
  Marker 22: mean=64.80px, max=72.63px
  Marker 23: mean=1.63px, max=2.34px
  Marker 24: mean=50.96px, max=57.74px
  Marker 25: mean=1.74px, max=3.34px
  Marker 26: mean=49.56px, max=55.52px
  Marker 27: mean=60.28px, max=68.38px
  Marker 28: mean=67.71px, max=75.96px
  Marker 29: mean=2.19px, max=4.33px
  Marker 31: mean=4.34px, max=5.43px
  Marker 34: mean=75.50px, max=85.90px
  Marker 40: mean=66.19px, max=76.18px
  Marker 42: mean=1.78px, max=3.21px
  Marker 44: mean=1.71px, max=2.57px
  Marker 46: mean=1.21px, max=1.83px
  Marker 52: mean=1.30px, max=2.38px
  Marker 53: mean=7.66px, max=11.01px
  Marker 54: mean=4.04px, max=4.79px
  Marker 56: mean=1.23px, max=2.48px
  Marker 65: mean=87.60px, max=98.30px
  Marker 74: mean=4.53px, max=5.31px
  Marker 80: mean=9.32px, max=12.56px
  Homography calculated
  RANSAC inliers: 38/76
  Saved: image_11_registered.JPG
  Mean marker error: 25.84px
  Max marker error: 98.30px

Saved image scales: homographies\drawer_002\image_scales.json

==================================================
Processing drawer_003
==================================================
Reference image: image_01.JPG
Markers: [8, 9, 10, 11, 12, 13, 14, 15, 16, 19, 20, 21, 22, 23, 24, 25, 26, 27, 28, 29, 31, 32, 34, 35, 36, 37, 38, 39, 40, 41, 42, 43, 44, 45, 46, 47, 48, 49, 51, 52, 53, 54, 55, 56, 60, 62, 64, 65, 66, 67, 68, 70, 71, 72, 73, 74, 75, 76, 77, 78, 80]

image_02.JPG
  Shared markers: [8, 10, 12, 19, 21, 23, 25, 31, 42, 44, 46, 48, 52, 54, 55, 56, 73, 74, 75, 76, 77, 80]
  ArUco scale relative to reference: 1.840x
  Using 88 corresponding points
  Removing bad markers: [8, 12, 46, 48, 55, 56, 73, 75, 76, 77, 80]
  Recalculated using: [10, 19, 21, 23, 25, 31, 42, 44, 52, 54, 74]
  Marker 8: mean=35.17px, max=40.17px
  Marker 10: mean=5.95px, max=7.73px
  Marker 12: mean=16.65px, max=19.73px
  Marker 19: mean=3.96px, max=5.75px
  Marker 21: mean=2.52px, max=4.78px
  Marker 23: mean=1.22px, max=1.65px
  Marker 25: mean=1.53px, max=2.32px
  Marker 31: mean=0.77px, max=1.09px
  Marker 42: mean=1.34px, max=2.47px
  Marker 44: mean=3.12px, max=5.13px
  Marker 46: mean=11.78px, max=15.39px
  Marker 48: mean=68.06px, max=77.09px
  Marker 52: mean=1.55px, max=2.36px
  Marker 54: mean=2.79px, max=4.94px
  Marker 55: mean=50.83px, max=58.62px
  Marker 56: mean=10.01px, max=13.31px
  Marker 73: mean=133.59px, max=146.59px
  Marker 74: mean=1.16px, max=2.06px
  Marker 75: mean=30.64px, max=36.39px
  Marker 76: mean=185.27px, max=201.55px
  Marker 77: mean=103.09px, max=114.71px
  Marker 80: mean=24.41px, max=29.52px
  Homography calculated
  RANSAC inliers: 31/44
  Saved: image_02_registered.JPG
  Mean marker error: 31.61px
  Max marker error: 201.55px

image_03.JPG
  Shared markers: [16, 20, 22, 24, 26, 27, 28, 32, 34, 37, 38, 40, 41, 45, 47, 68, 72]
  ArUco scale relative to reference: 1.850x
  Using 68 corresponding points
  Removing bad markers: [32, 37, 38, 41, 45, 47, 68, 72]
  Recalculated using: [16, 20, 22, 24, 26, 27, 28, 34, 40]
  Marker 16: mean=0.99px, max=1.86px
  Marker 20: mean=1.08px, max=1.78px
  Marker 22: mean=0.74px, max=1.48px
  Marker 24: mean=0.85px, max=1.46px
  Marker 26: mean=1.07px, max=1.34px
  Marker 27: mean=6.86px, max=8.21px
  Marker 28: mean=2.65px, max=3.85px
  Marker 32: mean=81.71px, max=90.41px
  Marker 34: mean=4.00px, max=6.05px
  Marker 37: mean=20.87px, max=24.85px
  Marker 38: mean=44.78px, max=50.73px
  Marker 40: mean=7.49px, max=10.00px
  Marker 41: mean=113.80px, max=123.56px
  Marker 45: mean=118.86px, max=129.95px
  Marker 47: mean=152.90px, max=169.34px
  Marker 68: mean=119.02px, max=130.45px
  Marker 72: mean=131.76px, max=145.51px
  Homography calculated
  RANSAC inliers: 24/36
  Saved: image_03_registered.JPG
  Mean marker error: 47.61px
  Max marker error: 169.34px

image_04.JPG
  Shared markers: [10, 12, 14, 19, 21, 23, 25, 29, 31, 42, 44, 46, 48, 52, 53, 54, 55, 56, 74, 75, 80]
  ArUco scale relative to reference: 1.826x
  Using 84 corresponding points
  Removing bad markers: [14, 48, 55]
  Recalculated using: [10, 12, 19, 21, 23, 25, 29, 31, 42, 44, 46, 52, 53, 54, 56, 74, 75, 80]
  Marker 10: mean=2.51px, max=4.10px
  Marker 12: mean=2.32px, max=4.74px
  Marker 14: mean=11.51px, max=15.71px
  Marker 19: mean=1.58px, max=2.36px
  Marker 21: mean=5.01px, max=8.08px
  Marker 23: mean=1.59px, max=2.43px
  Marker 25: mean=1.41px, max=2.56px
  Marker 29: mean=3.07px, max=5.91px
  Marker 31: mean=3.31px, max=4.37px
  Marker 42: mean=1.44px, max=2.73px
  Marker 44: mean=1.14px, max=2.02px
  Marker 46: mean=1.27px, max=2.65px
  Marker 48: mean=26.85px, max=31.34px
  Marker 52: mean=1.40px, max=2.25px
  Marker 53: mean=4.90px, max=7.79px
  Marker 54: mean=1.77px, max=2.55px
  Marker 55: mean=18.55px, max=22.65px
  Marker 56: mean=1.44px, max=2.61px
  Marker 74: mean=2.64px, max=3.52px
  Marker 75: mean=7.85px, max=10.51px
  Marker 80: mean=6.18px, max=8.70px
  Homography calculated
  RANSAC inliers: 46/72
  Saved: image_04_registered.JPG
  Mean marker error: 5.13px
  Max marker error: 31.34px

image_05.JPG
  Shared markers: [10, 12, 21, 25, 31, 42, 44, 46, 48, 52, 53, 54, 55, 56, 73, 74, 75, 76, 77, 80]
  ArUco scale relative to reference: 1.834x
  Using 80 corresponding points
  Removing bad markers: [12, 46, 48, 55, 73, 75, 76, 77, 80]
  Recalculated using: [10, 21, 25, 31, 42, 44, 52, 53, 54, 56, 74]
  Marker 10: mean=8.67px, max=11.23px
  Marker 12: mean=23.11px, max=27.41px
  Marker 21: mean=1.30px, max=2.30px
  Marker 25: mean=1.66px, max=2.17px
  Marker 31: mean=1.34px, max=2.36px
  Marker 42: mean=1.78px, max=2.46px
  Marker 44: mean=2.25px, max=3.78px
  Marker 46: mean=12.41px, max=15.56px
  Marker 48: mean=71.85px, max=80.05px
  Marker 52: mean=1.15px, max=1.48px
  Marker 53: mean=0.95px, max=1.79px
  Marker 54: mean=2.89px, max=4.73px
  Marker 55: mean=51.29px, max=58.38px
  Marker 56: mean=8.98px, max=11.84px
  Marker 73: mean=139.64px, max=151.52px
  Marker 74: mean=0.91px, max=1.77px
  Marker 75: mean=32.54px, max=37.75px
  Marker 76: mean=188.87px, max=202.76px
  Marker 77: mean=105.16px, max=115.45px
  Marker 80: mean=23.98px, max=28.53px
  Homography calculated
  RANSAC inliers: 31/44
  Saved: image_05_registered.JPG
  Mean marker error: 34.04px
  Max marker error: 202.76px

image_06.JPG
  Shared markers: [44, 46, 47, 48, 49, 54, 55, 56, 62, 64, 66, 68, 70, 71, 72, 73, 75, 76, 77, 78, 80]
  ArUco scale relative to reference: 1.825x
  Using 84 corresponding points
  Removing bad markers: [44, 54, 56, 68, 78]
  Recalculated using: [46, 47, 48, 49, 55, 62, 64, 66, 70, 71, 72, 73, 75, 76, 77, 80]
  Marker 44: mean=35.47px, max=44.77px
  Marker 46: mean=2.17px, max=3.53px
  Marker 47: mean=2.25px, max=3.24px
  Marker 48: mean=4.34px, max=5.62px
  Marker 49: mean=2.36px, max=3.46px
  Marker 54: mean=12.93px, max=18.68px
  Marker 55: mean=2.06px, max=3.16px
  Marker 56: mean=11.77px, max=17.35px
  Marker 62: mean=8.49px, max=10.80px
  Marker 64: mean=1.92px, max=3.80px
  Marker 66: mean=1.44px, max=2.68px
  Marker 68: mean=11.52px, max=13.94px
  Marker 70: mean=1.62px, max=3.22px
  Marker 71: mean=4.56px, max=5.39px
  Marker 72: mean=2.79px, max=4.15px
  Marker 73: mean=2.26px, max=4.07px
  Marker 75: mean=4.08px, max=5.73px
  Marker 76: mean=3.06px, max=5.70px
  Marker 77: mean=1.64px, max=2.54px
  Marker 78: mean=10.04px, max=13.89px
  Marker 80: mean=2.58px, max=5.02px
  Homography calculated
  RANSAC inliers: 35/64
  Saved: image_06_registered.JPG
  Mean marker error: 6.16px
  Max marker error: 44.77px

image_07.JPG
  Shared markers: [32, 37, 38, 40, 41, 43, 45, 47, 48, 49, 55, 60, 62, 64, 66, 68, 70, 71, 72, 73, 75, 76, 77, 78, 80]
  ArUco scale relative to reference: 1.836x
  Using 100 corresponding points
  Removing bad markers: [32, 37, 38, 40, 41, 43, 45, 60, 62, 68]
  Recalculated using: [47, 48, 49, 55, 64, 66, 70, 71, 72, 73, 75, 76, 77, 78, 80]
  Marker 32: mean=63.50px, max=69.91px
  Marker 37: mean=58.96px, max=64.26px
  Marker 38: mean=58.45px, max=63.62px
  Marker 40: mean=65.36px, max=72.39px
  Marker 41: mean=32.74px, max=37.32px
  Marker 43: mean=49.36px, max=55.76px
  Marker 45: mean=59.62px, max=66.38px
  Marker 47: mean=0.78px, max=1.40px
  Marker 48: mean=2.91px, max=4.23px
  Marker 49: mean=1.16px, max=1.91px
  Marker 55: mean=2.17px, max=4.29px
  Marker 60: mean=27.45px, max=32.08px
  Marker 62: mean=12.95px, max=16.03px
  Marker 64: mean=1.24px, max=2.55px
  Marker 66: mean=1.46px, max=2.55px
  Marker 68: mean=15.85px, max=19.15px
  Marker 70: mean=4.80px, max=6.98px
  Marker 71: mean=3.41px, max=4.11px
  Marker 72: mean=5.71px, max=7.72px
  Marker 73: mean=2.81px, max=4.25px
  Marker 75: mean=1.62px, max=3.30px
  Marker 76: mean=1.90px, max=3.86px
  Marker 77: mean=1.65px, max=2.46px
  Marker 78: mean=8.15px, max=11.97px
  Marker 80: mean=8.80px, max=13.06px
  Homography calculated
  RANSAC inliers: 30/60
  Saved: image_07_registered.JPG
  Mean marker error: 19.71px
  Max marker error: 72.39px

image_08.JPG
  Shared markers: [16, 22, 26, 32, 34, 35, 36, 37, 38, 39, 40, 41, 43, 45, 51, 60, 62, 67, 68, 70, 72]
  ArUco scale relative to reference: 1.841x
  Using 84 corresponding points
  Removing bad markers: [16, 22, 26, 34, 70]
  Recalculated using: [32, 35, 36, 37, 38, 39, 40, 41, 43, 45, 51, 60, 62, 67, 68, 72]
  Marker 16: mean=10.94px, max=14.44px
  Marker 22: mean=22.88px, max=27.78px
  Marker 26: mean=28.25px, max=33.00px
  Marker 32: mean=1.72px, max=3.29px
  Marker 34: mean=10.45px, max=13.86px
  Marker 35: mean=1.37px, max=2.10px
  Marker 36: mean=1.15px, max=1.48px
  Marker 37: mean=1.38px, max=2.76px
  Marker 38: mean=2.55px, max=3.64px
  Marker 39: mean=3.82px, max=5.95px
  Marker 40: mean=3.06px, max=5.54px
  Marker 41: mean=2.45px, max=3.42px
  Marker 43: mean=1.57px, max=2.75px
  Marker 45: mean=1.25px, max=2.11px
  Marker 51: mean=6.79px, max=9.45px
  Marker 60: mean=1.60px, max=2.91px
  Marker 62: mean=5.16px, max=7.93px
  Marker 67: mean=2.44px, max=4.35px
  Marker 68: mean=1.30px, max=2.46px
  Marker 70: mean=12.87px, max=16.80px
  Marker 72: mean=3.91px, max=6.45px
  Homography calculated
  RANSAC inliers: 43/64
  Saved: image_08_registered.JPG
  Mean marker error: 6.04px
  Max marker error: 33.00px

image_09.JPG
  Shared markers: [16, 20, 22, 24, 26, 28, 32, 34, 35, 36, 37, 38, 39, 40, 41, 43, 45, 47, 51, 60, 62, 67, 68, 70, 72]
  ArUco scale relative to reference: 1.853x
  Using 100 corresponding points
  Removing bad markers: [16, 20, 22, 24, 26, 28, 34, 47, 70]
  Recalculated using: [32, 35, 36, 37, 38, 39, 40, 41, 43, 45, 51, 60, 62, 67, 68, 72]
  Marker 16: mean=14.82px, max=18.35px
  Marker 20: mean=44.93px, max=51.45px
  Marker 22: mean=25.55px, max=30.26px
  Marker 24: mean=52.85px, max=59.78px
  Marker 26: mean=29.79px, max=34.79px
  Marker 28: mean=76.14px, max=84.63px
  Marker 32: mean=1.73px, max=3.31px
  Marker 34: mean=14.33px, max=17.69px
  Marker 35: mean=2.55px, max=4.24px
  Marker 36: mean=1.51px, max=2.55px
  Marker 37: mean=1.73px, max=3.36px
  Marker 38: mean=1.69px, max=2.91px
  Marker 39: mean=6.94px, max=9.31px
  Marker 40: mean=6.77px, max=9.38px
  Marker 41: mean=3.31px, max=4.69px
  Marker 43: mean=2.23px, max=4.28px
  Marker 45: mean=1.52px, max=2.42px
  Marker 47: mean=13.97px, max=19.13px
  Marker 51: mean=9.99px, max=13.71px
  Marker 60: mean=2.18px, max=3.59px
  Marker 62: mean=5.80px, max=9.58px
  Marker 67: mean=3.51px, max=6.04px
  Marker 68: mean=2.30px, max=4.29px
  Marker 70: mean=15.64px, max=21.17px
  Marker 72: mean=3.25px, max=6.52px
  Homography calculated
  RANSAC inliers: 33/64
  Saved: image_09_registered.JPG
  Mean marker error: 13.80px
  Max marker error: 84.63px

image_10.JPG
  Shared markers: [8, 9, 11, 12, 13, 14, 15, 16, 20, 22, 24, 26, 27, 28, 29, 34, 35, 37, 39, 40, 65]
  ArUco scale relative to reference: 1.846x
  Using 84 corresponding points
  Removing bad markers: [35, 37, 65]
  Recalculated using: [8, 9, 11, 12, 13, 14, 15, 16, 20, 22, 24, 26, 27, 28, 29, 34, 39, 40]
  Marker 8: mean=2.22px, max=3.54px
  Marker 9: mean=1.79px, max=3.32px
  Marker 11: mean=1.82px, max=3.52px
  Marker 12: mean=1.65px, max=3.20px
  Marker 13: mean=3.59px, max=5.91px
  Marker 14: mean=3.32px, max=5.47px
  Marker 15: mean=2.76px, max=4.09px
  Marker 16: mean=5.37px, max=7.08px
  Marker 20: mean=3.01px, max=4.90px
  Marker 22: mean=3.06px, max=4.91px
  Marker 24: mean=4.66px, max=6.56px
  Marker 26: mean=5.88px, max=7.23px
  Marker 27: mean=1.52px, max=2.95px
  Marker 28: mean=1.65px, max=2.41px
  Marker 29: mean=9.33px, max=12.32px
  Marker 34: mean=2.01px, max=3.30px
  Marker 35: mean=26.15px, max=32.86px
  Marker 37: mean=10.56px, max=15.19px
  Marker 39: mean=8.86px, max=13.24px
  Marker 40: mean=1.88px, max=3.05px
  Marker 65: mean=12.20px, max=15.64px
  Homography calculated
  RANSAC inliers: 40/72
  Saved: image_10_registered.JPG
  Mean marker error: 5.40px
  Max marker error: 32.86px

image_11.JPG
  Shared markers: [8, 9, 10, 11, 12, 13, 14, 15, 16, 19, 20, 21, 22, 23, 24, 25, 26, 27, 28, 29, 31, 42, 46, 54, 65, 74]
  ArUco scale relative to reference: 1.852x
  Using 104 corresponding points
  Removing bad markers: [11, 13, 21, 23, 25, 27, 28, 42, 65]
  Recalculated using: [8, 9, 10, 12, 14, 15, 16, 19, 20, 22, 24, 26, 29, 31, 46, 54, 74]
  Marker 8: mean=4.55px, max=6.65px
  Marker 9: mean=3.70px, max=7.28px
  Marker 10: mean=4.42px, max=6.29px
  Marker 11: mean=12.70px, max=17.80px
  Marker 12: mean=5.84px, max=7.40px
  Marker 13: mean=13.43px, max=18.43px
  Marker 14: mean=2.29px, max=3.22px
  Marker 15: mean=2.20px, max=4.54px
  Marker 16: mean=3.90px, max=6.82px
  Marker 19: mean=2.34px, max=4.66px
  Marker 20: mean=6.27px, max=10.46px
  Marker 21: mean=25.84px, max=31.92px
  Marker 22: mean=3.74px, max=7.17px
  Marker 23: mean=10.40px, max=14.90px
  Marker 24: mean=3.57px, max=7.09px
  Marker 25: mean=10.56px, max=14.93px
  Marker 26: mean=2.81px, max=5.24px
  Marker 27: mean=13.78px, max=19.21px
  Marker 28: mean=13.99px, max=19.33px
  Marker 29: mean=2.26px, max=2.98px
  Marker 31: mean=1.80px, max=3.04px
  Marker 42: mean=10.85px, max=15.00px
  Marker 46: mean=1.42px, max=2.90px
  Marker 54: mean=1.47px, max=2.38px
  Marker 65: mean=36.41px, max=43.66px
  Marker 74: mean=2.79px, max=5.22px
  Homography calculated
  RANSAC inliers: 36/68
  Saved: image_11_registered.JPG
  Mean marker error: 7.82px
  Max marker error: 43.66px

Saved image scales: homographies\drawer_003\image_scales.json

==================================================
Processing drawer_004
==================================================
Reference image: image_01.JPG
Markers: [8, 9, 10, 11, 12, 13, 14, 15, 16, 19, 20, 21, 22, 23, 24, 25, 26, 27, 28, 29, 31, 32, 34, 35, 36, 37, 38, 39, 40, 41, 42, 43, 44, 45, 46, 47, 48, 49, 51, 52, 53, 54, 55, 56, 60, 62, 64, 65, 66, 67, 68, 70, 71, 72, 73, 74, 75, 76, 77, 78, 80]

image_02.JPG
  Shared markers: [8, 9, 10, 12, 14, 19, 21, 23, 25, 29, 31, 42, 44, 46, 47, 48, 52, 53, 54, 55, 56, 64, 68, 71, 72, 73, 74, 75, 76, 77, 80]
  ArUco scale relative to reference: 1.707x
  Using 124 corresponding points
  Removing bad markers: [9, 21, 23, 25, 42, 52, 53, 64, 71, 73, 76, 77]
  Recalculated using: [8, 10, 12, 14, 19, 29, 31, 44, 46, 47, 48, 54, 55, 56, 68, 72, 74, 75, 80]
  Marker 8: mean=3.27px, max=5.93px
  Marker 9: mean=11.12px, max=16.76px
  Marker 10: mean=3.55px, max=6.12px
  Marker 12: mean=4.94px, max=7.22px
  Marker 14: mean=4.22px, max=8.28px
  Marker 19: mean=5.39px, max=9.11px
  Marker 21: mean=31.32px, max=39.18px
  Marker 23: mean=15.28px, max=20.90px
  Marker 25: mean=13.06px, max=18.68px
  Marker 29: mean=3.44px, max=6.59px
  Marker 31: mean=2.73px, max=5.50px
  Marker 42: mean=11.07px, max=16.22px
  Marker 44: mean=2.75px, max=5.64px
  Marker 46: mean=4.90px, max=6.13px
  Marker 47: mean=3.01px, max=5.11px
  Marker 48: mean=1.98px, max=3.13px
  Marker 52: mean=11.19px, max=16.38px
  Marker 53: mean=29.53px, max=37.28px
  Marker 54: mean=4.22px, max=5.99px
  Marker 55: mean=2.15px, max=4.37px
  Marker 56: mean=2.16px, max=3.55px
  Marker 64: mean=35.04px, max=41.97px
  Marker 68: mean=4.58px, max=7.92px
  Marker 71: mean=11.92px, max=16.10px
  Marker 72: mean=2.25px, max=3.15px
  Marker 73: mean=12.82px, max=17.79px
  Marker 74: mean=2.02px, max=3.91px
  Marker 75: mean=4.04px, max=5.54px
  Marker 76: mean=30.71px, max=37.73px
  Marker 77: mean=10.51px, max=15.13px
  Marker 80: mean=1.99px, max=3.54px
  Homography calculated
  RANSAC inliers: 41/76
  Saved: image_02_registered.JPG
  Mean marker error: 9.26px
  Max marker error: 41.97px

image_03.JPG
  Shared markers: [8, 9, 10, 11, 12, 13, 14, 15, 16, 19, 20, 22, 24, 26, 27, 28, 29, 32, 34, 35, 36, 37, 38, 39, 40, 41, 45, 47, 65, 67, 68, 72]
  ArUco scale relative to reference: 1.719x
  Using 128 corresponding points
  Removing bad markers: [19, 32, 34, 35, 36, 37, 38, 39, 40, 41, 45, 47, 65, 67, 68, 72]
  Recalculated using: [8, 9, 10, 11, 12, 13, 14, 15, 16, 20, 22, 24, 26, 27, 28, 29]
  Marker 8: mean=4.32px, max=4.82px
  Marker 9: mean=1.46px, max=1.99px
  Marker 10: mean=7.07px, max=9.29px
  Marker 11: mean=1.42px, max=2.54px
  Marker 12: mean=0.97px, max=1.53px
  Marker 13: mean=1.24px, max=1.92px
  Marker 14: mean=1.26px, max=2.63px
  Marker 15: mean=4.79px, max=5.26px
  Marker 16: mean=3.25px, max=5.95px
  Marker 19: mean=18.56px, max=22.05px
  Marker 20: mean=1.70px, max=2.78px
  Marker 22: mean=4.36px, max=7.06px
  Marker 24: mean=2.90px, max=4.37px
  Marker 26: mean=1.47px, max=2.75px
  Marker 27: mean=1.45px, max=2.38px
  Marker 28: mean=1.57px, max=2.38px
  Marker 29: mean=7.86px, max=10.23px
  Marker 32: mean=82.27px, max=92.03px
  Marker 34: mean=11.56px, max=15.28px
  Marker 35: mean=42.56px, max=49.30px
  Marker 36: mean=72.02px, max=81.18px
  Marker 37: mean=26.08px, max=31.38px
  Marker 38: mean=48.35px, max=55.63px
  Marker 39: mean=23.72px, max=28.78px
  Marker 40: mean=12.29px, max=16.14px
  Marker 41: mean=96.00px, max=105.61px
  Marker 45: mean=111.92px, max=123.68px
  Marker 47: mean=104.05px, max=115.64px
  Marker 65: mean=11.67px, max=14.32px
  Marker 67: mean=114.03px, max=126.29px
  Marker 68: mean=90.83px, max=99.34px
  Marker 72: mean=93.58px, max=103.51px
  Homography calculated
  RANSAC inliers: 36/64
  Saved: image_03_registered.JPG
  Mean marker error: 31.46px
  Max marker error: 126.29px

image_04.JPG
  Shared markers: [8, 10, 12, 14, 19, 21, 23, 25, 29, 31, 42, 44, 46, 48, 52, 53, 54, 55, 56, 74, 75, 77, 80]
  ArUco scale relative to reference: 1.700x
  Using 92 corresponding points
  Removing bad markers: [8, 14, 48, 55, 77]
  Recalculated using: [10, 12, 19, 21, 23, 25, 29, 31, 42, 44, 46, 52, 53, 54, 56, 74, 75, 80]
  Marker 8: mean=17.05px, max=20.86px
  Marker 10: mean=0.92px, max=1.70px
  Marker 12: mean=6.00px, max=8.40px
  Marker 14: mean=14.45px, max=18.20px
  Marker 19: mean=1.06px, max=1.80px
  Marker 21: mean=2.78px, max=5.17px
  Marker 23: mean=1.14px, max=1.73px
  Marker 25: mean=1.62px, max=2.80px
  Marker 29: mean=5.15px, max=7.55px
  Marker 31: mean=2.52px, max=3.36px
  Marker 42: mean=1.63px, max=2.86px
  Marker 44: mean=1.26px, max=2.13px
  Marker 46: mean=1.18px, max=2.39px
  Marker 48: mean=25.04px, max=29.86px
  Marker 52: mean=1.21px, max=1.85px
  Marker 53: mean=2.88px, max=5.17px
  Marker 54: mean=1.90px, max=2.84px
  Marker 55: mean=17.94px, max=22.28px
  Marker 56: mean=1.57px, max=2.88px
  Marker 74: mean=2.67px, max=3.52px
  Marker 75: mean=7.55px, max=10.33px
  Marker 77: mean=45.79px, max=52.68px
  Marker 80: mean=6.20px, max=8.89px
  Homography calculated
  RANSAC inliers: 48/72
  Saved: image_04_registered.JPG
  Mean marker error: 7.37px
  Max marker error: 52.68px

image_05.JPG
  Shared markers: [8, 10, 12, 25, 31, 42, 44, 46, 47, 48, 49, 52, 53, 54, 55, 56, 62, 64, 66, 68, 70, 71, 72, 73, 74, 75, 76, 77, 78, 80]
  ArUco scale relative to reference: 1.715x
  Using 120 corresponding points
  Removing bad markers: [25, 31, 42, 49, 52, 53, 64, 66, 76, 78]
  Recalculated using: [8, 10, 12, 44, 46, 47, 48, 54, 55, 56, 62, 68, 70, 71, 72, 73, 74, 75, 77, 80]
  Marker 8: mean=7.10px, max=12.60px
  Marker 10: mean=3.73px, max=7.43px
  Marker 12: mean=3.50px, max=6.11px
  Marker 25: mean=23.31px, max=30.17px
  Marker 31: mean=10.04px, max=15.02px
  Marker 42: mean=19.47px, max=25.63px
  Marker 44: mean=6.64px, max=10.70px
  Marker 46: mean=2.86px, max=4.22px
  Marker 47: mean=2.01px, max=3.20px
  Marker 48: mean=1.80px, max=2.94px
  Marker 49: mean=10.78px, max=14.34px
  Marker 52: mean=18.41px, max=24.41px
  Marker 53: mean=41.29px, max=50.34px
  Marker 54: mean=1.91px, max=3.24px
  Marker 55: mean=2.05px, max=3.78px
  Marker 56: mean=2.05px, max=4.15px
  Marker 62: mean=9.65px, max=13.47px
  Marker 64: mean=24.29px, max=30.15px
  Marker 66: mean=26.14px, max=31.68px
  Marker 68: mean=2.62px, max=4.89px
  Marker 70: mean=8.13px, max=10.88px
  Marker 71: mean=6.21px, max=9.88px
  Marker 72: mean=2.15px, max=4.13px
  Marker 73: mean=8.27px, max=12.41px
  Marker 74: mean=5.82px, max=9.81px
  Marker 75: mean=3.10px, max=4.38px
  Marker 76: mean=21.77px, max=27.57px
  Marker 77: mean=7.24px, max=11.26px
  Marker 78: mean=46.70px, max=54.66px
  Marker 80: mean=1.83px, max=2.11px
  Homography calculated
  RANSAC inliers: 31/80
  Saved: image_05_registered.JPG
  Mean marker error: 11.03px
  Max marker error: 54.66px

image_06.JPG
  Shared markers: [46, 47, 48, 49, 54, 55, 56, 62, 64, 66, 68, 70, 71, 72, 73, 75, 76, 77, 78, 80]
  ArUco scale relative to reference: 1.689x
  Using 80 corresponding points
  Removing bad markers: [54, 78]
  Recalculated using: [46, 47, 48, 49, 55, 56, 62, 64, 66, 68, 70, 71, 72, 73, 75, 76, 77, 80]
  Marker 46: mean=1.91px, max=3.88px
  Marker 47: mean=5.78px, max=6.97px
  Marker 48: mean=3.21px, max=4.22px
  Marker 49: mean=2.95px, max=4.39px
  Marker 54: mean=11.90px, max=16.13px
  Marker 55: mean=1.42px, max=2.28px
  Marker 56: mean=9.57px, max=13.45px
  Marker 62: mean=3.23px, max=6.13px
  Marker 64: mean=2.63px, max=5.35px
  Marker 66: mean=2.47px, max=5.10px
  Marker 68: mean=2.88px, max=5.56px
  Marker 70: mean=1.62px, max=2.98px
  Marker 71: mean=4.95px, max=6.37px
  Marker 72: mean=3.56px, max=5.34px
  Marker 73: mean=1.83px, max=3.60px
  Marker 75: mean=1.90px, max=3.09px
  Marker 76: mean=3.42px, max=6.13px
  Marker 77: mean=1.40px, max=2.22px
  Marker 78: mean=11.32px, max=15.40px
  Marker 80: mean=2.13px, max=3.99px
  Homography calculated
  RANSAC inliers: 43/72
  Saved: image_06_registered.JPG
  Mean marker error: 4.00px
  Max marker error: 16.13px

image_07.JPG
  Shared markers: [16, 32, 34, 35, 36, 37, 38, 39, 40, 41, 43, 45, 46, 47, 48, 49, 51, 55, 60, 62, 64, 66, 67, 68, 70, 71, 72, 73, 75, 76, 77, 78, 80]
  ArUco scale relative to reference: 1.705x
  Using 132 corresponding points
  Removing bad markers: [51, 64, 66, 67, 76, 78]
  Recalculated using: [16, 32, 34, 35, 36, 37, 38, 39, 40, 41, 43, 45, 46, 47, 48, 49, 55, 60, 62, 68, 70, 71, 72, 73, 75, 77, 80]
  Marker 16: mean=2.09px, max=3.68px
  Marker 32: mean=3.44px, max=6.89px
  Marker 34: mean=2.87px, max=5.90px
  Marker 35: mean=2.13px, max=3.28px
  Marker 36: mean=5.94px, max=9.67px
  Marker 37: mean=5.67px, max=7.45px
  Marker 38: mean=3.25px, max=5.77px
  Marker 39: mean=2.11px, max=2.54px
  Marker 40: mean=4.89px, max=7.07px
  Marker 41: mean=3.68px, max=6.46px
  Marker 43: mean=6.34px, max=10.63px
  Marker 45: mean=6.57px, max=10.94px
  Marker 46: mean=3.83px, max=6.27px
  Marker 47: mean=7.67px, max=9.63px
  Marker 48: mean=2.57px, max=4.71px
  Marker 49: mean=2.19px, max=3.80px
  Marker 51: mean=27.21px, max=33.39px
  Marker 55: mean=2.74px, max=4.64px
  Marker 60: mean=2.33px, max=4.30px
  Marker 62: mean=4.41px, max=6.59px
  Marker 64: mean=14.36px, max=19.88px
  Marker 66: mean=12.64px, max=18.01px
  Marker 67: mean=15.70px, max=20.65px
  Marker 68: mean=8.19px, max=10.15px
  Marker 70: mean=3.92px, max=6.40px
  Marker 71: mean=2.57px, max=4.92px
  Marker 72: mean=9.18px, max=10.80px
  Marker 73: mean=4.30px, max=8.11px
  Marker 75: mean=3.23px, max=5.24px
  Marker 76: mean=15.76px, max=21.47px
  Marker 77: mean=5.24px, max=9.15px
  Marker 78: mean=33.20px, max=41.19px
  Marker 80: mean=4.71px, max=8.44px
  Homography calculated
  RANSAC inliers: 47/108
  Saved: image_07_registered.JPG
  Mean marker error: 7.12px
  Max marker error: 41.19px

image_08.JPG
  Shared markers: [16, 20, 22, 26, 32, 34, 35, 36, 37, 38, 39, 40, 41, 43, 45, 51, 60, 62, 67, 68, 72]
  ArUco scale relative to reference: 1.710x
  Using 84 corresponding points
  Removing bad markers: [20, 22, 26, 51]
  Recalculated using: [16, 32, 34, 35, 36, 37, 38, 39, 40, 41, 43, 45, 60, 62, 67, 68, 72]
  Marker 16: mean=5.44px, max=8.31px
  Marker 20: mean=27.96px, max=32.94px
  Marker 22: mean=13.32px, max=17.01px
  Marker 26: mean=15.84px, max=19.64px
  Marker 32: mean=1.50px, max=2.23px
  Marker 34: mean=6.07px, max=8.65px
  Marker 35: mean=1.45px, max=1.94px
  Marker 36: mean=1.80px, max=3.59px
  Marker 37: mean=1.89px, max=3.61px
  Marker 38: mean=2.36px, max=3.87px
  Marker 39: mean=2.29px, max=4.01px
  Marker 40: mean=1.66px, max=2.88px
  Marker 41: mean=2.04px, max=3.58px
  Marker 43: mean=3.30px, max=5.66px
  Marker 45: mean=2.30px, max=4.61px
  Marker 51: mean=11.72px, max=15.15px
  Marker 60: mean=1.99px, max=3.50px
  Marker 62: mean=3.64px, max=6.41px
  Marker 67: mean=5.87px, max=8.39px
  Marker 68: mean=2.13px, max=3.86px
  Marker 72: mean=1.70px, max=3.42px
  Homography calculated
  RANSAC inliers: 43/68
  Saved: image_08_registered.JPG
  Mean marker error: 5.54px
  Max marker error: 32.94px

image_09.JPG
  Shared markers: [8, 11, 12, 13, 15, 16, 20, 22, 24, 26, 27, 28, 32, 34, 35, 36, 37, 38, 39, 40, 41, 43, 45, 51, 60, 67, 68, 72]
  ArUco scale relative to reference: 1.719x
  Using 112 corresponding points
  Removing bad markers: [8, 11, 12, 13, 15, 16, 20, 22, 24, 26, 27, 28, 34, 39, 40]
  Recalculated using: [32, 35, 36, 37, 38, 41, 43, 45, 51, 60, 67, 68, 72]
  Marker 8: mean=163.13px, max=175.92px
  Marker 11: mean=164.35px, max=176.35px
  Marker 12: mean=180.49px, max=195.88px
  Marker 13: mean=196.71px, max=208.75px
  Marker 15: mean=158.57px, max=169.47px
  Marker 16: mean=25.13px, max=30.19px
  Marker 20: mean=70.79px, max=79.29px
  Marker 22: mean=40.68px, max=47.03px
  Marker 24: mean=84.68px, max=93.69px
  Marker 26: mean=49.50px, max=56.37px
  Marker 27: mean=138.54px, max=149.91px
  Marker 28: mean=114.53px, max=125.52px
  Marker 32: mean=1.21px, max=2.28px
  Marker 34: mean=22.40px, max=27.11px
  Marker 35: mean=4.98px, max=7.29px
  Marker 36: mean=2.15px, max=3.49px
  Marker 37: mean=3.82px, max=6.33px
  Marker 38: mean=1.36px, max=1.87px
  Marker 39: mean=11.00px, max=14.39px
  Marker 40: mean=11.33px, max=15.02px
  Marker 41: mean=2.59px, max=3.26px
  Marker 43: mean=1.31px, max=1.94px
  Marker 45: mean=1.78px, max=2.92px
  Marker 51: mean=3.44px, max=5.71px
  Marker 60: mean=1.79px, max=3.25px
  Marker 67: mean=1.65px, max=2.72px
  Marker 68: mean=1.30px, max=2.33px
  Marker 72: mean=8.47px, max=11.65px
  Homography calculated
  RANSAC inliers: 35/52
  Saved: image_09_registered.JPG
  Mean marker error: 52.42px
  Max marker error: 208.75px

image_10.JPG
  Shared markers: [8, 9, 11, 12, 13, 14, 15, 16, 20, 22, 24, 26, 27, 28, 29, 34, 35, 37, 39, 40, 65]
  ArUco scale relative to reference: 1.713x
  Using 84 corresponding points
  Removing bad markers: [29, 34, 35, 37, 39, 40]
  Recalculated using: [8, 9, 11, 12, 13, 14, 15, 16, 20, 22, 24, 26, 27, 28, 65]
  Marker 8: mean=0.63px, max=1.10px
  Marker 9: mean=1.30px, max=2.55px
  Marker 11: mean=0.97px, max=1.87px
  Marker 12: mean=4.89px, max=6.59px
  Marker 13: mean=1.23px, max=2.38px
  Marker 14: mean=4.77px, max=6.46px
  Marker 15: mean=2.09px, max=3.08px
  Marker 16: mean=3.20px, max=5.73px
  Marker 20: mean=1.95px, max=3.56px
  Marker 22: mean=4.61px, max=7.16px
  Marker 24: mean=1.45px, max=2.82px
  Marker 26: mean=1.57px, max=1.91px
  Marker 27: mean=1.21px, max=1.73px
  Marker 28: mean=1.44px, max=2.56px
  Marker 29: mean=11.65px, max=14.30px
  Marker 34: mean=10.91px, max=14.51px
  Marker 35: mean=44.20px, max=51.78px
  Marker 37: mean=25.93px, max=31.60px
  Marker 39: mean=22.94px, max=28.12px
  Marker 40: mean=11.47px, max=15.29px
  Marker 65: mean=5.35px, max=7.28px
  Homography calculated
  RANSAC inliers: 41/60
  Saved: image_10_registered.JPG
  Mean marker error: 7.80px
  Max marker error: 51.78px

image_11.JPG
  Shared markers: [8, 9, 10, 11, 12, 13, 14, 15, 16, 19, 20, 21, 22, 23, 24, 25, 26, 27, 28, 29, 31, 34, 40, 42, 46, 54, 65, 74]
  ArUco scale relative to reference: 1.707x
  Using 112 corresponding points
  Removing bad markers: [11, 13, 21, 23, 25, 27, 28, 42, 65]
  Recalculated using: [8, 9, 10, 12, 14, 15, 16, 19, 20, 22, 24, 26, 29, 31, 34, 40, 46, 54, 74]
  Marker 8: mean=4.26px, max=6.26px
  Marker 9: mean=3.48px, max=6.86px
  Marker 10: mean=3.95px, max=6.07px
  Marker 11: mean=11.37px, max=15.69px
  Marker 12: mean=5.50px, max=7.13px
  Marker 13: mean=12.12px, max=16.49px
  Marker 14: mean=2.27px, max=2.73px
  Marker 15: mean=2.11px, max=4.36px
  Marker 16: mean=2.50px, max=4.70px
  Marker 19: mean=2.77px, max=5.53px
  Marker 20: mean=5.95px, max=9.41px
  Marker 21: mean=28.44px, max=34.81px
  Marker 22: mean=3.53px, max=6.46px
  Marker 23: mean=11.87px, max=16.38px
  Marker 24: mean=3.36px, max=6.66px
  Marker 25: mean=11.98px, max=16.63px
  Marker 26: mean=2.32px, max=3.67px
  Marker 27: mean=12.23px, max=16.85px
  Marker 28: mean=12.36px, max=16.86px
  Marker 29: mean=2.25px, max=2.58px
  Marker 31: mean=2.12px, max=4.05px
  Marker 34: mean=5.32px, max=9.17px
  Marker 40: mean=2.76px, max=5.01px
  Marker 42: mean=12.27px, max=16.51px
  Marker 46: mean=0.92px, max=2.02px
  Marker 54: mean=1.38px, max=2.18px
  Marker 65: mean=31.53px, max=37.89px
  Marker 74: mean=3.50px, max=6.07px
  Homography calculated
  RANSAC inliers: 43/76
  Saved: image_11_registered.JPG
  Mean marker error: 7.30px
  Max marker error: 37.89px

Saved image scales: homographies\drawer_004\image_scales.json

==================================================
Processing drawer_005
==================================================
Reference image: image_01.JPG
Markers: [8, 9, 10, 11, 12, 13, 14, 15, 16, 19, 20, 21, 22, 23, 24, 25, 26, 27, 28, 29, 31, 32, 34, 35, 36, 37, 38, 39, 40, 41, 42, 43, 44, 45, 46, 47, 48, 49, 51, 52, 53, 54, 55, 56, 60, 62, 64, 65, 66, 67, 68, 70, 71, 72, 73, 74, 75, 76, 77, 78, 80]

image_02.JPG
  Shared markers: [8, 11, 15, 16, 20, 22, 24, 26, 27, 28, 32, 34, 35, 36, 37, 38, 39, 40, 41, 43, 45, 47, 49, 60, 62, 68, 70, 72]
  ArUco scale relative to reference: 1.779x
  Using 112 corresponding points
  Removing bad markers: [8, 11, 15, 20, 22, 24, 26, 27, 28, 47, 49, 70]
  Recalculated using: [16, 32, 34, 35, 36, 37, 38, 39, 40, 41, 43, 45, 60, 62, 68, 72]
  Marker 8: mean=98.48px, max=107.41px
  Marker 11: mean=113.90px, max=125.57px
  Marker 15: mean=100.36px, max=108.61px
  Marker 16: mean=7.94px, max=11.48px
  Marker 20: mean=42.21px, max=49.80px
  Marker 22: mean=20.13px, max=25.34px
  Marker 24: mean=50.52px, max=58.41px
  Marker 26: mean=24.18px, max=29.74px
  Marker 27: mean=95.80px, max=107.04px
  Marker 28: mean=78.25px, max=88.59px
  Marker 32: mean=1.95px, max=3.81px
  Marker 34: mean=8.47px, max=12.15px
  Marker 35: mean=1.84px, max=2.09px
  Marker 36: mean=2.00px, max=3.29px
  Marker 37: mean=2.58px, max=4.17px
  Marker 38: mean=3.44px, max=4.76px
  Marker 39: mean=2.51px, max=4.92px
  Marker 40: mean=1.77px, max=3.14px
  Marker 41: mean=4.01px, max=5.25px
  Marker 43: mean=2.11px, max=4.27px
  Marker 45: mean=1.65px, max=3.32px
  Marker 47: mean=10.83px, max=14.11px
  Marker 49: mean=25.55px, max=31.02px
  Marker 60: mean=1.60px, max=2.18px
  Marker 62: mean=2.58px, max=4.99px
  Marker 68: mean=3.04px, max=4.25px
  Marker 70: mean=10.18px, max=13.89px
  Marker 72: mean=1.97px, max=3.88px
  Homography calculated
  RANSAC inliers: 35/64
  Saved: image_02_registered.JPG
  Mean marker error: 25.71px
  Max marker error: 125.57px

image_03.JPG
  Shared markers: [8, 10, 12, 25, 31, 42, 44, 46, 47, 48, 54, 55, 56, 64, 68, 71, 72, 73, 74, 75, 76, 77, 80]
  ArUco scale relative to reference: 1.797x
  Using 92 corresponding points
  Removing bad markers: [25, 42, 64, 71, 73, 76, 77]
  Recalculated using: [8, 10, 12, 31, 44, 46, 47, 48, 54, 55, 56, 68, 72, 74, 75, 80]
  Marker 8: mean=3.51px, max=6.36px
  Marker 10: mean=3.19px, max=5.15px
  Marker 12: mean=4.14px, max=7.29px
  Marker 25: mean=23.62px, max=31.11px
  Marker 31: mean=7.13px, max=12.60px
  Marker 42: mean=21.73px, max=28.81px
  Marker 44: mean=9.50px, max=14.50px
  Marker 46: mean=4.02px, max=6.69px
  Marker 47: mean=2.67px, max=5.34px
  Marker 48: mean=2.82px, max=5.79px
  Marker 54: mean=2.74px, max=4.81px
  Marker 55: mean=4.49px, max=8.47px
  Marker 56: mean=3.49px, max=7.10px
  Marker 64: mean=35.54px, max=42.71px
  Marker 68: mean=2.63px, max=5.54px
  Marker 71: mean=11.60px, max=16.33px
  Marker 72: mean=2.15px, max=2.30px
  Marker 73: mean=15.12px, max=20.99px
  Marker 74: mean=7.03px, max=12.23px
  Marker 75: mean=3.36px, max=6.23px
  Marker 76: mean=33.27px, max=41.21px
  Marker 77: mean=13.98px, max=19.49px
  Marker 80: mean=3.10px, max=4.64px
  Homography calculated
  RANSAC inliers: 28/64
  Saved: image_03_registered.JPG
  Mean marker error: 9.60px
  Max marker error: 42.71px

image_04.JPG
  Shared markers: [16, 20, 22, 26, 32, 34, 35, 36, 37, 38, 39, 40, 41, 43, 45, 51, 60, 62, 67, 68, 70, 72]
  ArUco scale relative to reference: 1.773x
  Using 88 corresponding points
  Removing bad markers: [20, 26, 51]
  Recalculated using: [16, 22, 32, 34, 35, 36, 37, 38, 39, 40, 41, 43, 45, 60, 62, 67, 68, 70, 72]
  Marker 16: mean=2.29px, max=4.36px
  Marker 20: mean=26.78px, max=31.54px
  Marker 22: mean=9.74px, max=13.03px
  Marker 26: mean=13.07px, max=16.48px
  Marker 32: mean=2.10px, max=4.06px
  Marker 34: mean=2.52px, max=4.69px
  Marker 35: mean=1.93px, max=3.06px
  Marker 36: mean=1.55px, max=2.77px
  Marker 37: mean=3.20px, max=4.23px
  Marker 38: mean=3.84px, max=4.95px
  Marker 39: mean=1.36px, max=2.43px
  Marker 40: mean=1.56px, max=2.70px
  Marker 41: mean=3.55px, max=5.07px
  Marker 43: mean=2.10px, max=4.01px
  Marker 45: mean=1.66px, max=2.87px
  Marker 51: mean=11.49px, max=15.66px
  Marker 60: mean=1.85px, max=2.15px
  Marker 62: mean=2.26px, max=4.58px
  Marker 67: mean=4.09px, max=6.96px
  Marker 68: mean=3.62px, max=5.08px
  Marker 70: mean=8.47px, max=12.62px
  Marker 72: mean=1.71px, max=2.87px
  Homography calculated
  RANSAC inliers: 48/76
  Saved: image_04_registered.JPG
  Mean marker error: 5.03px
  Max marker error: 31.54px

image_05.JPG
  Shared markers: [8, 11, 12, 15, 16, 20, 22, 24, 26, 27, 28, 32, 34, 35, 36, 37, 38, 39, 40, 41, 45, 67, 68, 72]
  ArUco scale relative to reference: 1.783x
  Using 96 corresponding points
  Removing bad markers: [11, 27, 28, 32, 36, 41, 45, 67]
  Recalculated using: [8, 12, 15, 16, 20, 22, 24, 26, 34, 35, 37, 38, 39, 40, 68, 72]
  Marker 8: mean=2.45px, max=4.60px
  Marker 11: mean=18.63px, max=23.85px
  Marker 12: mean=2.57px, max=5.36px
  Marker 15: mean=7.36px, max=11.00px
  Marker 16: mean=4.10px, max=5.46px
  Marker 20: mean=3.79px, max=7.11px
  Marker 22: mean=1.99px, max=2.39px
  Marker 24: mean=2.95px, max=5.99px
  Marker 26: mean=2.52px, max=4.35px
  Marker 27: mean=16.14px, max=21.33px
  Marker 28: mean=13.42px, max=18.39px
  Marker 32: mean=15.22px, max=21.00px
  Marker 34: mean=1.94px, max=2.37px
  Marker 35: mean=5.41px, max=9.14px
  Marker 36: mean=15.34px, max=20.92px
  Marker 37: mean=2.19px, max=3.77px
  Marker 38: mean=3.86px, max=7.36px
  Marker 39: mean=2.05px, max=3.68px
  Marker 40: mean=3.06px, max=4.67px
  Marker 41: mean=11.52px, max=16.78px
  Marker 45: mean=25.48px, max=32.77px
  Marker 67: mean=34.06px, max=41.99px
  Marker 68: mean=4.72px, max=8.87px
  Marker 72: mean=4.03px, max=7.95px
  Homography calculated
  RANSAC inliers: 29/64
  Saved: image_05_registered.JPG
  Mean marker error: 8.53px
  Max marker error: 41.99px

image_06.JPG
  Shared markers: [8, 9, 10, 11, 12, 13, 14, 15, 16, 20, 22, 24, 26, 27, 28, 29, 34, 35, 37, 39, 40, 65]
  ArUco scale relative to reference: 1.771x
  Using 88 corresponding points
  Removing bad markers: [10, 29, 35, 37, 39, 40]
  Recalculated using: [8, 9, 11, 12, 13, 14, 15, 16, 20, 22, 24, 26, 27, 28, 34, 65]
  Marker 8: mean=1.70px, max=3.35px
  Marker 9: mean=1.75px, max=3.28px
  Marker 10: mean=23.59px, max=28.03px
  Marker 11: mean=1.59px, max=2.59px
  Marker 12: mean=9.52px, max=12.28px
  Marker 13: mean=1.08px, max=1.39px
  Marker 14: mean=7.53px, max=10.07px
  Marker 15: mean=1.85px, max=3.04px
  Marker 16: mean=3.56px, max=5.24px
  Marker 20: mean=1.31px, max=2.19px
  Marker 22: mean=3.69px, max=5.55px
  Marker 24: mean=1.35px, max=2.29px
  Marker 26: mean=1.01px, max=1.69px
  Marker 27: mean=1.22px, max=2.20px
  Marker 28: mean=0.97px, max=1.24px
  Marker 29: mean=19.65px, max=23.74px
  Marker 34: mean=9.34px, max=12.42px
  Marker 35: mean=44.90px, max=52.64px
  Marker 37: mean=27.35px, max=32.52px
  Marker 39: mean=21.44px, max=26.24px
  Marker 40: mean=11.60px, max=14.76px
  Marker 65: mean=2.32px, max=4.01px
  Homography calculated
  RANSAC inliers: 44/64
  Saved: image_06_registered.JPG
  Mean marker error: 9.01px
  Max marker error: 52.64px

image_07.JPG
  Shared markers: [8, 9, 10, 11, 12, 13, 14, 15, 16, 19, 20, 21, 22, 23, 24, 25, 26, 27, 28, 29, 31, 34, 42, 44, 46, 52, 53, 54, 56, 65, 74]
  ArUco scale relative to reference: 1.782x
  Using 124 corresponding points
  Removing bad markers: [8, 9, 11, 13, 14, 15, 16, 20, 22, 24, 26, 27, 28, 34, 65]
  Recalculated using: [10, 12, 19, 21, 23, 25, 29, 31, 42, 44, 46, 52, 53, 54, 56, 74]
  Marker 8: mean=19.72px, max=24.18px
  Marker 9: mean=34.45px, max=40.60px
  Marker 10: mean=2.53px, max=4.52px
  Marker 11: mean=68.52px, max=77.56px
  Marker 12: mean=8.67px, max=11.67px
  Marker 13: mean=60.32px, max=68.58px
  Marker 14: mean=18.59px, max=23.07px
  Marker 15: mean=37.95px, max=44.53px
  Marker 16: mean=66.05px, max=74.76px
  Marker 19: mean=3.26px, max=5.13px
  Marker 20: mean=79.69px, max=87.82px
  Marker 21: mean=2.04px, max=3.91px
  Marker 22: mean=81.71px, max=91.07px
  Marker 23: mean=1.53px, max=2.33px
  Marker 24: mean=66.04px, max=73.91px
  Marker 25: mean=1.21px, max=2.26px
  Marker 26: mean=63.46px, max=70.40px
  Marker 27: mean=78.81px, max=88.46px
  Marker 28: mean=86.80px, max=96.45px
  Marker 29: mean=9.06px, max=12.24px
  Marker 31: mean=1.31px, max=2.23px
  Marker 34: mean=95.96px, max=108.68px
  Marker 42: mean=1.61px, max=2.53px
  Marker 44: mean=1.26px, max=2.23px
  Marker 46: mean=8.01px, max=10.53px
  Marker 52: mean=1.02px, max=1.14px
  Marker 53: mean=1.83px, max=3.27px
  Marker 54: mean=1.20px, max=2.28px
  Marker 56: mean=6.65px, max=9.02px
  Marker 65: mean=111.65px, max=124.10px
  Marker 74: mean=2.31px, max=3.17px
  Homography calculated
  RANSAC inliers: 38/64
  Saved: image_07_registered.JPG
  Mean marker error: 33.01px
  Max marker error: 124.10px

image_08.JPG
  Shared markers: [10, 12, 14, 19, 21, 23, 25, 29, 31, 42, 44, 46, 48, 52, 53, 54, 55, 56, 74, 75, 77, 80]
  ArUco scale relative to reference: 1.784x
  Using 88 corresponding points
  Removing bad markers: [14, 48, 55, 75, 77]
  Recalculated using: [10, 12, 19, 21, 23, 25, 29, 31, 42, 44, 46, 52, 53, 54, 56, 74, 80]
  Marker 10: mean=1.55px, max=2.81px
  Marker 12: mean=7.18px, max=9.60px
  Marker 14: mean=15.60px, max=19.54px
  Marker 19: mean=1.60px, max=3.07px
  Marker 21: mean=2.17px, max=4.34px
  Marker 23: mean=1.38px, max=1.85px
  Marker 25: mean=1.80px, max=3.20px
  Marker 29: mean=6.63px, max=9.36px
  Marker 31: mean=2.25px, max=3.30px
  Marker 42: mean=1.78px, max=3.12px
  Marker 44: mean=1.43px, max=1.87px
  Marker 46: mean=2.20px, max=4.46px
  Marker 48: mean=30.20px, max=35.98px
  Marker 52: mean=1.40px, max=1.79px
  Marker 53: mean=2.31px, max=4.26px
  Marker 54: mean=2.03px, max=3.70px
  Marker 55: mean=23.24px, max=28.41px
  Marker 56: mean=2.89px, max=5.29px
  Marker 74: mean=3.15px, max=4.43px
  Marker 75: mean=10.74px, max=14.60px
  Marker 77: mean=53.03px, max=60.27px
  Marker 80: mean=9.65px, max=13.34px
  Homography calculated
  RANSAC inliers: 40/68
  Saved: image_08_registered.JPG
  Mean marker error: 8.37px
  Max marker error: 60.27px

image_09.JPG
  Shared markers: [10, 12, 14, 19, 21, 23, 25, 29, 31, 42, 44, 46, 47, 48, 52, 53, 54, 55, 56, 64, 71, 73, 74, 75, 76, 77, 80]
  ArUco scale relative to reference: 1.801x
  Using 108 corresponding points
  Removing bad markers: [14, 47, 48, 55, 64, 71, 73, 75, 76, 77, 80]
  Recalculated using: [10, 12, 19, 21, 23, 25, 29, 31, 42, 44, 46, 52, 53, 54, 56, 74]
  Marker 10: mean=1.86px, max=3.42px
  Marker 12: mean=9.59px, max=13.09px
  Marker 14: mean=22.70px, max=28.48px
  Marker 19: mean=2.08px, max=3.98px
  Marker 21: mean=2.04px, max=3.89px
  Marker 23: mean=1.71px, max=2.66px
  Marker 25: mean=2.91px, max=4.41px
  Marker 29: mean=9.18px, max=12.97px
  Marker 31: mean=3.03px, max=4.41px
  Marker 42: mean=2.90px, max=4.25px
  Marker 44: mean=1.66px, max=1.99px
  Marker 46: mean=3.85px, max=6.66px
  Marker 47: mean=123.94px, max=135.11px
  Marker 48: mean=37.18px, max=43.70px
  Marker 52: mean=1.45px, max=2.52px
  Marker 53: mean=1.81px, max=3.38px
  Marker 54: mean=1.85px, max=3.38px
  Marker 55: mean=28.54px, max=34.27px
  Marker 56: mean=4.24px, max=7.02px
  Marker 64: mean=137.16px, max=148.27px
  Marker 71: mean=119.08px, max=127.64px
  Marker 73: mean=77.58px, max=86.68px
  Marker 74: mean=3.46px, max=4.85px
  Marker 75: mean=14.80px, max=19.18px
  Marker 76: mean=111.22px, max=122.47px
  Marker 77: mean=60.41px, max=68.52px
  Marker 80: mean=12.68px, max=16.87px
  Homography calculated
  RANSAC inliers: 39/64
  Saved: image_09_registered.JPG
  Mean marker error: 29.59px
  Max marker error: 148.27px

image_10.JPG
  Shared markers: [44, 46, 47, 48, 49, 54, 55, 56, 62, 64, 66, 70, 71, 72, 73, 75, 76, 77, 78, 80]
  ArUco scale relative to reference: 1.795x
  Using 80 corresponding points
  Removing bad markers: [44, 54, 56]
  Recalculated using: [46, 47, 48, 49, 55, 62, 64, 66, 70, 71, 72, 73, 75, 76, 77, 78, 80]
  Marker 44: mean=41.09px, max=48.08px
  Marker 46: mean=9.03px, max=12.31px
  Marker 47: mean=2.70px, max=4.08px
  Marker 48: mean=2.40px, max=3.79px
  Marker 49: mean=1.32px, max=2.28px
  Marker 54: mean=23.22px, max=28.13px
  Marker 55: mean=2.00px, max=4.00px
  Marker 56: mean=18.93px, max=23.54px
  Marker 62: mean=9.74px, max=13.36px
  Marker 64: mean=1.20px, max=2.26px
  Marker 66: mean=1.61px, max=2.97px
  Marker 70: mean=2.95px, max=5.32px
  Marker 71: mean=3.89px, max=5.07px
  Marker 72: mean=1.52px, max=3.11px
  Marker 73: mean=2.52px, max=4.21px
  Marker 75: mean=1.90px, max=3.74px
  Marker 76: mean=1.50px, max=2.95px
  Marker 77: mean=1.55px, max=2.34px
  Marker 78: mean=5.91px, max=8.76px
  Marker 80: mean=7.36px, max=10.46px
  Homography calculated
  RANSAC inliers: 38/68
  Saved: image_10_registered.JPG
  Mean marker error: 7.12px
  Max marker error: 48.08px

image_11.JPG
  Shared markers: [32, 34, 35, 36, 37, 38, 39, 40, 41, 43, 45, 47, 48, 49, 51, 60, 62, 64, 66, 67, 68, 70, 71, 72, 73, 75]
  ArUco scale relative to reference: 1.784x
  Using 104 corresponding points
  Removing bad markers: [48, 51, 64, 66, 71, 73, 75]
  Recalculated using: [32, 34, 35, 36, 37, 38, 39, 40, 41, 43, 45, 47, 49, 60, 62, 67, 68, 70, 72]
  Marker 32: mean=1.50px, max=2.67px
  Marker 34: mean=7.46px, max=10.71px
  Marker 35: mean=1.51px, max=1.94px
  Marker 36: mean=2.46px, max=4.89px
  Marker 37: mean=2.52px, max=3.72px
  Marker 38: mean=2.75px, max=4.10px
  Marker 39: mean=1.92px, max=3.81px
  Marker 40: mean=1.09px, max=1.95px
  Marker 41: mean=3.65px, max=5.41px
  Marker 43: mean=2.74px, max=5.56px
  Marker 45: mean=2.72px, max=5.51px
  Marker 47: mean=1.55px, max=2.86px
  Marker 48: mean=27.31px, max=32.06px
  Marker 49: mean=9.41px, max=13.28px
  Marker 51: mean=17.59px, max=22.69px
  Marker 60: mean=1.78px, max=3.45px
  Marker 62: mean=1.94px, max=3.78px
  Marker 64: mean=39.03px, max=46.28px
  Marker 66: mean=30.89px, max=37.45px
  Marker 67: mean=8.64px, max=12.29px
  Marker 68: mean=5.20px, max=6.33px
  Marker 70: mean=2.33px, max=4.71px
  Marker 71: mean=11.75px, max=16.07px
  Marker 72: mean=4.00px, max=5.69px
  Marker 73: mean=32.52px, max=38.70px
  Marker 75: mean=30.87px, max=37.35px
  Homography calculated
  RANSAC inliers: 41/76
  Saved: image_11_registered.JPG
  Mean marker error: 9.81px
  Max marker error: 46.28px

Saved image scales: homographies\drawer_005\image_scales.json

==================================================
Processing drawer_006
==================================================
Reference image: image_01.JPG
Markers: [8, 9, 10, 11, 12, 13, 14, 15, 16, 19, 20, 21, 22, 23, 24, 25, 26, 27, 28, 29, 31, 32, 34, 35, 36, 37, 38, 39, 40, 41, 42, 43, 44, 45, 46, 47, 48, 49, 51, 52, 53, 54, 55, 56, 60, 62, 64, 65, 66, 67, 68, 70, 71, 72, 73, 74, 75, 76, 77, 78, 80]

image_02.JPG
  Shared markers: [11, 15, 16, 24, 26, 27, 32, 35, 36, 37, 38, 39, 40, 41, 43, 45, 47, 49, 60, 62, 68, 70, 72]
  ArUco scale relative to reference: 1.795x
  Using 92 corresponding points
  Removing bad markers: [11, 15, 24, 26, 27, 47, 49, 70]
  Recalculated using: [16, 32, 35, 36, 37, 38, 39, 40, 41, 43, 45, 60, 62, 68, 72]
  Marker 11: mean=91.12px, max=101.45px
  Marker 15: mean=77.17px, max=84.69px
  Marker 16: mean=3.53px, max=6.46px
  Marker 24: mean=37.37px, max=44.60px
  Marker 26: mean=15.93px, max=20.81px
  Marker 27: mean=76.52px, max=86.57px
  Marker 32: mean=2.04px, max=3.85px
  Marker 35: mean=1.71px, max=2.98px
  Marker 36: mean=1.93px, max=3.27px
  Marker 37: mean=3.60px, max=4.96px
  Marker 38: mean=4.03px, max=5.33px
  Marker 39: mean=1.79px, max=2.48px
  Marker 40: mean=1.95px, max=3.48px
  Marker 41: mean=2.50px, max=4.09px
  Marker 43: mean=3.97px, max=7.36px
  Marker 45: mean=2.64px, max=5.40px
  Marker 47: mean=13.50px, max=17.44px
  Marker 49: mean=29.90px, max=36.27px
  Marker 60: mean=2.29px, max=4.30px
  Marker 62: mean=5.57px, max=8.92px
  Marker 68: mean=1.57px, max=3.11px
  Marker 70: mean=13.94px, max=18.28px
  Marker 72: mean=4.10px, max=6.66px
  Homography calculated
  RANSAC inliers: 35/60
  Saved: image_02_registered.JPG
  Mean marker error: 17.33px
  Max marker error: 101.45px

image_03.JPG
  Shared markers: [8, 10, 12, 25, 31, 42, 44, 46, 47, 48, 52, 53, 54, 55, 56, 64, 68, 71, 72, 73, 74, 75, 76, 77, 80]
  ArUco scale relative to reference: 1.804x
  Using 100 corresponding points
  Removing bad markers: [25, 31, 42, 44, 52, 53, 64, 71, 73, 74, 76, 77]
  Recalculated using: [8, 10, 12, 46, 47, 48, 54, 55, 56, 68, 72, 75, 80]
  Marker 8: mean=4.58px, max=9.11px
  Marker 10: mean=4.23px, max=8.37px
  Marker 12: mean=3.34px, max=5.14px
  Marker 25: mean=28.65px, max=36.32px
  Marker 31: mean=12.18px, max=17.93px
  Marker 42: mean=25.98px, max=33.12px
  Marker 44: mean=12.15px, max=17.28px
  Marker 46: mean=2.91px, max=5.59px
  Marker 47: mean=2.32px, max=3.82px
  Marker 48: mean=2.77px, max=5.46px
  Marker 52: mean=25.96px, max=33.12px
  Marker 53: mean=50.26px, max=60.05px
  Marker 54: mean=2.50px, max=4.23px
  Marker 55: mean=4.64px, max=8.58px
  Marker 56: mean=4.83px, max=8.77px
  Marker 64: mean=34.54px, max=41.49px
  Marker 68: mean=2.45px, max=3.71px
  Marker 71: mean=10.21px, max=14.76px
  Marker 72: mean=2.19px, max=4.29px
  Marker 73: mean=14.46px, max=20.13px
  Marker 74: mean=10.14px, max=15.39px
  Marker 75: mean=3.01px, max=5.54px
  Marker 76: mean=32.33px, max=39.97px
  Marker 77: mean=13.46px, max=18.79px
  Marker 80: mean=2.95px, max=5.40px
  Homography calculated
  RANSAC inliers: 25/52
  Saved: image_03_registered.JPG
  Mean marker error: 12.52px
  Max marker error: 60.05px

image_04.JPG
  Shared markers: [16, 22, 26, 32, 34, 35, 36, 37, 38, 39, 40, 41, 43, 45, 51, 60, 62, 67, 68, 70, 72]
  ArUco scale relative to reference: 1.781x
  Using 84 corresponding points
  Removing bad markers: [22, 26, 70]
  Recalculated using: [16, 32, 34, 35, 36, 37, 38, 39, 40, 41, 43, 45, 51, 60, 62, 67, 68, 72]
  Marker 16: mean=8.50px, max=11.28px
  Marker 22: mean=18.67px, max=23.16px
  Marker 26: mean=24.81px, max=29.51px
  Marker 32: mean=1.46px, max=2.89px
  Marker 34: mean=7.49px, max=10.30px
  Marker 35: mean=1.17px, max=1.32px
  Marker 36: mean=1.19px, max=1.82px
  Marker 37: mean=1.10px, max=1.90px
  Marker 38: mean=1.90px, max=2.71px
  Marker 39: mean=2.43px, max=4.02px
  Marker 40: mean=2.03px, max=3.74px
  Marker 41: mean=2.31px, max=3.29px
  Marker 43: mean=1.60px, max=2.60px
  Marker 45: mean=1.17px, max=1.84px
  Marker 51: mean=7.85px, max=11.07px
  Marker 60: mean=1.52px, max=2.46px
  Marker 62: mean=4.70px, max=7.60px
  Marker 67: mean=2.83px, max=4.98px
  Marker 68: mean=1.24px, max=2.26px
  Marker 70: mean=13.27px, max=17.29px
  Marker 72: mean=4.44px, max=7.03px
  Homography calculated
  RANSAC inliers: 45/72
  Saved: image_04_registered.JPG
  Mean marker error: 5.32px
  Max marker error: 29.51px

image_05.JPG
  Shared markers: [16, 20, 22, 24, 26, 27, 28, 32, 34, 35, 36, 37, 38, 39, 40, 41, 43, 45, 47, 51, 60, 62, 67, 68, 70, 72]
  ArUco scale relative to reference: 1.792x
  Using 104 corresponding points
  Removing bad markers: [20, 24, 27, 28, 51, 67]
  Recalculated using: [16, 22, 26, 32, 34, 35, 36, 37, 38, 39, 40, 41, 43, 45, 47, 60, 62, 68, 70, 72]
  Marker 16: mean=1.92px, max=3.66px
  Marker 20: mean=20.14px, max=24.98px
  Marker 22: mean=8.25px, max=11.49px
  Marker 24: mean=23.95px, max=29.04px
  Marker 26: mean=9.48px, max=12.79px
  Marker 27: mean=52.52px, max=59.74px
  Marker 28: mean=42.01px, max=48.99px
  Marker 32: mean=2.55px, max=5.12px
  Marker 34: mean=3.06px, max=4.98px
  Marker 35: mean=1.61px, max=2.10px
  Marker 36: mean=3.39px, max=6.66px
  Marker 37: mean=2.75px, max=4.01px
  Marker 38: mean=2.54px, max=4.18px
  Marker 39: mean=1.47px, max=1.97px
  Marker 40: mean=1.31px, max=2.51px
  Marker 41: mean=2.12px, max=3.96px
  Marker 43: mean=8.43px, max=12.89px
  Marker 45: mean=6.37px, max=10.61px
  Marker 47: mean=5.19px, max=9.79px
  Marker 51: mean=26.25px, max=33.16px
  Marker 60: mean=3.57px, max=6.92px
  Marker 62: mean=3.81px, max=7.54px
  Marker 67: mean=12.43px, max=17.34px
  Marker 68: mean=3.89px, max=5.91px
  Marker 70: mean=9.99px, max=15.15px
  Marker 72: mean=2.64px, max=5.04px
  Homography calculated
  RANSAC inliers: 39/80
  Saved: image_05_registered.JPG
  Mean marker error: 10.06px
  Max marker error: 59.74px

image_06.JPG
  Shared markers: [8, 9, 10, 11, 12, 13, 14, 15, 16, 19, 20, 22, 24, 26, 27, 28, 29, 34, 35, 37, 39, 40, 65]
  ArUco scale relative to reference: 1.769x
  Using 92 corresponding points
  Removing bad markers: [10, 19, 29, 35, 37, 39, 65]
  Recalculated using: [8, 9, 11, 12, 13, 14, 15, 16, 20, 22, 24, 26, 27, 28, 34, 40]
  Marker 8: mean=0.79px, max=1.63px
  Marker 9: mean=1.29px, max=1.89px
  Marker 10: mean=14.44px, max=16.99px
  Marker 11: mean=1.25px, max=2.13px
  Marker 12: mean=5.38px, max=7.12px
  Marker 13: mean=1.52px, max=2.84px
  Marker 14: mean=4.33px, max=6.18px
  Marker 15: mean=2.77px, max=3.70px
  Marker 16: mean=2.78px, max=4.32px
  Marker 19: mean=23.71px, max=27.41px
  Marker 20: mean=1.55px, max=1.97px
  Marker 22: mean=1.86px, max=2.16px
  Marker 24: mean=2.66px, max=4.09px
  Marker 26: mean=3.03px, max=4.27px
  Marker 27: mean=1.42px, max=2.48px
  Marker 28: mean=1.82px, max=3.43px
  Marker 29: mean=12.32px, max=14.95px
  Marker 34: mean=3.53px, max=6.79px
  Marker 35: mean=31.18px, max=39.30px
  Marker 37: mean=13.08px, max=18.21px
  Marker 39: mean=12.19px, max=17.28px
  Marker 40: mean=2.50px, max=5.08px
  Marker 65: mean=10.19px, max=13.81px
  Homography calculated
  RANSAC inliers: 42/64
  Saved: image_06_registered.JPG
  Mean marker error: 6.76px
  Max marker error: 39.30px

image_07.JPG
  Shared markers: [8, 9, 10, 11, 12, 13, 14, 15, 16, 19, 21, 23, 24, 25, 26, 27, 29, 31, 40, 42, 44, 46, 52, 53, 54, 56, 74, 75, 80]
  ArUco scale relative to reference: 1.791x
  Using 116 corresponding points
  Removing bad markers: [9, 11, 13, 15, 21, 24, 27]
  Recalculated using: [8, 10, 12, 14, 16, 19, 23, 25, 26, 29, 31, 40, 42, 44, 46, 52, 53, 54, 56, 74, 75, 80]
  Marker 8: mean=3.78px, max=6.54px
  Marker 9: mean=15.57px, max=21.21px
  Marker 10: mean=4.53px, max=6.56px
  Marker 11: mean=33.19px, max=41.25px
  Marker 12: mean=2.69px, max=5.01px
  Marker 13: mean=32.89px, max=40.67px
  Marker 14: mean=6.28px, max=10.36px
  Marker 15: mean=13.46px, max=18.86px
  Marker 16: mean=3.97px, max=7.04px
  Marker 19: mean=2.40px, max=2.65px
  Marker 21: mean=10.56px, max=14.87px
  Marker 23: mean=3.47px, max=6.55px
  Marker 24: mean=16.20px, max=22.25px
  Marker 25: mean=2.26px, max=4.42px
  Marker 26: mean=6.65px, max=10.30px
  Marker 27: mean=34.82px, max=43.08px
  Marker 29: mean=2.56px, max=4.99px
  Marker 31: mean=3.83px, max=6.15px
  Marker 40: mean=8.95px, max=11.14px
  Marker 42: mean=1.61px, max=3.10px
  Marker 44: mean=1.80px, max=3.04px
  Marker 46: mean=1.35px, max=2.03px
  Marker 52: mean=1.95px, max=3.99px
  Marker 53: mean=9.94px, max=13.86px
  Marker 54: mean=4.20px, max=5.45px
  Marker 56: mean=1.25px, max=2.00px
  Marker 74: mean=4.43px, max=6.05px
  Marker 75: mean=7.86px, max=10.35px
  Marker 80: mean=6.65px, max=9.30px
  Homography calculated
  RANSAC inliers: 39/88
  Saved: image_07_registered.JPG
  Mean marker error: 8.59px
  Max marker error: 43.08px

image_08.JPG
  Shared markers: [10, 12, 14, 19, 21, 23, 25, 29, 31, 42, 44, 46, 48, 52, 53, 54, 55, 56, 74, 75, 77, 80]
  ArUco scale relative to reference: 1.786x
  Using 88 corresponding points
  Removing bad markers: [14, 48, 55, 75, 77, 80]
  Recalculated using: [10, 12, 19, 21, 23, 25, 29, 31, 42, 44, 46, 52, 53, 54, 56, 74]
  Marker 10: mean=2.11px, max=4.02px
  Marker 12: mean=8.25px, max=11.66px
  Marker 14: mean=19.79px, max=24.99px
  Marker 19: mean=2.87px, max=5.02px
  Marker 21: mean=2.29px, max=4.30px
  Marker 23: mean=1.75px, max=2.74px
  Marker 25: mean=1.23px, max=2.05px
  Marker 29: mean=8.85px, max=12.37px
  Marker 31: mean=1.45px, max=2.58px
  Marker 42: mean=1.28px, max=2.35px
  Marker 44: mean=1.35px, max=2.24px
  Marker 46: mean=6.01px, max=8.18px
  Marker 48: mean=34.96px, max=40.11px
  Marker 52: mean=1.22px, max=1.49px
  Marker 53: mean=1.86px, max=3.28px
  Marker 54: mean=1.19px, max=2.22px
  Marker 55: mean=26.50px, max=31.14px
  Marker 56: mean=5.17px, max=7.07px
  Marker 74: mean=1.78px, max=2.86px
  Marker 75: mean=15.54px, max=18.82px
  Marker 77: mean=55.90px, max=62.47px
  Marker 80: mean=12.90px, max=15.85px
  Homography calculated
  RANSAC inliers: 44/64
  Saved: image_08_registered.JPG
  Mean marker error: 9.74px
  Max marker error: 62.47px

image_09.JPG
  Shared markers: [10, 12, 21, 25, 31, 42, 44, 46, 47, 48, 52, 53, 54, 55, 56, 64, 71, 72, 73, 74, 75, 76, 77, 80]
  ArUco scale relative to reference: 1.799x
  Using 96 corresponding points
  Removing bad markers: [12, 47, 48, 55, 64, 71, 72, 73, 75, 76, 77, 80]
  Recalculated using: [10, 21, 25, 31, 42, 44, 46, 52, 53, 54, 56, 74]
  Marker 10: mean=2.24px, max=4.45px
  Marker 12: mean=10.23px, max=14.44px
  Marker 21: mean=4.55px, max=7.20px
  Marker 25: mean=1.41px, max=2.52px
  Marker 31: mean=1.96px, max=3.43px
  Marker 42: mean=1.81px, max=3.26px
  Marker 44: mean=1.33px, max=2.02px
  Marker 46: mean=5.44px, max=7.82px
  Marker 47: mean=115.50px, max=125.47px
  Marker 48: mean=34.30px, max=39.53px
  Marker 52: mean=1.37px, max=1.99px
  Marker 53: mean=3.25px, max=5.48px
  Marker 54: mean=1.13px, max=1.63px
  Marker 55: mean=26.31px, max=31.09px
  Marker 56: mean=4.83px, max=6.99px
  Marker 64: mean=121.97px, max=131.50px
  Marker 71: mean=108.69px, max=116.52px
  Marker 72: mean=131.35px, max=143.54px
  Marker 73: mean=69.26px, max=76.70px
  Marker 74: mean=2.77px, max=3.89px
  Marker 75: mean=15.11px, max=18.58px
  Marker 76: mean=97.94px, max=107.35px
  Marker 77: mean=53.63px, max=60.30px
  Marker 80: mean=12.77px, max=16.01px
  Homography calculated
  RANSAC inliers: 30/48
  Saved: image_09_registered.JPG
  Mean marker error: 34.55px
  Max marker error: 143.54px

image_10.JPG
  Shared markers: [44, 46, 47, 48, 49, 54, 55, 56, 62, 64, 66, 70, 71, 72, 73, 75, 76, 77, 78, 80]
  ArUco scale relative to reference: 1.795x
  Using 80 corresponding points
  Removing bad markers: [44, 54, 56]
  Recalculated using: [46, 47, 48, 49, 55, 62, 64, 66, 70, 71, 72, 73, 75, 76, 77, 78, 80]
  Marker 44: mean=41.46px, max=48.73px
  Marker 46: mean=8.26px, max=11.46px
  Marker 47: mean=2.81px, max=4.11px
  Marker 48: mean=3.04px, max=4.50px
  Marker 49: mean=1.44px, max=2.60px
  Marker 54: mean=22.66px, max=27.70px
  Marker 55: mean=1.73px, max=3.15px
  Marker 56: mean=18.55px, max=23.20px
  Marker 62: mean=9.56px, max=13.11px
  Marker 64: mean=1.20px, max=2.38px
  Marker 66: mean=1.68px, max=3.31px
  Marker 70: mean=2.93px, max=5.24px
  Marker 71: mean=4.19px, max=5.25px
  Marker 72: mean=1.52px, max=3.08px
  Marker 73: mean=2.85px, max=4.51px
  Marker 75: mean=1.47px, max=2.77px
  Marker 76: mean=1.48px, max=2.90px
  Marker 77: mean=1.59px, max=2.65px
  Marker 78: mean=6.56px, max=9.54px
  Marker 80: mean=6.79px, max=9.85px
  Homography calculated
  RANSAC inliers: 33/68
  Saved: image_10_registered.JPG
  Mean marker error: 7.09px
  Max marker error: 48.73px

image_11.JPG
  Shared markers: [16, 32, 34, 35, 36, 37, 38, 39, 40, 41, 43, 45, 46, 47, 48, 49, 51, 55, 60, 62, 64, 66, 67, 68, 70, 71, 72, 73, 75, 76, 77, 78, 80]
  ArUco scale relative to reference: 1.795x
  Using 132 corresponding points
  Removing bad markers: [51, 64, 66, 67, 76, 78]
  Recalculated using: [16, 32, 34, 35, 36, 37, 38, 39, 40, 41, 43, 45, 46, 47, 48, 49, 55, 60, 62, 68, 70, 71, 72, 73, 75, 77, 80]
  Marker 16: mean=1.60px, max=2.60px
  Marker 32: mean=2.78px, max=5.67px
  Marker 34: mean=2.95px, max=5.56px
  Marker 35: mean=1.70px, max=2.62px
  Marker 36: mean=4.62px, max=8.20px
  Marker 37: mean=5.58px, max=6.64px
  Marker 38: mean=3.97px, max=5.83px
  Marker 39: mean=1.47px, max=2.77px
  Marker 40: mean=4.46px, max=5.62px
  Marker 41: mean=3.86px, max=6.62px
  Marker 43: mean=6.25px, max=10.77px
  Marker 45: mean=6.09px, max=10.58px
  Marker 46: mean=3.64px, max=5.12px
  Marker 47: mean=8.21px, max=10.37px
  Marker 48: mean=3.34px, max=6.23px
  Marker 49: mean=2.39px, max=3.86px
  Marker 51: mean=29.82px, max=36.84px
  Marker 55: mean=3.67px, max=6.29px
  Marker 60: mean=2.37px, max=4.34px
  Marker 62: mean=4.50px, max=6.83px
  Marker 64: mean=17.01px, max=23.19px
  Marker 66: mean=14.64px, max=20.49px
  Marker 67: mean=15.51px, max=20.91px
  Marker 68: mean=8.20px, max=10.06px
  Marker 70: mean=4.06px, max=6.71px
  Marker 71: mean=2.82px, max=5.31px
  Marker 72: mean=9.59px, max=11.16px
  Marker 73: mean=5.87px, max=10.63px
  Marker 75: mean=4.91px, max=7.98px
  Marker 76: mean=19.11px, max=25.56px
  Marker 77: mean=7.42px, max=12.28px
  Marker 78: mean=37.27px, max=45.64px
  Marker 80: mean=4.44px, max=8.85px
  Homography calculated
  RANSAC inliers: 44/108
  Saved: image_11_registered.JPG
  Mean marker error: 7.70px
  Max marker error: 45.64px

Saved image scales: homographies\drawer_006\image_scales.json

==================================================
Processing drawer_007
==================================================
Reference image: image_01.JPG
Markers: [8, 9, 10, 11, 12, 13, 14, 15, 16, 19, 20, 21, 22, 23, 24, 25, 26, 27, 28, 29, 31, 32, 34, 35, 36, 37, 38, 39, 40, 41, 42, 43, 44, 45, 46, 47, 48, 49, 51, 52, 53, 54, 55, 56, 60, 62, 64, 65, 66, 67, 68, 70, 71, 72, 73, 74, 75, 76, 77, 78, 80]

image_02.JPG
  Shared markers: [8, 9, 10, 12, 14, 19, 21, 23, 25, 29, 31, 42, 44, 46, 47, 48, 52, 53, 54, 55, 56, 64, 68, 71, 72, 73, 74, 75, 76, 77, 80]
  ArUco scale relative to reference: 1.765x
  Using 124 corresponding points
  Removing bad markers: [9, 21, 23, 25, 42, 52, 53, 64, 71, 73, 76, 77]
  Recalculated using: [8, 10, 12, 14, 19, 29, 31, 44, 46, 47, 48, 54, 55, 56, 68, 72, 74, 75, 80]
  Marker 8: mean=3.56px, max=6.77px
  Marker 9: mean=11.65px, max=18.09px
  Marker 10: mean=2.98px, max=5.78px
  Marker 12: mean=4.95px, max=7.70px
  Marker 14: mean=4.75px, max=9.31px
  Marker 19: mean=7.58px, max=12.31px
  Marker 21: mean=37.91px, max=46.86px
  Marker 23: mean=19.40px, max=26.13px
  Marker 25: mean=17.29px, max=23.82px
  Marker 29: mean=4.72px, max=8.66px
  Marker 31: mean=4.23px, max=8.57px
  Marker 42: mean=15.37px, max=21.56px
  Marker 44: mean=5.31px, max=9.30px
  Marker 46: mean=3.67px, max=5.25px
  Marker 47: mean=2.58px, max=3.97px
  Marker 48: mean=2.46px, max=4.18px
  Marker 52: mean=15.63px, max=21.74px
  Marker 53: mean=36.11px, max=44.94px
  Marker 54: mean=2.71px, max=4.75px
  Marker 55: mean=2.98px, max=5.94px
  Marker 56: mean=2.39px, max=3.89px
  Marker 64: mean=35.69px, max=43.01px
  Marker 68: mean=2.70px, max=5.33px
  Marker 71: mean=10.97px, max=15.63px
  Marker 72: mean=2.29px, max=4.00px
  Marker 73: mean=13.35px, max=19.00px
  Marker 74: mean=3.72px, max=7.53px
  Marker 75: mean=3.23px, max=5.22px
  Marker 76: mean=31.89px, max=39.35px
  Marker 77: mean=11.45px, max=16.61px
  Marker 80: mean=2.17px, max=2.32px
  Homography calculated
  RANSAC inliers: 41/76
  Saved: image_02_registered.JPG
  Mean marker error: 10.51px
  Max marker error: 46.86px

image_03.JPG
  Shared markers: [8, 10, 11, 12, 15, 16, 20, 22, 24, 26, 27, 28, 32, 34, 35, 37, 38, 39, 40, 41, 45, 47, 68, 72]
  ArUco scale relative to reference: 1.766x
  Using 96 corresponding points
  Removing bad markers: [10, 32, 35, 37, 38, 39, 40, 41, 45, 47, 68, 72]
  Recalculated using: [8, 11, 12, 15, 16, 20, 22, 24, 26, 27, 28, 34]
  Marker 8: mean=0.99px, max=1.82px
  Marker 10: mean=18.09px, max=21.67px
  Marker 11: mean=1.85px, max=3.08px
  Marker 12: mean=6.60px, max=8.76px
  Marker 15: mean=1.44px, max=1.76px
  Marker 16: mean=1.99px, max=4.18px
  Marker 20: mean=1.39px, max=2.34px
  Marker 22: mean=2.33px, max=4.28px
  Marker 24: mean=3.31px, max=4.43px
  Marker 26: mean=1.90px, max=3.30px
  Marker 27: mean=1.23px, max=2.01px
  Marker 28: mean=1.29px, max=1.77px
  Marker 32: mean=77.94px, max=86.86px
  Marker 34: mean=8.65px, max=11.74px
  Marker 35: mean=37.61px, max=43.40px
  Marker 37: mean=23.35px, max=27.84px
  Marker 38: mean=44.76px, max=51.18px
  Marker 39: mean=19.81px, max=24.05px
  Marker 40: mean=10.24px, max=13.50px
  Marker 41: mean=99.16px, max=108.00px
  Marker 45: mean=109.03px, max=119.89px
  Marker 47: mean=129.27px, max=143.13px
  Marker 68: mean=100.59px, max=110.12px
  Marker 72: mean=110.67px, max=122.38px
  Homography calculated
  RANSAC inliers: 31/48
  Saved: image_03_registered.JPG
  Mean marker error: 33.90px
  Max marker error: 143.13px

image_04.JPG
  Shared markers: [10, 12, 14, 19, 21, 23, 25, 29, 31, 42, 44, 46, 48, 52, 53, 54, 55, 56, 74, 75, 80]
  ArUco scale relative to reference: 1.755x
  Using 84 corresponding points
  Removing bad markers: [14, 48, 55]
  Recalculated using: [10, 12, 19, 21, 23, 25, 29, 31, 42, 44, 46, 52, 53, 54, 56, 74, 75, 80]
  Marker 10: mean=2.24px, max=3.97px
  Marker 12: mean=2.93px, max=5.57px
  Marker 14: mean=12.40px, max=16.93px
  Marker 19: mean=1.56px, max=2.30px
  Marker 21: mean=4.13px, max=6.91px
  Marker 23: mean=1.56px, max=1.98px
  Marker 25: mean=1.57px, max=2.91px
  Marker 29: mean=3.58px, max=6.44px
  Marker 31: mean=3.34px, max=4.47px
  Marker 42: mean=1.53px, max=2.90px
  Marker 44: mean=1.28px, max=2.03px
  Marker 46: mean=1.31px, max=2.62px
  Marker 48: mean=22.80px, max=27.43px
  Marker 52: mean=1.44px, max=1.96px
  Marker 53: mean=4.12px, max=6.63px
  Marker 54: mean=1.66px, max=2.69px
  Marker 55: mean=15.83px, max=19.94px
  Marker 56: mean=1.58px, max=2.70px
  Marker 74: mean=2.64px, max=3.75px
  Marker 75: mean=6.86px, max=9.52px
  Marker 80: mean=5.55px, max=7.98px
  Homography calculated
  RANSAC inliers: 46/72
  Saved: image_04_registered.JPG
  Mean marker error: 4.76px
  Max marker error: 27.43px

image_05.JPG
  Shared markers: [10, 12, 21, 25, 31, 42, 44, 46, 47, 48, 52, 53, 54, 55, 56, 64, 71, 72, 73, 74, 75, 76, 77, 80]
  ArUco scale relative to reference: 1.763x
  Using 96 corresponding points
  Removing bad markers: [47, 48, 55, 64, 71, 72, 73, 76, 77]
  Recalculated using: [10, 12, 21, 25, 31, 42, 44, 46, 52, 53, 54, 56, 74, 75, 80]
  Marker 10: mean=1.83px, max=3.51px
  Marker 12: mean=5.32px, max=8.83px
  Marker 21: mean=9.66px, max=14.11px
  Marker 25: mean=2.07px, max=3.57px
  Marker 31: mean=2.92px, max=4.51px
  Marker 42: mean=1.74px, max=2.98px
  Marker 44: mean=1.65px, max=2.82px
  Marker 46: mean=2.06px, max=3.57px
  Marker 47: mean=73.94px, max=81.99px
  Marker 48: mean=15.85px, max=20.52px
  Marker 52: mean=1.96px, max=3.81px
  Marker 53: mean=8.73px, max=13.04px
  Marker 54: mean=3.60px, max=4.82px
  Marker 55: mean=11.79px, max=16.07px
  Marker 56: mean=1.89px, max=2.29px
  Marker 64: mean=87.97px, max=97.67px
  Marker 71: mean=70.62px, max=77.52px
  Marker 72: mean=86.98px, max=96.86px
  Marker 73: mean=43.74px, max=51.05px
  Marker 74: mean=3.50px, max=5.07px
  Marker 75: mean=2.96px, max=5.69px
  Marker 76: mean=70.14px, max=79.59px
  Marker 77: mean=32.57px, max=39.19px
  Marker 80: mean=3.32px, max=6.02px
  Homography calculated
  RANSAC inliers: 32/60
  Saved: image_05_registered.JPG
  Mean marker error: 22.78px
  Max marker error: 97.67px

image_06.JPG
  Shared markers: [44, 46, 47, 48, 49, 54, 55, 56, 62, 64, 66, 70, 71, 72, 73, 75, 76, 77, 78, 80]
  ArUco scale relative to reference: 1.740x
  Using 80 corresponding points
  Removing bad markers: [44, 54, 56, 62, 72]
  Recalculated using: [46, 47, 48, 49, 55, 64, 66, 70, 71, 73, 75, 76, 77, 78, 80]
  Marker 44: mean=39.63px, max=47.11px
  Marker 46: mean=6.65px, max=9.08px
  Marker 47: mean=2.35px, max=4.31px
  Marker 48: mean=1.71px, max=2.34px
  Marker 49: mean=2.25px, max=4.16px
  Marker 54: mean=20.87px, max=25.59px
  Marker 55: mean=1.37px, max=2.25px
  Marker 56: mean=15.40px, max=19.54px
  Marker 62: mean=21.45px, max=26.16px
  Marker 64: mean=1.11px, max=2.04px
  Marker 66: mean=1.73px, max=3.15px
  Marker 70: mean=9.65px, max=12.80px
  Marker 71: mean=2.05px, max=3.03px
  Marker 72: mean=10.13px, max=13.34px
  Marker 73: mean=1.95px, max=3.06px
  Marker 75: mean=1.09px, max=2.05px
  Marker 76: mean=1.08px, max=2.19px
  Marker 77: mean=1.26px, max=1.81px
  Marker 78: mean=5.25px, max=7.77px
  Marker 80: mean=4.76px, max=6.95px
  Homography calculated
  RANSAC inliers: 31/60
  Saved: image_06_registered.JPG
  Mean marker error: 7.59px
  Max marker error: 47.11px

image_07.JPG
  Shared markers: [32, 34, 35, 36, 37, 38, 39, 40, 41, 43, 45, 46, 47, 48, 49, 51, 60, 62, 64, 66, 67, 68, 70, 71, 72, 73, 75]
  ArUco scale relative to reference: 1.766x
  Using 108 corresponding points
  Removing bad markers: [34, 46, 48, 49, 64, 66, 71, 73, 75]
  Recalculated using: [32, 35, 36, 37, 38, 39, 40, 41, 43, 45, 47, 51, 60, 62, 67, 68, 70, 72]
  Marker 32: mean=2.62px, max=4.36px
  Marker 34: mean=10.62px, max=14.03px
  Marker 35: mean=1.36px, max=2.14px
  Marker 36: mean=1.21px, max=2.12px
  Marker 37: mean=2.26px, max=3.84px
  Marker 38: mean=4.06px, max=5.18px
  Marker 39: mean=2.95px, max=5.07px
  Marker 40: mean=2.32px, max=4.69px
  Marker 41: mean=3.93px, max=5.21px
  Marker 43: mean=1.67px, max=2.36px
  Marker 45: mean=1.66px, max=3.15px
  Marker 46: mean=50.77px, max=60.12px
  Marker 47: mean=8.75px, max=12.00px
  Marker 48: mean=38.27px, max=44.13px
  Marker 49: mean=21.02px, max=25.91px
  Marker 51: mean=8.11px, max=11.29px
  Marker 60: mean=1.64px, max=2.25px
  Marker 62: mean=2.86px, max=5.33px
  Marker 64: mean=58.72px, max=67.68px
  Marker 66: mean=48.84px, max=56.98px
  Marker 67: mean=2.62px, max=4.86px
  Marker 68: mean=2.72px, max=4.31px
  Marker 70: mean=9.54px, max=13.07px
  Marker 71: mean=24.57px, max=30.04px
  Marker 72: mean=1.94px, max=3.93px
  Marker 73: mean=48.21px, max=55.79px
  Marker 75: mean=38.29px, max=44.86px
  Homography calculated
  RANSAC inliers: 41/72
  Saved: image_07_registered.JPG
  Mean marker error: 14.87px
  Max marker error: 67.68px

image_08.JPG
  Shared markers: [16, 20, 22, 26, 32, 34, 35, 36, 37, 38, 39, 40, 41, 43, 45, 47, 51, 60, 62, 67, 68, 70, 72]
  ArUco scale relative to reference: 1.760x
  Using 92 corresponding points
  Removing bad markers: [20, 22, 26, 70]
  Recalculated using: [16, 32, 34, 35, 36, 37, 38, 39, 40, 41, 43, 45, 47, 51, 60, 62, 67, 68, 72]
  Marker 16: mean=3.55px, max=6.44px
  Marker 20: mean=32.19px, max=38.25px
  Marker 22: mean=13.02px, max=17.56px
  Marker 26: mean=16.50px, max=21.18px
  Marker 32: mean=2.28px, max=4.27px
  Marker 34: mean=3.88px, max=7.04px
  Marker 35: mean=2.24px, max=3.71px
  Marker 36: mean=1.58px, max=2.78px
  Marker 37: mean=4.62px, max=6.24px
  Marker 38: mean=4.82px, max=6.31px
  Marker 39: mean=1.96px, max=3.10px
  Marker 40: mean=2.39px, max=4.55px
  Marker 41: mean=3.35px, max=4.94px
  Marker 43: mean=2.05px, max=3.72px
  Marker 45: mean=1.60px, max=2.61px
  Marker 47: mean=9.24px, max=12.60px
  Marker 51: mean=9.50px, max=13.07px
  Marker 60: mean=1.83px, max=2.30px
  Marker 62: mean=3.36px, max=6.01px
  Marker 67: mean=3.45px, max=6.12px
  Marker 68: mean=2.36px, max=4.03px
  Marker 70: mean=10.11px, max=13.86px
  Marker 72: mean=2.24px, max=4.38px
  Homography calculated
  RANSAC inliers: 41/76
  Saved: image_08_registered.JPG
  Mean marker error: 6.01px
  Max marker error: 38.25px

image_09.JPG
  Shared markers: [8, 10, 11, 12, 15, 16, 20, 22, 24, 26, 27, 28, 32, 34, 35, 36, 37, 38, 39, 40, 41, 45, 47, 67, 68, 72]
  ArUco scale relative to reference: 1.774x
  Using 104 corresponding points
  Removing bad markers: [11, 15, 27, 28, 32, 36, 45, 67]
  Recalculated using: [8, 10, 12, 16, 20, 22, 24, 26, 34, 35, 37, 38, 39, 40, 41, 47, 68, 72]
  Marker 8: mean=2.73px, max=4.96px
  Marker 10: mean=2.73px, max=5.46px
  Marker 11: mean=24.97px, max=30.92px
  Marker 12: mean=1.80px, max=2.22px
  Marker 15: mean=10.03px, max=14.15px
  Marker 16: mean=4.59px, max=7.37px
  Marker 20: mean=8.81px, max=13.50px
  Marker 22: mean=3.31px, max=6.57px
  Marker 24: mean=6.95px, max=11.74px
  Marker 26: mean=2.60px, max=3.77px
  Marker 27: mean=23.25px, max=29.49px
  Marker 28: mean=20.78px, max=26.94px
  Marker 32: mean=16.37px, max=22.64px
  Marker 34: mean=2.96px, max=4.57px
  Marker 35: mean=7.87px, max=12.32px
  Marker 36: mean=18.27px, max=24.25px
  Marker 37: mean=2.75px, max=4.89px
  Marker 38: mean=4.29px, max=8.68px
  Marker 39: mean=3.19px, max=6.54px
  Marker 40: mean=4.06px, max=6.79px
  Marker 41: mean=8.27px, max=13.64px
  Marker 45: mean=24.71px, max=32.08px
  Marker 47: mean=3.33px, max=6.33px
  Marker 67: mean=36.12px, max=44.28px
  Marker 68: mean=3.16px, max=4.47px
  Marker 72: mean=3.92px, max=7.06px
  Homography calculated
  RANSAC inliers: 32/72
  Saved: image_09_registered.JPG
  Mean marker error: 9.69px
  Max marker error: 44.28px

image_10.JPG
  Shared markers: [8, 9, 10, 11, 12, 13, 14, 15, 16, 20, 22, 24, 26, 27, 28, 29, 34, 35, 37, 38, 39, 40, 65]
  ArUco scale relative to reference: 1.769x
  Using 92 corresponding points
  Removing bad markers: [34, 35, 37, 38, 39, 40]
  Recalculated using: [8, 9, 10, 11, 12, 13, 14, 15, 16, 20, 22, 24, 26, 27, 28, 29, 65]
  Marker 8: mean=2.35px, max=3.73px
  Marker 9: mean=1.67px, max=2.16px
  Marker 10: mean=8.56px, max=11.88px
  Marker 11: mean=1.23px, max=2.14px
  Marker 12: mean=1.71px, max=3.37px
  Marker 13: mean=1.79px, max=3.40px
  Marker 14: mean=3.04px, max=5.18px
  Marker 15: mean=2.99px, max=4.05px
  Marker 16: mean=3.46px, max=5.96px
  Marker 20: mean=1.75px, max=2.86px
  Marker 22: mean=4.08px, max=6.51px
  Marker 24: mean=1.85px, max=3.36px
  Marker 26: mean=1.35px, max=1.88px
  Marker 27: mean=1.33px, max=2.03px
  Marker 28: mean=1.59px, max=2.63px
  Marker 29: mean=9.51px, max=12.88px
  Marker 34: mean=10.39px, max=13.86px
  Marker 35: mean=42.73px, max=49.90px
  Marker 37: mean=26.01px, max=31.16px
  Marker 38: mean=51.94px, max=59.87px
  Marker 39: mean=22.12px, max=27.07px
  Marker 40: mean=11.80px, max=15.39px
  Marker 65: mean=7.27px, max=9.76px
  Homography calculated
  RANSAC inliers: 42/68
  Saved: image_10_registered.JPG
  Mean marker error: 9.59px
  Max marker error: 59.87px

image_11.JPG
  Shared markers: [8, 9, 10, 11, 12, 13, 14, 15, 16, 19, 20, 21, 22, 23, 24, 25, 26, 27, 28, 29, 31, 34, 42, 44, 46, 52, 53, 54, 56, 65, 74, 80]
  ArUco scale relative to reference: 1.768x
  Using 128 corresponding points
  Removing bad markers: [8, 9, 11, 13, 15, 16, 20, 22, 24, 26, 27, 28, 34, 65, 80]
  Recalculated using: [10, 12, 14, 19, 21, 23, 25, 29, 31, 42, 44, 46, 52, 53, 54, 56, 74]
  Marker 8: mean=10.42px, max=13.56px
  Marker 9: mean=20.84px, max=25.30px
  Marker 10: mean=1.98px, max=3.49px
  Marker 11: mean=48.53px, max=55.13px
  Marker 12: mean=2.25px, max=4.15px
  Marker 13: mean=41.04px, max=47.14px
  Marker 14: mean=8.87px, max=12.07px
  Marker 15: mean=24.52px, max=29.47px
  Marker 16: mean=52.69px, max=60.04px
  Marker 19: mean=1.27px, max=2.22px
  Marker 20: mean=62.66px, max=69.07px
  Marker 21: mean=6.46px, max=9.74px
  Marker 22: mean=65.58px, max=73.35px
  Marker 23: mean=1.44px, max=2.40px
  Marker 24: mean=50.80px, max=56.99px
  Marker 25: mean=1.30px, max=2.08px
  Marker 26: mean=50.45px, max=56.20px
  Marker 27: mean=57.99px, max=65.40px
  Marker 28: mean=65.78px, max=73.14px
  Marker 29: mean=2.32px, max=4.33px
  Marker 31: mean=3.14px, max=4.23px
  Marker 34: mean=76.82px, max=87.22px
  Marker 42: mean=1.38px, max=2.67px
  Marker 44: mean=2.05px, max=3.54px
  Marker 46: mean=4.57px, max=7.01px
  Marker 52: mean=2.86px, max=4.92px
  Marker 53: mean=7.86px, max=10.94px
  Marker 54: mean=0.99px, max=1.58px
  Marker 56: mean=5.50px, max=7.73px
  Marker 65: mean=80.48px, max=89.52px
  Marker 74: mean=1.54px, max=2.67px
  Marker 80: mean=14.73px, max=18.64px
  Homography calculated
  RANSAC inliers: 39/68
  Saved: image_11_registered.JPG
  Mean marker error: 24.35px
  Max marker error: 89.52px

Saved image scales: homographies\drawer_007\image_scales.json

==================================================
Processing drawer_008
==================================================
Reference image: image_01.JPG
Markers: [8, 9, 10, 11, 12, 13, 14, 15, 16, 19, 20, 21, 22, 23, 24, 25, 26, 27, 28, 29, 31, 32, 34, 35, 36, 37, 38, 39, 40, 41, 42, 43, 44, 45, 46, 47, 48, 49, 51, 52, 53, 54, 55, 56, 60, 62, 64, 65, 66, 67, 68, 70, 71, 72, 73, 74, 75, 76, 77, 78, 80]

image_02.JPG
  Shared markers: [8, 9, 10, 12, 14, 19, 21, 23, 25, 29, 31, 42, 44, 46, 48, 52, 54, 55, 56, 73, 74, 75, 76, 77, 80]
  ArUco scale relative to reference: 1.763x
  Using 100 corresponding points
  Removing bad markers: [8, 9, 14, 21, 48, 55, 73, 76, 77]
  Recalculated using: [10, 12, 19, 23, 25, 29, 31, 42, 44, 46, 52, 54, 56, 74, 75, 80]
  Marker 8: mean=10.22px, max=14.76px
  Marker 9: mean=26.41px, max=33.25px
  Marker 10: mean=2.56px, max=4.31px
  Marker 12: mean=2.05px, max=3.93px
  Marker 14: mean=11.25px, max=15.88px
  Marker 19: mean=2.29px, max=3.53px
  Marker 21: mean=12.88px, max=17.99px
  Marker 23: mean=4.49px, max=7.89px
  Marker 25: mean=2.89px, max=5.87px
  Marker 29: mean=4.11px, max=7.25px
  Marker 31: mean=2.45px, max=4.19px
  Marker 42: mean=2.37px, max=4.72px
  Marker 44: mean=1.64px, max=1.82px
  Marker 46: mean=1.15px, max=2.06px
  Marker 48: mean=18.80px, max=23.35px
  Marker 52: mean=2.78px, max=5.58px
  Marker 54: mean=2.26px, max=3.48px
  Marker 55: mean=14.48px, max=18.68px
  Marker 56: mean=1.59px, max=2.98px
  Marker 73: mean=46.91px, max=54.14px
  Marker 74: mean=2.41px, max=4.01px
  Marker 75: mean=5.81px, max=8.58px
  Marker 76: mean=74.92px, max=84.89px
  Marker 77: mean=35.71px, max=42.27px
  Marker 80: mean=5.30px, max=7.95px
  Homography calculated
  RANSAC inliers: 40/64
  Saved: image_02_registered.JPG
  Mean marker error: 11.91px
  Max marker error: 84.89px

image_03.JPG
  Shared markers: [8, 10, 11, 12, 15, 16, 20, 22, 24, 26, 27, 28, 32, 34, 35, 36, 37, 38, 39, 40, 41, 43, 45, 47, 49, 51, 60, 67, 68, 72]
  ArUco scale relative to reference: 1.779x
  Using 120 corresponding points
  Removing bad markers: [11, 15, 27, 28, 43, 45, 49, 51, 60, 67]
  Recalculated using: [8, 10, 12, 16, 20, 22, 24, 26, 32, 34, 35, 36, 37, 38, 39, 40, 41, 47, 68, 72]
  Marker 8: mean=2.68px, max=5.18px
  Marker 10: mean=2.81px, max=5.95px
  Marker 11: mean=25.69px, max=31.74px
  Marker 12: mean=2.02px, max=2.14px
  Marker 15: mean=10.27px, max=14.41px
  Marker 16: mean=8.53px, max=11.07px
  Marker 20: mean=6.02px, max=10.79px
  Marker 22: mean=2.68px, max=4.74px
  Marker 24: mean=5.24px, max=10.08px
  Marker 26: mean=3.61px, max=6.69px
  Marker 27: mean=23.36px, max=29.84px
  Marker 28: mean=19.62px, max=26.06px
  Marker 32: mean=7.64px, max=13.16px
  Marker 34: mean=4.20px, max=6.94px
  Marker 35: mean=2.77px, max=4.15px
  Marker 36: mean=8.68px, max=14.10px
  Marker 37: mean=8.16px, max=10.79px
  Marker 38: mean=3.68px, max=6.98px
  Marker 39: mean=4.12px, max=6.89px
  Marker 40: mean=9.35px, max=11.41px
  Marker 41: mean=4.05px, max=7.94px
  Marker 43: mean=19.43px, max=26.29px
  Marker 45: mean=16.27px, max=22.96px
  Marker 47: mean=3.21px, max=4.45px
  Marker 49: mean=15.86px, max=22.67px
  Marker 51: mean=46.95px, max=56.89px
  Marker 60: mean=10.03px, max=15.34px
  Marker 67: mean=25.35px, max=32.75px
  Marker 68: mean=3.25px, max=5.72px
  Marker 72: mean=3.31px, max=6.30px
  Homography calculated
  RANSAC inliers: 33/80
  Saved: image_03_registered.JPG
  Mean marker error: 10.29px
  Max marker error: 56.89px

image_04.JPG
  Shared markers: [10, 12, 14, 19, 21, 23, 25, 29, 31, 42, 44, 46, 48, 52, 53, 54, 55, 56, 74, 75, 77, 80]
  ArUco scale relative to reference: 1.753x
  Using 88 corresponding points
  Removing bad markers: [48, 55, 77]
  Recalculated using: [10, 12, 14, 19, 21, 23, 25, 29, 31, 42, 44, 46, 52, 53, 54, 56, 74, 75, 80]
  Marker 10: mean=3.08px, max=4.75px
  Marker 12: mean=1.84px, max=2.89px
  Marker 14: mean=9.55px, max=13.86px
  Marker 19: mean=1.84px, max=1.91px
  Marker 21: mean=7.36px, max=10.93px
  Marker 23: mean=2.27px, max=4.46px
  Marker 25: mean=1.65px, max=2.98px
  Marker 29: mean=2.80px, max=5.55px
  Marker 31: mean=2.98px, max=4.50px
  Marker 42: mean=1.39px, max=2.37px
  Marker 44: mean=1.36px, max=2.38px
  Marker 46: mean=0.83px, max=1.29px
  Marker 48: mean=17.79px, max=21.75px
  Marker 52: mean=1.60px, max=2.76px
  Marker 53: mean=6.82px, max=10.08px
  Marker 54: mean=2.43px, max=3.38px
  Marker 55: mean=12.55px, max=16.16px
  Marker 56: mean=1.13px, max=1.52px
  Marker 74: mean=2.90px, max=4.13px
  Marker 75: mean=4.86px, max=7.19px
  Marker 77: mean=35.18px, max=41.16px
  Marker 80: mean=3.90px, max=6.09px
  Homography calculated
  RANSAC inliers: 45/76
  Saved: image_04_registered.JPG
  Mean marker error: 5.73px
  Max marker error: 41.16px

image_05.JPG
  Shared markers: [10, 12, 25, 31, 42, 44, 46, 47, 48, 52, 53, 54, 55, 56, 64, 71, 72, 73, 74, 75, 76, 77, 80]
  ArUco scale relative to reference: 1.770x
  Using 92 corresponding points
  Removing bad markers: [25, 42, 52, 53, 64, 73, 76, 77]
  Recalculated using: [10, 12, 31, 44, 46, 47, 48, 54, 55, 56, 71, 72, 74, 75, 80]
  Marker 10: mean=3.28px, max=6.03px
  Marker 12: mean=3.61px, max=6.83px
  Marker 25: mean=17.14px, max=23.09px
  Marker 31: mean=7.07px, max=11.15px
  Marker 42: mean=13.56px, max=19.05px
  Marker 44: mean=3.60px, max=7.08px
  Marker 46: mean=3.47px, max=4.93px
  Marker 47: mean=2.91px, max=3.50px
  Marker 48: mean=2.54px, max=4.24px
  Marker 52: mean=12.84px, max=18.25px
  Marker 53: mean=32.47px, max=40.56px
  Marker 54: mean=2.84px, max=4.68px
  Marker 55: mean=2.83px, max=5.83px
  Marker 56: mean=2.24px, max=2.61px
  Marker 64: mean=32.37px, max=39.42px
  Marker 71: mean=9.89px, max=14.48px
  Marker 72: mean=2.75px, max=4.98px
  Marker 73: mean=12.59px, max=17.70px
  Marker 74: mean=2.89px, max=5.64px
  Marker 75: mean=2.92px, max=4.70px
  Marker 76: mean=29.03px, max=36.17px
  Marker 77: mean=11.01px, max=15.88px
  Marker 80: mean=2.11px, max=2.24px
  Homography calculated
  RANSAC inliers: 33/60
  Saved: image_05_registered.JPG
  Mean marker error: 9.39px
  Max marker error: 40.56px

image_06.JPG
  Shared markers: [44, 46, 47, 48, 49, 54, 55, 56, 62, 64, 66, 70, 71, 72, 73, 75, 76, 77, 78, 80]
  ArUco scale relative to reference: 1.758x
  Using 80 corresponding points
  Removing bad markers: [44, 54, 56, 62]
  Recalculated using: [46, 47, 48, 49, 55, 64, 66, 70, 71, 72, 73, 75, 76, 77, 78, 80]
  Marker 44: mean=33.44px, max=40.76px
  Marker 46: mean=4.76px, max=7.28px
  Marker 47: mean=2.47px, max=3.94px
  Marker 48: mean=2.34px, max=3.40px
  Marker 49: mean=1.48px, max=2.54px
  Marker 54: mean=15.99px, max=20.45px
  Marker 55: mean=1.44px, max=2.24px
  Marker 56: mean=12.89px, max=16.93px
  Marker 62: mean=10.01px, max=13.60px
  Marker 64: mean=1.70px, max=3.37px
  Marker 66: mean=1.89px, max=3.57px
  Marker 70: mean=2.89px, max=5.18px
  Marker 71: mean=3.65px, max=4.89px
  Marker 72: mean=2.15px, max=4.13px
  Marker 73: mean=2.11px, max=3.85px
  Marker 75: mean=1.07px, max=1.51px
  Marker 76: mean=1.99px, max=3.99px
  Marker 77: mean=1.38px, max=2.19px
  Marker 78: mean=7.76px, max=11.08px
  Marker 80: mean=4.07px, max=6.56px
  Homography calculated
  RANSAC inliers: 40/64
  Saved: image_06_registered.JPG
  Mean marker error: 5.77px
  Max marker error: 40.76px

image_07.JPG
  Shared markers: [32, 34, 35, 36, 37, 38, 39, 40, 41, 43, 45, 46, 47, 48, 49, 51, 55, 60, 62, 64, 66, 67, 68, 70, 71, 72, 73, 75, 76, 77, 78, 80]
  ArUco scale relative to reference: 1.768x
  Using 128 corresponding points
  Removing bad markers: [36, 43, 45, 51, 64, 66, 67, 76, 78]
  Recalculated using: [32, 34, 35, 37, 38, 39, 40, 41, 46, 47, 48, 49, 55, 60, 62, 68, 70, 71, 72, 73, 75, 77, 80]
  Marker 32: mean=9.22px, max=13.79px
  Marker 34: mean=5.23px, max=8.95px
  Marker 35: mean=5.42px, max=8.91px
  Marker 36: mean=12.62px, max=17.24px
  Marker 37: mean=3.47px, max=5.93px
  Marker 38: mean=2.41px, max=4.01px
  Marker 39: mean=2.99px, max=5.73px
  Marker 40: mean=3.74px, max=6.16px
  Marker 41: mean=2.33px, max=4.28px
  Marker 43: mean=13.16px, max=18.48px
  Marker 45: mean=13.67px, max=19.13px
  Marker 46: mean=2.14px, max=3.70px
  Marker 47: mean=6.34px, max=8.42px
  Marker 48: mean=3.88px, max=6.20px
  Marker 49: mean=2.56px, max=4.26px
  Marker 51: mean=39.43px, max=46.62px
  Marker 55: mean=2.62px, max=3.01px
  Marker 60: mean=3.66px, max=7.40px
  Marker 62: mean=2.58px, max=3.76px
  Marker 64: mean=13.80px, max=19.54px
  Marker 66: mean=13.20px, max=18.67px
  Marker 67: mean=25.12px, max=31.11px
  Marker 68: mean=5.43px, max=7.89px
  Marker 70: mean=2.44px, max=4.08px
  Marker 71: mean=2.45px, max=4.67px
  Marker 72: mean=7.28px, max=9.04px
  Marker 73: mean=3.30px, max=6.60px
  Marker 75: mean=4.57px, max=6.56px
  Marker 76: mean=14.19px, max=20.01px
  Marker 77: mean=3.64px, max=7.34px
  Marker 78: mean=32.54px, max=40.50px
  Marker 80: mean=2.69px, max=4.95px
  Homography calculated
  RANSAC inliers: 42/92
  Saved: image_07_registered.JPG
  Mean marker error: 8.38px
  Max marker error: 46.62px

image_08.JPG
  Shared markers: [16, 20, 22, 26, 32, 34, 35, 36, 37, 38, 39, 40, 41, 43, 45, 47, 51, 60, 62, 67, 68, 70, 72]
  ArUco scale relative to reference: 1.766x
  Using 92 corresponding points
  Removing bad markers: [20, 22, 26, 51]
  Recalculated using: [16, 32, 34, 35, 36, 37, 38, 39, 40, 41, 43, 45, 47, 60, 62, 67, 68, 70, 72]
  Marker 16: mean=2.51px, max=4.83px
  Marker 20: mean=26.02px, max=31.92px
  Marker 22: mean=10.96px, max=15.23px
  Marker 26: mean=12.11px, max=16.42px
  Marker 32: mean=2.05px, max=4.06px
  Marker 34: mean=4.01px, max=7.08px
  Marker 35: mean=1.89px, max=2.48px
  Marker 36: mean=3.10px, max=6.04px
  Marker 37: mean=3.79px, max=5.73px
  Marker 38: mean=3.08px, max=5.20px
  Marker 39: mean=2.17px, max=3.00px
  Marker 40: mean=2.35px, max=4.47px
  Marker 41: mean=2.47px, max=4.58px
  Marker 43: mean=4.85px, max=8.19px
  Marker 45: mean=3.98px, max=7.45px
  Marker 47: mean=2.82px, max=5.66px
  Marker 51: mean=17.81px, max=22.48px
  Marker 60: mean=2.24px, max=3.68px
  Marker 62: mean=2.27px, max=4.06px
  Marker 67: mean=9.47px, max=13.06px
  Marker 68: mean=3.97px, max=5.57px
  Marker 70: mean=5.50px, max=9.10px
  Marker 72: mean=2.39px, max=4.61px
  Homography calculated
  RANSAC inliers: 41/76
  Saved: image_08_registered.JPG
  Mean marker error: 5.73px
  Max marker error: 31.92px

image_09.JPG
  Shared markers: [8, 10, 11, 12, 15, 16, 20, 22, 24, 26, 27, 28, 32, 34, 35, 36, 37, 38, 39, 40, 41, 45, 47, 67, 68, 72]
  ArUco scale relative to reference: 1.779x
  Using 104 corresponding points
  Removing bad markers: [11, 27, 28, 32, 36, 41, 45, 67]
  Recalculated using: [8, 10, 12, 15, 16, 20, 22, 24, 26, 34, 35, 37, 38, 39, 40, 47, 68, 72]
  Marker 8: mean=1.69px, max=2.33px
  Marker 10: mean=2.44px, max=5.20px
  Marker 11: mean=19.56px, max=24.93px
  Marker 12: mean=1.49px, max=2.75px
  Marker 15: mean=6.50px, max=10.16px
  Marker 16: mean=6.26px, max=8.82px
  Marker 20: mean=5.60px, max=9.85px
  Marker 22: mean=2.69px, max=3.60px
  Marker 24: mean=4.11px, max=8.29px
  Marker 26: mean=2.78px, max=5.42px
  Marker 27: mean=18.21px, max=23.86px
  Marker 28: mean=16.04px, max=21.54px
  Marker 32: mean=16.56px, max=22.75px
  Marker 34: mean=2.66px, max=3.64px
  Marker 35: mean=5.89px, max=10.20px
  Marker 36: mean=17.18px, max=23.23px
  Marker 37: mean=3.44px, max=6.50px
  Marker 38: mean=3.73px, max=7.62px
  Marker 39: mean=2.81px, max=4.04px
  Marker 40: mean=5.82px, max=8.28px
  Marker 41: mean=11.49px, max=16.90px
  Marker 45: mean=26.83px, max=34.30px
  Marker 47: mean=4.23px, max=8.89px
  Marker 67: mean=36.41px, max=44.54px
  Marker 68: mean=4.03px, max=8.08px
  Marker 72: mean=3.62px, max=4.98px
  Homography calculated
  RANSAC inliers: 31/72
  Saved: image_09_registered.JPG
  Mean marker error: 8.93px
  Max marker error: 44.54px

image_10.JPG
  Shared markers: [8, 9, 10, 11, 12, 13, 14, 15, 16, 20, 22, 24, 26, 27, 28, 29, 34, 35, 37, 39, 40, 65]
  ArUco scale relative to reference: 1.766x
  Using 88 corresponding points
  Removing bad markers: [35, 37, 39, 65]
  Recalculated using: [8, 9, 10, 11, 12, 13, 14, 15, 16, 20, 22, 24, 26, 27, 28, 29, 34, 40]
  Marker 8: mean=3.47px, max=4.91px
  Marker 9: mean=2.04px, max=3.28px
  Marker 10: mean=4.21px, max=7.51px
  Marker 11: mean=1.57px, max=2.79px
  Marker 12: mean=1.94px, max=3.65px
  Marker 13: mean=3.29px, max=5.56px
  Marker 14: mean=2.61px, max=4.79px
  Marker 15: mean=3.02px, max=4.43px
  Marker 16: mean=1.09px, max=1.89px
  Marker 20: mean=2.24px, max=3.62px
  Marker 22: mean=1.31px, max=2.00px
  Marker 24: mean=4.12px, max=5.59px
  Marker 26: mean=3.31px, max=4.74px
  Marker 27: mean=1.34px, max=2.50px
  Marker 28: mean=1.53px, max=2.79px
  Marker 29: mean=7.32px, max=10.90px
  Marker 34: mean=5.01px, max=7.51px
  Marker 35: mean=32.01px, max=38.07px
  Marker 37: mean=18.41px, max=22.45px
  Marker 39: mean=14.61px, max=18.39px
  Marker 40: mean=6.99px, max=9.69px
  Marker 65: mean=10.20px, max=13.44px
  Homography calculated
  RANSAC inliers: 42/72
  Saved: image_10_registered.JPG
  Mean marker error: 5.98px
  Max marker error: 38.07px

image_11.JPG
  Shared markers: [8, 9, 10, 11, 12, 13, 14, 15, 16, 19, 20, 21, 22, 23, 24, 25, 26, 27, 28, 29, 31, 34, 39, 40, 42, 44, 46, 52, 53, 54, 56, 65, 74, 75, 80]
  ArUco scale relative to reference: 1.767x
  Using 140 corresponding points
  Removing bad markers: [11, 13, 21, 27, 28, 39, 53, 65]
  Recalculated using: [8, 9, 10, 12, 14, 15, 16, 19, 20, 22, 23, 24, 25, 26, 29, 31, 34, 40, 42, 44, 46, 52, 54, 56, 74, 75, 80]
  Marker 8: mean=6.58px, max=8.75px
  Marker 9: mean=2.69px, max=5.40px
  Marker 10: mean=7.40px, max=9.17px
  Marker 11: mean=12.35px, max=17.93px
  Marker 12: mean=8.30px, max=9.70px
  Marker 13: mean=12.43px, max=17.81px
  Marker 14: mean=3.14px, max=5.66px
  Marker 15: mean=2.38px, max=4.15px
  Marker 16: mean=3.11px, max=5.84px
  Marker 19: mean=2.43px, max=4.81px
  Marker 20: mean=7.00px, max=11.46px
  Marker 21: mean=19.89px, max=26.29px
  Marker 22: mean=4.43px, max=8.05px
  Marker 23: mean=5.81px, max=10.09px
  Marker 24: mean=3.82px, max=7.57px
  Marker 25: mean=5.70px, max=10.07px
  Marker 26: mean=2.87px, max=4.46px
  Marker 27: mean=14.04px, max=19.90px
  Marker 28: mean=14.60px, max=20.43px
  Marker 29: mean=3.73px, max=5.93px
  Marker 31: mean=3.67px, max=6.20px
  Marker 34: mean=7.10px, max=12.00px
  Marker 39: mean=16.53px, max=23.50px
  Marker 40: mean=3.65px, max=7.02px
  Marker 42: mean=5.81px, max=10.06px
  Marker 44: mean=2.06px, max=4.22px
  Marker 46: mean=3.14px, max=4.78px
  Marker 52: mean=7.81px, max=11.91px
  Marker 53: mean=21.07px, max=27.34px
  Marker 54: mean=3.95px, max=5.38px
  Marker 56: mean=1.68px, max=2.26px
  Marker 65: mean=38.63px, max=47.10px
  Marker 74: mean=1.94px, max=3.74px
  Marker 75: mean=2.08px, max=4.42px
  Marker 80: mean=3.42px, max=6.41px
  Homography calculated
  RANSAC inliers: 43/108
  Saved: image_11_registered.JPG
  Mean marker error: 7.58px
  Max marker error: 47.10px

Saved image scales: homographies\drawer_008\image_scales.json

==================================================
Processing drawer_009
==================================================
Reference image: image_01.JPG
Markers: [8, 9, 10, 11, 12, 13, 14, 15, 16, 19, 20, 21, 22, 23, 24, 25, 26, 27, 28, 29, 31, 32, 34, 35, 36, 37, 38, 39, 40, 41, 42, 43, 44, 45, 46, 47, 48, 49, 51, 52, 53, 54, 55, 56, 60, 62, 64, 65, 66, 67, 68, 70, 71, 72, 73, 74, 75, 76, 77, 78, 80]

image_02.JPG
  Shared markers: [8, 10, 12, 19, 21, 25, 31, 42, 44, 46, 47, 48, 52, 53, 54, 55, 56, 64, 68, 71, 72, 73, 74, 75, 76, 77, 80]
  ArUco scale relative to reference: 1.730x
  Using 108 corresponding points
  Removing bad markers: [21, 25, 42, 52, 53, 64, 71, 73, 76, 77]
  Recalculated using: [8, 10, 12, 19, 31, 44, 46, 47, 48, 54, 55, 56, 68, 72, 74, 75, 80]
  Marker 8: mean=3.28px, max=6.35px
  Marker 10: mean=2.71px, max=4.98px
  Marker 12: mean=4.32px, max=7.18px
  Marker 19: mean=9.62px, max=14.46px
  Marker 21: mean=42.79px, max=52.16px
  Marker 25: mean=20.83px, max=27.37px
  Marker 31: mean=6.00px, max=10.64px
  Marker 42: mean=18.64px, max=24.96px
  Marker 44: mean=7.55px, max=11.70px
  Marker 46: mean=2.19px, max=3.80px
  Marker 47: mean=2.81px, max=5.29px
  Marker 48: mean=2.98px, max=5.80px
  Marker 52: mean=18.88px, max=25.08px
  Marker 53: mean=40.94px, max=49.95px
  Marker 54: mean=2.07px, max=3.23px
  Marker 55: mean=4.50px, max=7.72px
  Marker 56: mean=2.95px, max=5.84px
  Marker 64: mean=35.64px, max=42.74px
  Marker 68: mean=2.68px, max=5.99px
  Marker 71: mean=12.12px, max=16.62px
  Marker 72: mean=2.25px, max=2.58px
  Marker 73: mean=14.80px, max=20.02px
  Marker 74: mean=5.72px, max=10.02px
  Marker 75: mean=1.85px, max=3.35px
  Marker 76: mean=32.65px, max=39.93px
  Marker 77: mean=13.14px, max=17.98px
  Marker 80: mean=2.23px, max=4.12px
  Homography calculated
  RANSAC inliers: 34/68
  Saved: image_02_registered.JPG
  Mean marker error: 11.71px
  Max marker error: 52.16px

image_03.JPG
  Shared markers: [8, 10, 11, 12, 15, 16, 20, 22, 24, 26, 27, 28, 32, 34, 35, 36, 37, 38, 39, 40, 41, 45, 47, 67, 68, 72]
  ArUco scale relative to reference: 1.741x
  Using 104 corresponding points
  Removing bad markers: [11, 27, 28, 32, 36, 41, 45, 67]
  Recalculated using: [8, 10, 12, 15, 16, 20, 22, 24, 26, 34, 35, 37, 38, 39, 40, 47, 68, 72]
  Marker 8: mean=1.98px, max=3.39px
  Marker 10: mean=2.14px, max=4.29px
  Marker 11: mean=21.44px, max=26.75px
  Marker 12: mean=1.72px, max=2.60px
  Marker 15: mean=7.71px, max=11.44px
  Marker 16: mean=6.70px, max=9.16px
  Marker 20: mean=5.87px, max=10.26px
  Marker 22: mean=2.75px, max=3.44px
  Marker 24: mean=4.42px, max=8.79px
  Marker 26: mean=3.05px, max=5.87px
  Marker 27: mean=19.87px, max=25.83px
  Marker 28: mean=17.40px, max=23.14px
  Marker 32: mean=16.92px, max=23.13px
  Marker 34: mean=2.73px, max=3.97px
  Marker 35: mean=6.01px, max=10.33px
  Marker 36: mean=17.86px, max=23.98px
  Marker 37: mean=3.51px, max=6.45px
  Marker 38: mean=3.69px, max=7.65px
  Marker 39: mean=2.73px, max=3.92px
  Marker 40: mean=6.17px, max=8.46px
  Marker 41: mean=10.39px, max=15.88px
  Marker 45: mean=26.90px, max=34.43px
  Marker 47: mean=3.27px, max=5.29px
  Marker 67: mean=37.94px, max=46.37px
  Marker 68: mean=3.29px, max=5.78px
  Marker 72: mean=3.09px, max=5.43px
  Homography calculated
  RANSAC inliers: 31/72
  Saved: image_03_registered.JPG
  Mean marker error: 9.21px
  Max marker error: 46.37px

image_04.JPG
  Shared markers: [10, 12, 14, 19, 21, 23, 25, 29, 31, 42, 44, 46, 48, 52, 53, 54, 55, 56, 74, 75, 77, 80]
  ArUco scale relative to reference: 1.730x
  Using 88 corresponding points
  Removing bad markers: [48, 55, 77]
  Recalculated using: [10, 12, 14, 19, 21, 23, 25, 29, 31, 42, 44, 46, 52, 53, 54, 56, 74, 75, 80]
  Marker 10: mean=3.05px, max=4.79px
  Marker 12: mean=1.72px, max=3.12px
  Marker 14: mean=9.61px, max=13.78px
  Marker 19: mean=1.63px, max=1.97px
  Marker 21: mean=7.04px, max=10.30px
  Marker 23: mean=1.92px, max=4.02px
  Marker 25: mean=1.45px, max=2.61px
  Marker 29: mean=2.78px, max=5.43px
  Marker 31: mean=3.15px, max=4.56px
  Marker 42: mean=1.30px, max=2.22px
  Marker 44: mean=1.26px, max=2.44px
  Marker 46: mean=0.81px, max=1.28px
  Marker 48: mean=16.64px, max=20.47px
  Marker 52: mean=1.58px, max=2.87px
  Marker 53: mean=6.63px, max=9.61px
  Marker 54: mean=2.60px, max=3.67px
  Marker 55: mean=11.81px, max=15.26px
  Marker 56: mean=1.23px, max=1.86px
  Marker 74: mean=2.97px, max=4.26px
  Marker 75: mean=4.62px, max=6.76px
  Marker 77: mean=33.52px, max=38.87px
  Marker 80: mean=3.81px, max=5.90px
  Homography calculated
  RANSAC inliers: 44/76
  Saved: image_04_registered.JPG
  Mean marker error: 5.51px
  Max marker error: 38.87px

image_05.JPG
  Shared markers: [8, 10, 12, 14, 19, 21, 23, 25, 29, 31, 42, 44, 46, 47, 48, 52, 53, 54, 55, 56, 64, 68, 71, 72, 73, 74, 75, 76, 77, 80]
  ArUco scale relative to reference: 1.745x
  Using 120 corresponding points
  Removing bad markers: [8, 14, 21, 47, 48, 55, 64, 68, 71, 72, 73, 76, 77]
  Recalculated using: [10, 12, 19, 23, 25, 29, 31, 42, 44, 46, 52, 53, 54, 56, 74, 75, 80]
  Marker 8: mean=14.60px, max=19.95px
  Marker 10: mean=2.30px, max=4.36px
  Marker 12: mean=3.01px, max=6.21px
  Marker 14: mean=15.33px, max=20.82px
  Marker 19: mean=2.27px, max=3.73px
  Marker 21: mean=10.52px, max=14.98px
  Marker 23: mean=3.36px, max=6.54px
  Marker 25: mean=2.17px, max=4.32px
  Marker 29: mean=5.64px, max=9.21px
  Marker 31: mean=2.93px, max=4.69px
  Marker 42: mean=1.63px, max=3.09px
  Marker 44: mean=1.44px, max=2.34px
  Marker 46: mean=1.07px, max=1.70px
  Marker 47: mean=66.80px, max=74.25px
  Marker 48: mean=15.67px, max=19.80px
  Marker 52: mean=1.96px, max=4.00px
  Marker 53: mean=9.47px, max=13.77px
  Marker 54: mean=2.72px, max=3.79px
  Marker 55: mean=11.98px, max=15.73px
  Marker 56: mean=1.53px, max=2.30px
  Marker 64: mean=81.18px, max=90.23px
  Marker 68: mean=100.36px, max=112.34px
  Marker 71: mean=64.68px, max=71.13px
  Marker 72: mean=77.61px, max=86.71px
  Marker 73: mean=40.59px, max=47.07px
  Marker 74: mean=3.06px, max=4.60px
  Marker 75: mean=4.36px, max=6.75px
  Marker 76: mean=64.74px, max=73.44px
  Marker 77: mean=30.50px, max=36.33px
  Marker 80: mean=4.15px, max=6.46px
  Homography calculated
  RANSAC inliers: 39/68
  Saved: image_05_registered.JPG
  Mean marker error: 21.59px
  Max marker error: 112.34px

image_06.JPG
  Shared markers: [44, 46, 47, 48, 49, 54, 55, 56, 62, 64, 66, 68, 70, 71, 72, 73, 75, 76, 77, 78, 80]
  ArUco scale relative to reference: 1.714x
  Using 84 corresponding points
  Removing bad markers: [44, 54, 56, 62, 68]
  Recalculated using: [46, 47, 48, 49, 55, 64, 66, 70, 71, 72, 73, 75, 76, 77, 78, 80]
  Marker 44: mean=39.52px, max=47.52px
  Marker 46: mean=5.54px, max=8.50px
  Marker 47: mean=1.52px, max=2.81px
  Marker 48: mean=2.18px, max=3.05px
  Marker 49: mean=1.17px, max=2.28px
  Marker 54: mean=19.41px, max=24.70px
  Marker 55: mean=1.57px, max=2.56px
  Marker 56: mean=15.87px, max=20.64px
  Marker 62: mean=14.73px, max=18.03px
  Marker 64: mean=1.13px, max=2.18px
  Marker 66: mean=1.29px, max=2.41px
  Marker 68: mean=17.88px, max=21.31px
  Marker 70: mean=6.30px, max=8.42px
  Marker 71: mean=2.06px, max=2.75px
  Marker 72: mean=7.12px, max=9.25px
  Marker 73: mean=1.89px, max=3.10px
  Marker 75: mean=1.32px, max=1.98px
  Marker 76: mean=1.34px, max=2.82px
  Marker 77: mean=1.15px, max=1.82px
  Marker 78: mean=5.82px, max=8.61px
  Marker 80: mean=4.77px, max=7.51px
  Homography calculated
  RANSAC inliers: 42/64
  Saved: image_06_registered.JPG
  Mean marker error: 7.31px
  Max marker error: 47.52px

image_07.JPG
  Shared markers: [32, 34, 35, 36, 37, 38, 39, 40, 41, 43, 45, 46, 47, 48, 49, 51, 55, 60, 62, 64, 66, 67, 68, 70, 71, 72, 73, 75, 76, 77, 78, 80]
  ArUco scale relative to reference: 1.726x
  Using 128 corresponding points
  Removing bad markers: [36, 43, 45, 51, 64, 66, 67, 76, 78]
  Recalculated using: [32, 34, 35, 37, 38, 39, 40, 41, 46, 47, 48, 49, 55, 60, 62, 68, 70, 71, 72, 73, 75, 77, 80]
  Marker 32: mean=9.36px, max=13.96px
  Marker 34: mean=7.24px, max=11.38px
  Marker 35: mean=5.22px, max=8.38px
  Marker 36: mean=12.99px, max=17.61px
  Marker 37: mean=4.10px, max=6.41px
  Marker 38: mean=2.42px, max=3.66px
  Marker 39: mean=3.30px, max=6.34px
  Marker 40: mean=4.03px, max=6.24px
  Marker 41: mean=2.32px, max=4.57px
  Marker 43: mean=13.67px, max=18.95px
  Marker 45: mean=14.09px, max=19.53px
  Marker 46: mean=1.92px, max=3.04px
  Marker 47: mean=5.63px, max=7.65px
  Marker 48: mean=2.78px, max=4.82px
  Marker 49: mean=2.40px, max=4.29px
  Marker 51: mean=42.05px, max=49.71px
  Marker 55: mean=2.32px, max=2.39px
  Marker 60: mean=3.87px, max=7.80px
  Marker 62: mean=2.44px, max=3.39px
  Marker 64: mean=12.93px, max=18.01px
  Marker 66: mean=12.53px, max=17.42px
  Marker 67: mean=26.40px, max=32.50px
  Marker 68: mean=5.14px, max=7.58px
  Marker 70: mean=2.29px, max=3.41px
  Marker 71: mean=2.01px, max=3.79px
  Marker 72: mean=6.85px, max=8.47px
  Marker 73: mean=3.17px, max=6.39px
  Marker 75: mean=3.45px, max=5.22px
  Marker 76: mean=13.11px, max=18.17px
  Marker 77: mean=3.40px, max=6.76px
  Marker 78: mean=29.56px, max=36.75px
  Marker 80: mean=2.43px, max=4.51px
  Homography calculated
  RANSAC inliers: 42/92
  Saved: image_07_registered.JPG
  Mean marker error: 8.29px
  Max marker error: 49.71px

image_08.JPG
  Shared markers: [16, 20, 22, 26, 32, 34, 35, 36, 37, 38, 39, 40, 41, 43, 45, 51, 60, 62, 67, 68, 70, 72]
  ArUco scale relative to reference: 1.734x
  Using 88 corresponding points
  Removing bad markers: [20, 22, 26]
  Recalculated using: [16, 32, 34, 35, 36, 37, 38, 39, 40, 41, 43, 45, 51, 60, 62, 67, 68, 70, 72]
  Marker 16: mean=3.13px, max=5.96px
  Marker 20: mean=28.33px, max=33.54px
  Marker 22: mean=11.67px, max=15.56px
  Marker 26: mean=14.72px, max=18.88px
  Marker 32: mean=2.72px, max=4.72px
  Marker 34: mean=3.62px, max=6.39px
  Marker 35: mean=2.44px, max=3.99px
  Marker 36: mean=1.72px, max=3.28px
  Marker 37: mean=4.49px, max=6.02px
  Marker 38: mean=5.01px, max=6.44px
  Marker 39: mean=1.71px, max=2.81px
  Marker 40: mean=2.19px, max=4.10px
  Marker 41: mean=3.80px, max=5.45px
  Marker 43: mean=1.89px, max=3.28px
  Marker 45: mean=1.64px, max=2.82px
  Marker 51: mean=8.77px, max=12.35px
  Marker 60: mean=1.84px, max=2.08px
  Marker 62: mean=2.58px, max=4.98px
  Marker 67: mean=2.73px, max=5.11px
  Marker 68: mean=3.10px, max=4.73px
  Marker 70: mean=8.53px, max=12.33px
  Marker 72: mean=1.60px, max=2.56px
  Homography calculated
  RANSAC inliers: 44/76
  Saved: image_08_registered.JPG
  Mean marker error: 5.37px
  Max marker error: 33.54px

image_09.JPG
  Shared markers: [8, 9, 11, 12, 13, 14, 15, 16, 20, 22, 24, 26, 27, 28, 32, 34, 35, 36, 37, 38, 39, 40, 41, 45, 67, 68, 72]
  ArUco scale relative to reference: 1.748x
  Using 108 corresponding points
  Removing bad markers: [32, 35, 36, 37, 38, 39, 41, 45, 67, 68, 72]
  Recalculated using: [8, 9, 11, 12, 13, 14, 15, 16, 20, 22, 24, 26, 27, 28, 34, 40]
  Marker 8: mean=1.10px, max=2.06px
  Marker 9: mean=1.45px, max=2.66px
  Marker 11: mean=1.36px, max=2.77px
  Marker 12: mean=5.37px, max=7.07px
  Marker 13: mean=1.71px, max=2.96px
  Marker 14: mean=5.61px, max=7.19px
  Marker 15: mean=3.49px, max=4.24px
  Marker 16: mean=4.40px, max=6.79px
  Marker 20: mean=2.18px, max=4.05px
  Marker 22: mean=2.44px, max=3.77px
  Marker 24: mean=4.65px, max=6.61px
  Marker 26: mean=5.24px, max=7.01px
  Marker 27: mean=1.68px, max=3.27px
  Marker 28: mean=1.82px, max=2.88px
  Marker 32: mean=61.76px, max=71.27px
  Marker 34: mean=3.70px, max=7.18px
  Marker 35: mean=28.18px, max=34.83px
  Marker 36: mean=54.26px, max=63.19px
  Marker 37: mean=12.43px, max=17.55px
  Marker 38: mean=31.42px, max=38.46px
  Marker 39: mean=12.46px, max=17.51px
  Marker 40: mean=2.82px, max=5.47px
  Marker 41: mean=70.91px, max=80.27px
  Marker 45: mean=87.86px, max=99.37px
  Marker 67: mean=92.26px, max=103.98px
  Marker 68: mean=65.07px, max=72.90px
  Marker 72: mean=68.36px, max=77.83px
  Homography calculated
  RANSAC inliers: 41/64
  Saved: image_09_registered.JPG
  Mean marker error: 23.48px
  Max marker error: 103.98px

image_10.JPG
  Shared markers: [8, 9, 11, 12, 13, 14, 15, 16, 20, 22, 24, 26, 27, 28, 29, 34, 35, 37, 39, 40, 65]
  ArUco scale relative to reference: 1.747x
  Using 84 corresponding points
  Removing bad markers: [29, 34, 35, 37, 39, 40]
  Recalculated using: [8, 9, 11, 12, 13, 14, 15, 16, 20, 22, 24, 26, 27, 28, 65]
  Marker 8: mean=0.80px, max=1.49px
  Marker 9: mean=1.60px, max=3.13px
  Marker 11: mean=1.02px, max=1.94px
  Marker 12: mean=5.19px, max=7.07px
  Marker 13: mean=1.35px, max=2.43px
  Marker 14: mean=5.16px, max=6.87px
  Marker 15: mean=1.94px, max=3.03px
  Marker 16: mean=3.12px, max=5.64px
  Marker 20: mean=1.86px, max=3.28px
  Marker 22: mean=4.42px, max=6.86px
  Marker 24: mean=1.39px, max=2.71px
  Marker 26: mean=1.51px, max=1.79px
  Marker 27: mean=1.19px, max=1.63px
  Marker 28: mean=1.35px, max=2.33px
  Marker 29: mean=12.24px, max=15.07px
  Marker 34: mean=10.65px, max=14.34px
  Marker 35: mean=45.27px, max=53.30px
  Marker 37: mean=26.35px, max=32.08px
  Marker 39: mean=22.92px, max=28.29px
  Marker 40: mean=11.33px, max=15.19px
  Marker 65: mean=5.03px, max=6.95px
  Homography calculated
  RANSAC inliers: 43/60
  Saved: image_10_registered.JPG
  Mean marker error: 7.89px
  Max marker error: 53.30px

image_11.JPG
  Shared markers: [8, 9, 10, 11, 12, 13, 14, 15, 16, 19, 20, 21, 22, 23, 24, 25, 26, 27, 28, 29, 31, 34, 42, 44, 46, 52, 53, 54, 56, 65, 74]
  ArUco scale relative to reference: 1.750x
  Using 124 corresponding points
  Removing bad markers: [11, 13, 21, 27, 28, 53, 65]
  Recalculated using: [8, 9, 10, 12, 14, 15, 16, 19, 20, 22, 23, 24, 25, 26, 29, 31, 34, 42, 44, 46, 52, 54, 56, 74]
  Marker 8: mean=6.76px, max=9.13px
  Marker 9: mean=3.09px, max=6.14px
  Marker 10: mean=9.04px, max=10.59px
  Marker 11: mean=14.18px, max=19.58px
  Marker 12: mean=9.42px, max=10.95px
  Marker 13: mean=13.88px, max=19.01px
  Marker 14: mean=3.59px, max=6.29px
  Marker 15: mean=2.23px, max=4.32px
  Marker 16: mean=4.68px, max=7.78px
  Marker 19: mean=4.56px, max=6.89px
  Marker 20: mean=8.72px, max=13.43px
  Marker 21: mean=11.58px, max=16.16px
  Marker 22: mean=5.03px, max=9.09px
  Marker 23: mean=2.25px, max=4.79px
  Marker 24: mean=5.15px, max=9.42px
  Marker 25: mean=2.22px, max=4.46px
  Marker 26: mean=3.52px, max=5.49px
  Marker 27: mean=16.23px, max=22.17px
  Marker 28: mean=17.13px, max=22.98px
  Marker 29: mean=5.22px, max=7.29px
  Marker 31: mean=6.01px, max=8.20px
  Marker 34: mean=9.21px, max=14.99px
  Marker 42: mean=2.17px, max=4.38px
  Marker 44: mean=1.31px, max=1.88px
  Marker 46: mean=1.05px, max=1.41px
  Marker 52: mean=3.09px, max=5.94px
  Marker 53: mean=12.32px, max=16.65px
  Marker 54: mean=3.40px, max=4.49px
  Marker 56: mean=1.26px, max=2.71px
  Marker 65: mean=39.50px, max=47.29px
  Marker 74: mean=3.21px, max=4.88px
  Homography calculated
  RANSAC inliers: 40/96
  Saved: image_11_registered.JPG
  Mean marker error: 7.45px
  Max marker error: 47.29px

Saved image scales: homographies\drawer_009\image_scales.json

==================================================
Processing drawer_010
==================================================
Reference image: image_01.JPG
Markers: [8, 9, 10, 11, 12, 13, 14, 15, 16, 19, 20, 21, 22, 23, 24, 25, 26, 27, 28, 29, 31, 32, 34, 35, 36, 37, 38, 39, 40, 41, 42, 43, 44, 45, 46, 47, 48, 49, 51, 52, 53, 54, 55, 56, 60, 62, 64, 65, 66, 67, 68, 70, 71, 72, 73, 74, 75, 76, 77, 78, 80]

image_02.JPG
  Shared markers: [8, 10, 12, 25, 31, 42, 44, 46, 47, 48, 49, 52, 53, 54, 55, 56, 60, 62, 64, 66, 68, 70, 71, 72, 73, 74, 75, 76, 77, 78, 80]
  ArUco scale relative to reference: 1.716x
  Using 124 corresponding points
  Removing bad markers: [8, 10, 12, 25, 31, 42, 44, 52, 53, 54, 56, 60, 68, 74, 78]
  Recalculated using: [46, 47, 48, 49, 55, 62, 64, 66, 70, 71, 72, 73, 75, 76, 77, 80]
  Marker 8: mean=128.79px, max=142.70px
  Marker 10: mean=97.63px, max=107.29px
  Marker 12: mean=107.86px, max=119.40px
  Marker 25: mean=107.68px, max=119.01px
  Marker 31: mean=97.10px, max=106.44px
  Marker 42: mean=87.48px, max=97.95px
  Marker 44: mean=41.08px, max=48.20px
  Marker 46: mean=9.63px, max=12.74px
  Marker 47: mean=4.64px, max=5.36px
  Marker 48: mean=1.38px, max=2.59px
  Marker 49: mean=3.26px, max=3.57px
  Marker 52: mean=73.48px, max=83.54px
  Marker 53: mean=123.63px, max=137.18px
  Marker 54: mean=23.13px, max=28.09px
  Marker 55: mean=2.83px, max=4.79px
  Marker 56: mean=19.88px, max=24.57px
  Marker 60: mean=26.53px, max=31.46px
  Marker 62: mean=9.16px, max=12.01px
  Marker 64: mean=1.35px, max=1.66px
  Marker 66: mean=1.04px, max=1.32px
  Marker 68: mean=10.95px, max=13.97px
  Marker 70: mean=1.03px, max=2.03px
  Marker 71: mean=5.87px, max=6.02px
  Marker 72: mean=1.21px, max=1.64px
  Marker 73: mean=2.71px, max=3.75px
  Marker 74: mean=50.16px, max=57.78px
  Marker 75: mean=2.62px, max=4.61px
  Marker 76: mean=1.62px, max=3.02px
  Marker 77: mean=1.28px, max=1.75px
  Marker 78: mean=10.09px, max=12.63px
  Marker 80: mean=8.41px, max=11.38px
  Homography calculated
  RANSAC inliers: 36/64
  Saved: image_02_registered.JPG
  Mean marker error: 34.31px
  Max marker error: 142.70px

image_03.JPG
  Shared markers: [8, 10, 11, 12, 15, 16, 20, 22, 24, 26, 27, 28, 32, 34, 35, 36, 37, 38, 39, 40, 41, 43, 45, 47, 49, 60, 68, 72]
  ArUco scale relative to reference: 1.729x
  Using 112 corresponding points
  Removing bad markers: [8, 10, 11, 12, 15, 20, 22, 24, 26, 27, 28, 49]
  Recalculated using: [16, 32, 34, 35, 36, 37, 38, 39, 40, 41, 43, 45, 47, 60, 68, 72]
  Marker 8: mean=46.25px, max=50.92px
  Marker 10: mean=56.78px, max=64.03px
  Marker 11: mean=62.15px, max=69.57px
  Marker 12: mean=48.28px, max=53.99px
  Marker 15: mean=50.58px, max=56.29px
  Marker 16: mean=2.21px, max=4.42px
  Marker 20: mean=23.25px, max=28.37px
  Marker 22: mean=10.10px, max=13.92px
  Marker 24: mean=26.89px, max=32.48px
  Marker 26: mean=11.71px, max=15.62px
  Marker 27: mean=53.23px, max=60.58px
  Marker 28: mean=44.13px, max=51.11px
  Marker 32: mean=2.40px, max=4.93px
  Marker 34: mean=3.12px, max=5.89px
  Marker 35: mean=1.87px, max=3.46px
  Marker 36: mean=3.01px, max=6.22px
  Marker 37: mean=5.22px, max=6.90px
  Marker 38: mean=4.48px, max=6.57px
  Marker 39: mean=1.93px, max=3.05px
  Marker 40: mean=3.01px, max=5.01px
  Marker 41: mean=2.36px, max=4.39px
  Marker 43: mean=9.46px, max=14.25px
  Marker 45: mean=6.81px, max=11.38px
  Marker 47: mean=2.97px, max=6.06px
  Marker 49: mean=18.09px, max=24.83px
  Marker 60: mean=3.98px, max=7.64px
  Marker 68: mean=4.02px, max=6.18px
  Marker 72: mean=2.75px, max=5.35px
  Homography calculated
  RANSAC inliers: 33/64
  Saved: image_03_registered.JPG
  Mean marker error: 18.25px
  Max marker error: 69.57px

image_04.JPG
  Shared markers: [8, 10, 12, 14, 19, 21, 23, 25, 29, 31, 42, 44, 46, 48, 52, 53, 54, 55, 56, 74, 75, 80]
  ArUco scale relative to reference: 1.732x
  Using 88 corresponding points
  Removing bad markers: [8, 48, 55]
  Recalculated using: [10, 12, 14, 19, 21, 23, 25, 29, 31, 42, 44, 46, 52, 53, 54, 56, 74, 75, 80]
  Marker 8: mean=11.04px, max=14.59px
  Marker 10: mean=2.19px, max=3.94px
  Marker 12: mean=2.33px, max=4.60px
  Marker 14: mean=9.71px, max=13.45px
  Marker 19: mean=1.50px, max=2.39px
  Marker 21: mean=5.14px, max=8.15px
  Marker 23: mean=1.63px, max=2.44px
  Marker 25: mean=1.34px, max=2.16px
  Marker 29: mean=2.65px, max=5.06px
  Marker 31: mean=3.16px, max=4.32px
  Marker 42: mean=1.30px, max=2.23px
  Marker 44: mean=1.54px, max=2.27px
  Marker 46: mean=1.83px, max=3.66px
  Marker 48: mean=25.12px, max=29.79px
  Marker 52: mean=2.04px, max=4.00px
  Marker 53: mean=5.93px, max=8.68px
  Marker 54: mean=1.20px, max=2.14px
  Marker 55: mean=18.31px, max=22.67px
  Marker 56: mean=2.64px, max=4.35px
  Marker 74: mean=1.74px, max=3.02px
  Marker 75: mean=8.09px, max=10.94px
  Marker 80: mean=7.23px, max=9.97px
  Homography calculated
  RANSAC inliers: 43/76
  Saved: image_04_registered.JPG
  Mean marker error: 5.35px
  Max marker error: 29.79px

image_05.JPG
  Shared markers: [8, 10, 12, 21, 25, 31, 42, 44, 46, 47, 48, 49, 52, 53, 54, 55, 56, 64, 68, 70, 71, 72, 73, 74, 75, 76, 77, 80]
  ArUco scale relative to reference: 1.715x
  Using 112 corresponding points
  Removing bad markers: [21, 25, 42, 49, 52, 53, 64, 70, 71, 73, 76, 77]
  Recalculated using: [8, 10, 12, 31, 44, 46, 47, 48, 54, 55, 56, 68, 72, 74, 75, 80]
  Marker 8: mean=3.73px, max=4.74px
  Marker 10: mean=2.90px, max=5.89px
  Marker 12: mean=3.85px, max=6.65px
  Marker 21: mean=34.53px, max=43.12px
  Marker 25: mean=15.35px, max=21.50px
  Marker 31: mean=3.62px, max=7.47px
  Marker 42: mean=13.12px, max=18.82px
  Marker 44: mean=3.73px, max=7.40px
  Marker 46: mean=3.68px, max=5.16px
  Marker 47: mean=2.99px, max=5.12px
  Marker 48: mean=2.59px, max=4.88px
  Marker 49: mean=16.55px, max=20.78px
  Marker 52: mean=13.32px, max=18.88px
  Marker 53: mean=32.58px, max=40.73px
  Marker 54: mean=3.37px, max=5.43px
  Marker 55: mean=3.34px, max=6.19px
  Marker 56: mean=2.13px, max=2.77px
  Marker 64: mean=33.09px, max=40.15px
  Marker 68: mean=3.20px, max=6.63px
  Marker 70: mean=12.06px, max=15.30px
  Marker 71: mean=11.27px, max=15.62px
  Marker 72: mean=2.50px, max=3.07px
  Marker 73: mean=13.44px, max=18.23px
  Marker 74: mean=2.79px, max=5.64px
  Marker 75: mean=2.18px, max=3.77px
  Marker 76: mean=29.71px, max=36.45px
  Marker 77: mean=11.64px, max=16.15px
  Marker 80: mean=1.89px, max=2.32px
  Homography calculated
  RANSAC inliers: 32/64
  Saved: image_05_registered.JPG
  Mean marker error: 10.18px
  Max marker error: 43.12px

image_06.JPG
  Shared markers: [44, 46, 47, 48, 49, 54, 55, 56, 62, 64, 66, 68, 70, 71, 72, 73, 75, 76, 77, 78, 80]
  ArUco scale relative to reference: 1.700x
  Using 84 corresponding points
  Removing bad markers: [44, 54, 56, 62, 68]
  Recalculated using: [46, 47, 48, 49, 55, 64, 66, 70, 71, 72, 73, 75, 76, 77, 78, 80]
  Marker 44: mean=44.48px, max=52.91px
  Marker 46: mean=7.57px, max=10.80px
  Marker 47: mean=1.17px, max=2.21px
  Marker 48: mean=1.87px, max=2.77px
  Marker 49: mean=0.89px, max=1.78px
  Marker 54: mean=23.29px, max=28.73px
  Marker 55: mean=1.64px, max=3.07px
  Marker 56: mean=18.62px, max=23.58px
  Marker 62: mean=14.03px, max=17.23px
  Marker 64: mean=0.93px, max=1.93px
  Marker 66: mean=1.17px, max=2.17px
  Marker 68: mean=16.98px, max=20.30px
  Marker 70: mean=5.71px, max=7.82px
  Marker 71: mean=2.25px, max=2.83px
  Marker 72: mean=6.48px, max=8.41px
  Marker 73: mean=1.76px, max=2.85px
  Marker 75: mean=1.33px, max=2.59px
  Marker 76: mean=1.21px, max=2.54px
  Marker 77: mean=1.23px, max=1.81px
  Marker 78: mean=5.68px, max=8.23px
  Marker 80: mean=6.06px, max=9.00px
  Homography calculated
  RANSAC inliers: 41/64
  Saved: image_06_registered.JPG
  Mean marker error: 7.83px
  Max marker error: 52.91px

image_07.JPG
  Shared markers: [16, 32, 34, 35, 36, 37, 38, 39, 40, 41, 43, 45, 46, 47, 48, 49, 51, 55, 60, 62, 64, 66, 67, 68, 70, 71, 72, 73, 75, 76, 77, 78, 80]
  ArUco scale relative to reference: 1.709x
  Using 132 corresponding points
  Removing bad markers: [51, 64, 66, 67, 76, 78]
  Recalculated using: [16, 32, 34, 35, 36, 37, 38, 39, 40, 41, 43, 45, 46, 47, 48, 49, 55, 60, 62, 68, 70, 71, 72, 73, 75, 77, 80]
  Marker 16: mean=2.32px, max=3.91px
  Marker 32: mean=3.47px, max=7.02px
  Marker 34: mean=3.23px, max=6.73px
  Marker 35: mean=2.26px, max=3.46px
  Marker 36: mean=6.18px, max=9.93px
  Marker 37: mean=5.95px, max=7.86px
  Marker 38: mean=3.54px, max=6.07px
  Marker 39: mean=2.30px, max=2.75px
  Marker 40: mean=5.18px, max=7.28px
  Marker 41: mean=3.48px, max=6.23px
  Marker 43: mean=6.67px, max=10.99px
  Marker 45: mean=6.89px, max=11.30px
  Marker 46: mean=2.93px, max=5.33px
  Marker 47: mean=7.02px, max=8.88px
  Marker 48: mean=2.29px, max=4.28px
  Marker 49: mean=2.12px, max=3.51px
  Marker 51: mean=29.14px, max=35.58px
  Marker 55: mean=2.82px, max=4.87px
  Marker 60: mean=2.22px, max=4.04px
  Marker 62: mean=4.23px, max=6.29px
  Marker 64: mean=14.24px, max=19.84px
  Marker 66: mean=12.51px, max=17.80px
  Marker 67: mean=16.48px, max=21.42px
  Marker 68: mean=7.87px, max=9.69px
  Marker 70: mean=3.73px, max=6.04px
  Marker 71: mean=2.36px, max=4.46px
  Marker 72: mean=8.63px, max=10.07px
  Marker 73: mean=4.47px, max=8.24px
  Marker 75: mean=2.68px, max=4.93px
  Marker 76: mean=15.55px, max=21.30px
  Marker 77: mean=5.49px, max=9.41px
  Marker 78: mean=33.19px, max=41.16px
  Marker 80: mean=4.19px, max=8.13px
  Homography calculated
  RANSAC inliers: 47/108
  Saved: image_07_registered.JPG
  Mean marker error: 7.14px
  Max marker error: 41.16px

image_08.JPG
  Shared markers: [16, 20, 22, 26, 32, 34, 35, 36, 37, 38, 39, 40, 41, 43, 45, 47, 51, 60, 62, 67, 68, 70, 72]
  ArUco scale relative to reference: 1.711x
  Using 92 corresponding points
  Removing bad markers: [20, 22, 26, 51]
  Recalculated using: [16, 32, 34, 35, 36, 37, 38, 39, 40, 41, 43, 45, 47, 60, 62, 67, 68, 70, 72]
  Marker 16: mean=2.47px, max=4.81px
  Marker 20: mean=27.43px, max=33.54px
  Marker 22: mean=11.14px, max=15.61px
  Marker 26: mean=13.16px, max=17.79px
  Marker 32: mean=1.62px, max=3.00px
  Marker 34: mean=3.58px, max=6.61px
  Marker 35: mean=1.74px, max=2.28px
  Marker 36: mean=2.29px, max=4.77px
  Marker 37: mean=4.12px, max=5.90px
  Marker 38: mean=3.35px, max=5.19px
  Marker 39: mean=2.03px, max=2.33px
  Marker 40: mean=2.70px, max=4.79px
  Marker 41: mean=2.71px, max=4.50px
  Marker 43: mean=3.69px, max=6.50px
  Marker 45: mean=3.02px, max=5.94px
  Marker 47: mean=2.97px, max=5.65px
  Marker 51: mean=16.07px, max=20.44px
  Marker 60: mean=1.84px, max=2.57px
  Marker 62: mean=1.90px, max=3.10px
  Marker 67: mean=8.20px, max=11.43px
  Marker 68: mean=3.81px, max=5.15px
  Marker 70: mean=4.76px, max=7.89px
  Marker 72: mean=1.95px, max=3.77px
  Homography calculated
  RANSAC inliers: 46/76
  Saved: image_08_registered.JPG
  Mean marker error: 5.50px
  Max marker error: 33.54px

image_09.JPG
  Shared markers: [8, 10, 11, 12, 15, 16, 20, 22, 24, 26, 27, 28, 32, 34, 35, 36, 37, 38, 39, 40, 41, 43, 45, 47, 51, 60, 62, 67, 68, 70, 72]
  ArUco scale relative to reference: 1.731x
  Using 124 corresponding points
  Removing bad markers: [11, 15, 20, 24, 27, 28, 36, 43, 45, 47, 51, 67, 72]
  Recalculated using: [8, 10, 12, 16, 22, 26, 32, 34, 35, 37, 38, 39, 40, 41, 60, 62, 68, 70]
  Marker 8: mean=4.29px, max=7.79px
  Marker 10: mean=3.50px, max=5.84px
  Marker 11: mean=34.09px, max=41.29px
  Marker 12: mean=2.64px, max=5.22px
  Marker 15: mean=15.31px, max=20.88px
  Marker 16: mean=3.47px, max=6.46px
  Marker 20: mean=14.59px, max=20.10px
  Marker 22: mean=6.00px, max=10.28px
  Marker 24: mean=13.19px, max=18.95px
  Marker 26: mean=3.83px, max=7.55px
  Marker 27: mean=32.49px, max=39.94px
  Marker 28: mean=29.45px, max=36.66px
  Marker 32: mean=7.91px, max=13.14px
  Marker 34: mean=3.04px, max=5.78px
  Marker 35: mean=4.22px, max=7.91px
  Marker 36: mean=11.25px, max=16.37px
  Marker 37: mean=3.93px, max=6.61px
  Marker 38: mean=2.69px, max=4.02px
  Marker 39: mean=2.98px, max=4.94px
  Marker 40: mean=4.39px, max=6.93px
  Marker 41: mean=2.83px, max=5.07px
  Marker 43: mean=13.66px, max=19.88px
  Marker 45: mean=13.28px, max=19.43px
  Marker 47: mean=11.20px, max=13.77px
  Marker 51: mean=42.96px, max=52.31px
  Marker 60: mean=3.58px, max=7.20px
  Marker 62: mean=3.44px, max=6.60px
  Marker 67: mean=24.86px, max=31.96px
  Marker 68: mean=8.31px, max=11.03px
  Marker 70: mean=3.96px, max=7.24px
  Marker 72: mean=11.20px, max=13.41px
  Homography calculated
  RANSAC inliers: 31/72
  Saved: image_09_registered.JPG
  Mean marker error: 11.05px
  Max marker error: 52.31px

image_10.JPG
  Shared markers: [8, 9, 10, 11, 12, 13, 14, 15, 16, 19, 20, 22, 24, 26, 27, 28, 29, 34, 35, 37, 38, 39, 40, 65]
  ArUco scale relative to reference: 1.745x
  Using 96 corresponding points
  Removing bad markers: [35, 37, 38, 39, 65]
  Recalculated using: [8, 9, 10, 11, 12, 13, 14, 15, 16, 19, 20, 22, 24, 26, 27, 28, 29, 34, 40]
  Marker 8: mean=6.86px, max=8.38px
  Marker 9: mean=2.14px, max=4.11px
  Marker 10: mean=2.40px, max=4.56px
  Marker 11: mean=1.55px, max=2.48px
  Marker 12: mean=5.82px, max=8.05px
  Marker 13: mean=2.21px, max=4.14px
  Marker 14: mean=2.17px, max=4.04px
  Marker 15: mean=5.08px, max=6.75px
  Marker 16: mean=1.43px, max=2.32px
  Marker 19: mean=9.08px, max=13.74px
  Marker 20: mean=1.54px, max=2.47px
  Marker 22: mean=1.65px, max=3.05px
  Marker 24: mean=3.45px, max=5.18px
  Marker 26: mean=2.67px, max=4.15px
  Marker 27: mean=1.45px, max=2.57px
  Marker 28: mean=1.54px, max=2.39px
  Marker 29: mean=2.65px, max=5.33px
  Marker 34: mean=6.21px, max=8.74px
  Marker 35: mean=29.43px, max=34.99px
  Marker 37: mean=17.07px, max=20.98px
  Marker 38: mean=35.36px, max=41.61px
  Marker 39: mean=14.80px, max=18.39px
  Marker 40: mean=7.08px, max=9.76px
  Marker 65: mean=10.08px, max=13.23px
  Homography calculated
  RANSAC inliers: 42/76
  Saved: image_10_registered.JPG
  Mean marker error: 7.24px
  Max marker error: 41.61px

image_11.JPG
  Shared markers: [8, 9, 10, 11, 12, 13, 14, 15, 16, 19, 20, 21, 22, 23, 24, 25, 26, 27, 28, 29, 31, 34, 40, 42, 44, 46, 52, 53, 54, 56, 65, 74, 80]
  ArUco scale relative to reference: 1.743x
  Using 132 corresponding points
  Removing bad markers: [8, 9, 10, 12, 14, 15, 19, 29, 31, 53, 65]
  Recalculated using: [11, 13, 16, 20, 21, 22, 23, 24, 25, 26, 27, 28, 34, 40, 42, 44, 46, 52, 54, 56, 74, 80]
  Marker 8: mean=16.38px, max=17.88px
  Marker 9: mean=10.80px, max=13.57px
  Marker 10: mean=15.91px, max=17.22px
  Marker 11: mean=2.66px, max=5.10px
  Marker 12: mean=17.45px, max=18.44px
  Marker 13: mean=2.99px, max=5.94px
  Marker 14: mean=14.40px, max=16.22px
  Marker 15: mean=11.78px, max=14.13px
  Marker 16: mean=8.68px, max=11.97px
  Marker 19: mean=12.03px, max=14.16px
  Marker 20: mean=3.38px, max=5.12px
  Marker 21: mean=7.16px, max=11.73px
  Marker 22: mean=3.57px, max=5.95px
  Marker 23: mean=4.84px, max=8.04px
  Marker 24: mean=5.70px, max=9.20px
  Marker 25: mean=3.20px, max=6.20px
  Marker 26: mean=8.19px, max=11.12px
  Marker 27: mean=3.04px, max=6.09px
  Marker 28: mean=3.90px, max=7.83px
  Marker 29: mean=14.35px, max=15.87px
  Marker 31: mean=11.73px, max=13.64px
  Marker 34: mean=4.07px, max=7.62px
  Marker 40: mean=4.14px, max=6.71px
  Marker 42: mean=2.00px, max=3.75px
  Marker 44: mean=1.71px, max=2.20px
  Marker 46: mean=1.47px, max=2.66px
  Marker 52: mean=2.82px, max=5.85px
  Marker 53: mean=10.17px, max=14.67px
  Marker 54: mean=3.16px, max=4.38px
  Marker 56: mean=2.49px, max=4.53px
  Marker 65: mean=18.14px, max=24.14px
  Marker 74: mean=3.85px, max=5.71px
  Marker 80: mean=8.61px, max=11.93px
  Homography calculated
  RANSAC inliers: 42/88
  Saved: image_11_registered.JPG
  Mean marker error: 7.42px
  Max marker error: 24.14px

Saved image scales: homographies\drawer_010\image_scales.json

==================================================
Processing drawer_011
==================================================
Reference image: image_01.JPG
Markers: [8, 9, 10, 11, 12, 13, 14, 15, 16, 19, 20, 21, 22, 23, 24, 25, 26, 27, 28, 29, 31, 32, 34, 35, 36, 37, 38, 39, 40, 41, 42, 43, 44, 45, 46, 47, 48, 49, 51, 52, 53, 54, 55, 56, 60, 62, 64, 65, 66, 67, 68, 70, 71, 72, 73, 74, 75, 76, 77, 78, 80]

image_02.JPG
  Shared markers: [8, 10, 12, 19, 21, 23, 25, 31, 42, 44, 46, 47, 48, 52, 54, 55, 56, 64, 68, 71, 72, 73, 74, 75, 76, 77, 80]
  ArUco scale relative to reference: 1.757x
  Using 108 corresponding points
  Removing bad markers: [8, 47, 48, 55, 64, 68, 71, 72, 73, 75, 76, 77, 80]
  Recalculated using: [10, 12, 19, 21, 23, 25, 31, 42, 44, 46, 52, 54, 56, 74]
  Marker 8: mean=23.44px, max=28.00px
  Marker 10: mean=1.78px, max=3.47px
  Marker 12: mean=9.45px, max=12.30px
  Marker 19: mean=2.01px, max=3.73px
  Marker 21: mean=6.34px, max=10.00px
  Marker 23: mean=1.80px, max=3.22px
  Marker 25: mean=1.35px, max=2.34px
  Marker 31: mean=1.86px, max=2.97px
  Marker 42: mean=1.21px, max=2.30px
  Marker 44: mean=2.11px, max=3.63px
  Marker 46: mean=6.20px, max=8.85px
  Marker 47: mean=139.12px, max=151.25px
  Marker 48: mean=41.64px, max=48.52px
  Marker 52: mean=2.01px, max=3.88px
  Marker 54: mean=1.31px, max=2.49px
  Marker 55: mean=32.10px, max=38.14px
  Marker 56: mean=6.25px, max=8.82px
  Marker 64: mean=154.30px, max=167.95px
  Marker 68: mean=188.65px, max=205.88px
  Marker 71: mean=133.49px, max=143.62px
  Marker 72: mean=156.80px, max=171.19px
  Marker 73: mean=86.74px, max=96.92px
  Marker 74: mean=1.52px, max=2.67px
  Marker 75: mean=17.50px, max=21.83px
  Marker 76: mean=125.16px, max=137.99px
  Marker 77: mean=67.22px, max=76.16px
  Marker 80: mean=14.96px, max=19.07px
  Homography calculated
  RANSAC inliers: 31/56
  Saved: image_02_registered.JPG
  Mean marker error: 45.42px
  Max marker error: 205.88px

image_03.JPG
  Shared markers: [16, 20, 22, 24, 26, 27, 28, 32, 34, 35, 37, 38, 39, 40, 41, 43, 45, 47, 49, 60, 62, 68, 70, 72]
  ArUco scale relative to reference: 1.761x
  Using 96 corresponding points
  Removing bad markers: [20, 22, 24, 26, 27, 28, 49]
  Recalculated using: [16, 32, 34, 35, 37, 38, 39, 40, 41, 43, 45, 47, 60, 62, 68, 70, 72]
  Marker 16: mean=5.22px, max=9.19px
  Marker 20: mean=36.29px, max=43.91px
  Marker 22: mean=18.16px, max=23.81px
  Marker 24: mean=40.30px, max=48.30px
  Marker 26: mean=19.05px, max=24.82px
  Marker 27: mean=77.76px, max=88.44px
  Marker 28: mean=65.96px, max=76.24px
  Marker 32: mean=2.19px, max=3.84px
  Marker 34: mean=8.57px, max=12.69px
  Marker 35: mean=2.53px, max=4.53px
  Marker 37: mean=3.31px, max=5.72px
  Marker 38: mean=3.24px, max=5.47px
  Marker 39: mean=3.59px, max=6.55px
  Marker 40: mean=2.39px, max=3.56px
  Marker 41: mean=6.02px, max=8.19px
  Marker 43: mean=3.08px, max=6.23px
  Marker 45: mean=3.22px, max=6.50px
  Marker 47: mean=1.53px, max=2.97px
  Marker 49: mean=11.51px, max=16.27px
  Marker 60: mean=3.24px, max=5.83px
  Marker 62: mean=3.26px, max=5.70px
  Marker 68: mean=7.97px, max=9.23px
  Marker 70: mean=2.32px, max=4.77px
  Marker 72: mean=5.57px, max=7.39px
  Homography calculated
  RANSAC inliers: 30/68
  Saved: image_03_registered.JPG
  Mean marker error: 14.01px
  Max marker error: 88.44px

image_04.JPG
  Shared markers: [10, 12, 19, 21, 23, 25, 29, 31, 42, 44, 46, 48, 52, 53, 54, 55, 56, 74, 75, 80]
  ArUco scale relative to reference: 1.757x
  Using 80 corresponding points
  Removing bad markers: [48, 55]
  Recalculated using: [10, 12, 19, 21, 23, 25, 29, 31, 42, 44, 46, 52, 53, 54, 56, 74, 75, 80]
  Marker 10: mean=3.84px, max=5.31px
  Marker 12: mean=1.25px, max=2.38px
  Marker 19: mean=2.40px, max=3.81px
  Marker 21: mean=4.42px, max=7.35px
  Marker 23: mean=1.45px, max=2.60px
  Marker 25: mean=1.60px, max=3.01px
  Marker 29: mean=1.62px, max=3.23px
  Marker 31: mean=4.26px, max=5.31px
  Marker 42: mean=1.39px, max=2.58px
  Marker 44: mean=1.33px, max=1.79px
  Marker 46: mean=1.05px, max=1.42px
  Marker 48: mean=21.36px, max=25.82px
  Marker 52: mean=1.58px, max=2.95px
  Marker 53: mean=5.12px, max=7.91px
  Marker 54: mean=2.11px, max=3.11px
  Marker 55: mean=14.56px, max=18.56px
  Marker 56: mean=1.47px, max=2.31px
  Marker 74: mean=2.47px, max=3.73px
  Marker 75: mean=5.22px, max=7.77px
  Marker 80: mean=4.37px, max=6.86px
  Homography calculated
  RANSAC inliers: 47/72
  Saved: image_04_registered.JPG
  Mean marker error: 4.14px
  Max marker error: 25.82px

image_05.JPG
  Shared markers: [10, 12, 21, 25, 31, 42, 44, 46, 47, 48, 52, 53, 54, 55, 56, 64, 71, 72, 73, 74, 75, 76, 77, 80]
  ArUco scale relative to reference: 1.756x
  Using 96 corresponding points
  Removing bad markers: [47, 48, 55, 64, 71, 72, 73, 76, 77]
  Recalculated using: [10, 12, 21, 25, 31, 42, 44, 46, 52, 53, 54, 56, 74, 75, 80]
  Marker 10: mean=1.68px, max=3.29px
  Marker 12: mean=5.22px, max=8.42px
  Marker 21: mean=9.68px, max=14.13px
  Marker 25: mean=2.00px, max=3.54px
  Marker 31: mean=2.94px, max=4.46px
  Marker 42: mean=1.59px, max=2.75px
  Marker 44: mean=1.52px, max=2.65px
  Marker 46: mean=2.23px, max=3.56px
  Marker 47: mean=69.14px, max=77.01px
  Marker 48: mean=14.43px, max=19.00px
  Marker 52: mean=1.83px, max=3.78px
  Marker 53: mean=8.91px, max=13.27px
  Marker 54: mean=3.47px, max=4.48px
  Marker 55: mean=11.13px, max=15.24px
  Marker 56: mean=1.75px, max=2.16px
  Marker 64: mean=84.62px, max=94.33px
  Marker 71: mean=66.81px, max=73.80px
  Marker 72: mean=81.24px, max=90.72px
  Marker 73: mean=41.54px, max=48.68px
  Marker 74: mean=3.48px, max=5.00px
  Marker 75: mean=2.46px, max=4.90px
  Marker 76: mean=67.79px, max=77.29px
  Marker 77: mean=31.05px, max=37.41px
  Marker 80: mean=3.13px, max=5.66px
  Homography calculated
  RANSAC inliers: 33/60
  Saved: image_05_registered.JPG
  Mean marker error: 21.65px
  Max marker error: 94.33px

image_06.JPG
  Shared markers: [44, 46, 47, 48, 49, 54, 55, 56, 62, 64, 66, 70, 71, 72, 73, 75, 76, 77, 78, 80]
  ArUco scale relative to reference: 1.739x
  Using 80 corresponding points
  Removing bad markers: [44, 54, 56, 62]
  Recalculated using: [46, 47, 48, 49, 55, 64, 66, 70, 71, 72, 73, 75, 76, 77, 78, 80]
  Marker 44: mean=40.20px, max=47.85px
  Marker 46: mean=6.70px, max=9.21px
  Marker 47: mean=2.39px, max=4.33px
  Marker 48: mean=1.73px, max=2.45px
  Marker 49: mean=2.18px, max=4.12px
  Marker 54: mean=21.25px, max=26.01px
  Marker 55: mean=1.39px, max=2.32px
  Marker 56: mean=15.57px, max=19.71px
  Marker 62: mean=20.56px, max=24.98px
  Marker 64: mean=1.09px, max=1.99px
  Marker 66: mean=1.72px, max=3.09px
  Marker 70: mean=9.25px, max=12.39px
  Marker 71: mean=1.78px, max=2.84px
  Marker 72: mean=9.72px, max=12.72px
  Marker 73: mean=1.91px, max=2.85px
  Marker 75: mean=1.06px, max=2.07px
  Marker 76: mean=0.98px, max=2.07px
  Marker 77: mean=1.18px, max=1.73px
  Marker 78: mean=5.05px, max=7.66px
  Marker 80: mean=4.78px, max=7.02px
  Homography calculated
  RANSAC inliers: 41/64
  Saved: image_06_registered.JPG
  Mean marker error: 7.52px
  Max marker error: 47.85px

image_07.JPG
  Shared markers: [16, 32, 34, 35, 36, 37, 38, 39, 40, 41, 43, 45, 46, 47, 48, 49, 51, 55, 56, 60, 62, 64, 66, 67, 68, 70, 71, 72, 73, 75, 76, 77, 78, 80]
  ArUco scale relative to reference: 1.757x
  Using 136 corresponding points
  Removing bad markers: [32, 36, 43, 45, 51, 56, 64, 66, 67, 76, 78]
  Recalculated using: [16, 34, 35, 37, 38, 39, 40, 41, 46, 47, 48, 49, 55, 60, 62, 68, 70, 71, 72, 73, 75, 77, 80]
  Marker 16: mean=2.64px, max=3.54px
  Marker 32: mean=11.40px, max=16.14px
  Marker 34: mean=5.50px, max=8.98px
  Marker 35: mean=6.66px, max=10.17px
  Marker 36: mean=14.67px, max=19.49px
  Marker 37: mean=2.82px, max=5.07px
  Marker 38: mean=2.81px, max=5.45px
  Marker 39: mean=3.75px, max=6.41px
  Marker 40: mean=3.23px, max=5.51px
  Marker 41: mean=3.25px, max=6.61px
  Marker 43: mean=16.18px, max=21.70px
  Marker 45: mean=16.55px, max=21.97px
  Marker 46: mean=2.31px, max=4.31px
  Marker 47: mean=4.63px, max=6.56px
  Marker 48: mean=2.20px, max=3.63px
  Marker 49: mean=3.34px, max=6.57px
  Marker 51: mean=44.66px, max=52.30px
  Marker 55: mean=2.94px, max=5.33px
  Marker 56: mean=12.34px, max=17.98px
  Marker 60: mean=5.92px, max=9.97px
  Marker 62: mean=2.45px, max=3.74px
  Marker 64: mean=18.23px, max=24.25px
  Marker 66: mean=17.39px, max=23.12px
  Marker 67: mean=28.38px, max=34.71px
  Marker 68: mean=3.69px, max=6.07px
  Marker 70: mean=2.42px, max=3.10px
  Marker 71: mean=2.17px, max=4.47px
  Marker 72: mean=5.77px, max=7.32px
  Marker 73: mean=6.27px, max=10.43px
  Marker 75: mean=2.35px, max=4.45px
  Marker 76: mean=18.76px, max=24.86px
  Marker 77: mean=6.79px, max=10.91px
  Marker 78: mean=39.06px, max=47.70px
  Marker 80: mean=3.50px, max=7.12px
  Homography calculated
  RANSAC inliers: 36/92
  Saved: image_07_registered.JPG
  Mean marker error: 9.56px
  Max marker error: 52.30px

image_08.JPG
  Shared markers: [16, 22, 26, 32, 34, 35, 36, 37, 38, 39, 40, 41, 43, 45, 47, 51, 60, 62, 67, 68, 70, 72]
  ArUco scale relative to reference: 1.755x
  Using 88 corresponding points
  Removing bad markers: [22, 26, 51]
  Recalculated using: [16, 32, 34, 35, 36, 37, 38, 39, 40, 41, 43, 45, 47, 60, 62, 67, 68, 70, 72]
  Marker 16: mean=6.68px, max=9.61px
  Marker 22: mean=16.37px, max=20.48px
  Marker 26: mean=20.37px, max=24.55px
  Marker 32: mean=1.96px, max=3.85px
  Marker 34: mean=6.68px, max=9.58px
  Marker 35: mean=1.45px, max=2.08px
  Marker 36: mean=1.49px, max=2.49px
  Marker 37: mean=2.72px, max=4.51px
  Marker 38: mean=3.72px, max=5.09px
  Marker 39: mean=1.99px, max=3.71px
  Marker 40: mean=1.49px, max=2.63px
  Marker 41: mean=4.73px, max=6.48px
  Marker 43: mean=1.88px, max=3.14px
  Marker 45: mean=1.47px, max=2.66px
  Marker 47: mean=2.16px, max=4.57px
  Marker 51: mean=10.92px, max=14.55px
  Marker 60: mean=2.11px, max=3.96px
  Marker 62: mean=2.07px, max=3.64px
  Marker 67: mean=4.51px, max=7.23px
  Marker 68: mean=5.74px, max=7.26px
  Marker 70: mean=3.61px, max=7.06px
  Marker 72: mean=3.92px, max=5.94px
  Homography calculated
  RANSAC inliers: 46/76
  Saved: image_08_registered.JPG
  Mean marker error: 4.91px
  Max marker error: 24.55px

image_09.JPG
  Shared markers: [8, 10, 11, 12, 15, 16, 20, 22, 24, 26, 27, 28, 32, 34, 35, 36, 37, 38, 39, 40, 41, 45, 47, 67, 68, 72]
  ArUco scale relative to reference: 1.768x
  Using 104 corresponding points
  Removing bad markers: [11, 27, 28, 32, 36, 41, 45, 67]
  Recalculated using: [8, 10, 12, 15, 16, 20, 22, 24, 26, 34, 35, 37, 38, 39, 40, 47, 68, 72]
  Marker 8: mean=2.02px, max=3.39px
  Marker 10: mean=2.88px, max=5.97px
  Marker 11: mean=20.86px, max=26.24px
  Marker 12: mean=1.90px, max=2.56px
  Marker 15: mean=7.55px, max=11.33px
  Marker 16: mean=6.24px, max=8.44px
  Marker 20: mean=5.48px, max=9.47px
  Marker 22: mean=2.43px, max=3.26px
  Marker 24: mean=4.03px, max=8.17px
  Marker 26: mean=2.77px, max=5.39px
  Marker 27: mean=18.90px, max=24.63px
  Marker 28: mean=16.31px, max=21.79px
  Marker 32: mean=14.84px, max=20.56px
  Marker 34: mean=2.32px, max=3.33px
  Marker 35: mean=5.39px, max=9.17px
  Marker 36: mean=15.78px, max=21.39px
  Marker 37: mean=3.25px, max=5.90px
  Marker 38: mean=3.18px, max=6.63px
  Marker 39: mean=2.50px, max=3.67px
  Marker 40: mean=5.64px, max=7.86px
  Marker 41: mean=10.23px, max=15.19px
  Marker 45: mean=24.40px, max=31.36px
  Marker 47: mean=5.09px, max=9.85px
  Marker 67: mean=33.90px, max=41.60px
  Marker 68: mean=3.78px, max=7.47px
  Marker 72: mean=3.33px, max=5.38px
  Homography calculated
  RANSAC inliers: 32/72
  Saved: image_09_registered.JPG
  Mean marker error: 8.65px
  Max marker error: 41.60px

image_10.JPG
  Shared markers: [8, 9, 11, 12, 13, 14, 15, 16, 20, 22, 24, 26, 27, 28, 29, 34, 35, 37, 38, 39, 40, 65]
  ArUco scale relative to reference: 1.770x
  Using 88 corresponding points
  Removing bad markers: [29, 34, 35, 37, 38, 39, 40]
  Recalculated using: [8, 9, 11, 12, 13, 14, 15, 16, 20, 22, 24, 26, 27, 28, 65]
  Marker 8: mean=0.88px, max=1.73px
  Marker 9: mean=1.45px, max=2.95px
  Marker 11: mean=1.74px, max=2.80px
  Marker 12: mean=6.01px, max=8.25px
  Marker 13: mean=1.02px, max=1.18px
  Marker 14: mean=5.82px, max=8.04px
  Marker 15: mean=2.48px, max=3.79px
  Marker 16: mean=2.90px, max=5.21px
  Marker 20: mean=1.46px, max=1.95px
  Marker 22: mean=3.68px, max=5.76px
  Marker 24: mean=2.38px, max=3.46px
  Marker 26: mean=1.37px, max=2.19px
  Marker 27: mean=1.62px, max=2.72px
  Marker 28: mean=1.05px, max=2.00px
  Marker 29: mean=14.71px, max=18.10px
  Marker 34: mean=10.03px, max=13.31px
  Marker 35: mean=43.67px, max=50.72px
  Marker 37: mean=26.44px, max=31.69px
  Marker 38: mean=54.03px, max=61.92px
  Marker 39: mean=22.14px, max=27.05px
  Marker 40: mean=11.48px, max=14.96px
  Marker 65: mean=2.68px, max=4.15px
  Homography calculated
  RANSAC inliers: 43/60
  Saved: image_10_registered.JPG
  Mean marker error: 9.96px
  Max marker error: 61.92px

image_11.JPG
  Shared markers: [8, 9, 10, 11, 12, 13, 14, 15, 16, 19, 20, 21, 22, 23, 24, 25, 26, 27, 28, 29, 31, 34, 40, 42, 44, 46, 52, 53, 54, 56, 65, 74, 80]
  ArUco scale relative to reference: 1.771x
  Using 132 corresponding points
  Removing bad markers: [8, 9, 10, 12, 14, 15, 19, 29, 31, 53, 65]
  Recalculated using: [11, 13, 16, 20, 21, 22, 23, 24, 25, 26, 27, 28, 34, 40, 42, 44, 46, 52, 54, 56, 74, 80]
  Marker 8: mean=16.16px, max=17.50px
  Marker 9: mean=10.45px, max=13.14px
  Marker 10: mean=15.36px, max=16.43px
  Marker 11: mean=2.61px, max=4.61px
  Marker 12: mean=16.96px, max=17.70px
  Marker 13: mean=2.81px, max=5.25px
  Marker 14: mean=13.94px, max=15.58px
  Marker 15: mean=11.58px, max=13.86px
  Marker 16: mean=8.88px, max=12.15px
  Marker 19: mean=11.60px, max=13.41px
  Marker 20: mean=3.67px, max=5.31px
  Marker 21: mean=8.27px, max=13.11px
  Marker 22: mean=3.79px, max=6.18px
  Marker 23: mean=4.21px, max=7.22px
  Marker 24: mean=5.62px, max=9.23px
  Marker 25: mean=3.01px, max=5.75px
  Marker 26: mean=8.45px, max=11.52px
  Marker 27: mean=3.43px, max=6.97px
  Marker 28: mean=4.50px, max=8.82px
  Marker 29: mean=13.80px, max=15.11px
  Marker 31: mean=11.31px, max=13.05px
  Marker 34: mean=4.34px, max=8.02px
  Marker 40: mean=4.53px, max=7.15px
  Marker 42: mean=2.09px, max=3.63px
  Marker 44: mean=2.03px, max=2.33px
  Marker 46: mean=1.49px, max=2.22px
  Marker 52: mean=3.10px, max=6.31px
  Marker 53: mean=11.12px, max=16.08px
  Marker 54: mean=3.43px, max=5.00px
  Marker 56: mean=2.26px, max=4.48px
  Marker 65: mean=20.39px, max=26.94px
  Marker 74: mean=4.00px, max=5.95px
  Marker 80: mean=8.46px, max=12.18px
  Homography calculated
  RANSAC inliers: 39/88
  Saved: image_11_registered.JPG
  Mean marker error: 7.50px
  Max marker error: 26.94px

Saved image scales: homographies\drawer_011\image_scales.json

==================================================
Processing drawer_012
==================================================
Reference image: image_01.JPG
Markers: [8, 9, 10, 11, 12, 13, 14, 15, 16, 19, 20, 21, 22, 23, 24, 25, 26, 27, 28, 29, 31, 32, 34, 35, 36, 37, 38, 39, 40, 41, 42, 43, 44, 45, 46, 47, 48, 49, 51, 52, 53, 54, 55, 56, 60, 62, 64, 65, 66, 67, 68, 70, 71, 72, 73, 74, 75, 76, 77, 78, 80]

image_02.JPG
  Shared markers: [8, 10, 12, 25, 31, 42, 44, 46, 47, 48, 49, 52, 53, 54, 55, 56, 64, 68, 71, 72, 73, 74, 75, 76, 77, 80]
  ArUco scale relative to reference: 1.735x
  Using 104 corresponding points
  Removing bad markers: [25, 31, 42, 44, 52, 53, 64, 76]
  Recalculated using: [8, 10, 12, 46, 47, 48, 49, 54, 55, 56, 68, 71, 72, 73, 74, 75, 77, 80]
  Marker 8: mean=5.29px, max=6.57px
  Marker 10: mean=3.77px, max=5.20px
  Marker 12: mean=3.86px, max=7.11px
  Marker 25: mean=27.37px, max=35.45px
  Marker 31: mean=10.22px, max=16.12px
  Marker 42: mean=24.57px, max=32.08px
  Marker 44: mean=10.19px, max=15.18px
  Marker 46: mean=2.72px, max=4.62px
  Marker 47: mean=2.51px, max=4.37px
  Marker 48: mean=2.66px, max=4.31px
  Marker 49: mean=8.60px, max=11.67px
  Marker 52: mean=24.04px, max=31.36px
  Marker 53: mean=49.78px, max=60.44px
  Marker 54: mean=2.51px, max=3.44px
  Marker 55: mean=2.57px, max=3.67px
  Marker 56: mean=3.42px, max=6.63px
  Marker 64: mean=22.27px, max=28.60px
  Marker 68: mean=2.40px, max=4.48px
  Marker 71: mean=3.98px, max=7.27px
  Marker 72: mean=2.79px, max=4.53px
  Marker 73: mean=6.22px, max=10.55px
  Marker 74: mean=9.03px, max=14.09px
  Marker 75: mean=3.48px, max=5.01px
  Marker 76: mean=20.28px, max=26.54px
  Marker 77: mean=5.90px, max=9.98px
  Marker 80: mean=2.19px, max=2.76px
  Homography calculated
  RANSAC inliers: 30/72
  Saved: image_02_registered.JPG
  Mean marker error: 10.10px
  Max marker error: 60.44px

image_03.JPG
  Shared markers: [8, 10, 11, 12, 15, 16, 20, 22, 24, 26, 27, 28, 32, 34, 35, 36, 37, 38, 39, 40, 41, 45, 47, 67, 68, 72]
  ArUco scale relative to reference: 1.749x
  Using 104 corresponding points
  Removing bad markers: [11, 27, 28, 32, 36, 41, 45, 67]
  Recalculated using: [8, 10, 12, 15, 16, 20, 22, 24, 26, 34, 35, 37, 38, 39, 40, 47, 68, 72]
  Marker 8: mean=2.35px, max=4.40px
  Marker 10: mean=2.52px, max=4.65px
  Marker 11: mean=23.31px, max=29.24px
  Marker 12: mean=1.82px, max=2.00px
  Marker 15: mean=8.90px, max=13.10px
  Marker 16: mean=4.51px, max=7.19px
  Marker 20: mean=8.50px, max=12.96px
  Marker 22: mean=3.18px, max=6.30px
  Marker 24: mean=6.80px, max=11.34px
  Marker 26: mean=2.49px, max=3.54px
  Marker 27: mean=22.10px, max=28.27px
  Marker 28: mean=19.88px, max=25.86px
  Marker 32: mean=20.27px, max=27.04px
  Marker 34: mean=2.91px, max=4.27px
  Marker 35: mean=8.98px, max=13.75px
  Marker 36: mean=21.52px, max=28.17px
  Marker 37: mean=2.64px, max=4.60px
  Marker 38: mean=5.82px, max=10.60px
  Marker 39: mean=3.34px, max=6.82px
  Marker 40: mean=4.03px, max=6.67px
  Marker 41: mean=12.52px, max=18.49px
  Marker 45: mean=30.57px, max=38.65px
  Marker 47: mean=3.43px, max=6.70px
  Marker 67: mean=42.69px, max=51.81px
  Marker 68: mean=3.60px, max=6.99px
  Marker 72: mean=3.28px, max=6.17px
  Homography calculated
  RANSAC inliers: 30/72
  Saved: image_03_registered.JPG
  Mean marker error: 10.46px
  Max marker error: 51.81px

image_04.JPG
  Shared markers: [10, 12, 14, 19, 21, 23, 25, 29, 31, 42, 44, 46, 48, 52, 53, 54, 55, 56, 74, 75, 80]
  ArUco scale relative to reference: 1.744x
  Using 84 corresponding points
  Removing bad markers: [14, 48, 55]
  Recalculated using: [10, 12, 19, 21, 23, 25, 29, 31, 42, 44, 46, 52, 53, 54, 56, 74, 75, 80]
  Marker 10: mean=2.11px, max=3.82px
  Marker 12: mean=3.58px, max=6.53px
  Marker 14: mean=13.24px, max=17.78px
  Marker 19: mean=1.58px, max=2.24px
  Marker 21: mean=3.58px, max=6.33px
  Marker 23: mean=1.64px, max=2.06px
  Marker 25: mean=1.78px, max=3.24px
  Marker 29: mean=4.20px, max=7.26px
  Marker 31: mean=3.35px, max=4.59px
  Marker 42: mean=1.75px, max=3.27px
  Marker 44: mean=1.33px, max=2.10px
  Marker 46: mean=1.68px, max=3.27px
  Marker 48: mean=22.74px, max=26.99px
  Marker 52: mean=1.51px, max=2.20px
  Marker 53: mean=3.63px, max=6.27px
  Marker 54: mean=1.44px, max=2.53px
  Marker 55: mean=15.81px, max=19.78px
  Marker 56: mean=1.83px, max=3.26px
  Marker 74: mean=2.80px, max=4.02px
  Marker 75: mean=7.40px, max=10.03px
  Marker 80: mean=6.01px, max=8.42px
  Homography calculated
  RANSAC inliers: 45/72
  Saved: image_04_registered.JPG
  Mean marker error: 4.90px
  Max marker error: 26.99px

image_05.JPG
  Shared markers: [10, 12, 21, 25, 31, 42, 44, 46, 47, 48, 52, 53, 54, 55, 56, 64, 71, 72, 73, 74, 75, 76, 77, 80]
  ArUco scale relative to reference: 1.733x
  Using 96 corresponding points
  Removing bad markers: [47, 48, 55, 64, 71, 72, 73, 76, 77]
  Recalculated using: [10, 12, 21, 25, 31, 42, 44, 46, 52, 53, 54, 56, 74, 75, 80]
  Marker 10: mean=1.77px, max=3.27px
  Marker 12: mean=5.37px, max=8.85px
  Marker 21: mean=9.52px, max=13.98px
  Marker 25: mean=2.09px, max=3.50px
  Marker 31: mean=2.93px, max=4.60px
  Marker 42: mean=1.70px, max=2.86px
  Marker 44: mean=1.62px, max=2.68px
  Marker 46: mean=1.96px, max=3.42px
  Marker 47: mean=72.25px, max=80.35px
  Marker 48: mean=15.23px, max=19.65px
  Marker 52: mean=1.89px, max=3.78px
  Marker 53: mean=8.64px, max=13.08px
  Marker 54: mean=3.40px, max=4.54px
  Marker 55: mean=11.50px, max=15.65px
  Marker 56: mean=1.84px, max=2.15px
  Marker 64: mean=84.49px, max=93.85px
  Marker 71: mean=68.33px, max=75.06px
  Marker 72: mean=85.61px, max=95.06px
  Marker 73: mean=42.00px, max=48.94px
  Marker 74: mean=3.36px, max=4.91px
  Marker 75: mean=2.90px, max=5.60px
  Marker 76: mean=67.39px, max=76.45px
  Marker 77: mean=31.38px, max=37.68px
  Marker 80: mean=3.41px, max=5.96px
  Homography calculated
  RANSAC inliers: 30/60
  Saved: image_05_registered.JPG
  Mean marker error: 22.11px
  Max marker error: 95.06px

image_06.JPG
  Shared markers: [44, 46, 47, 48, 49, 54, 55, 56, 62, 64, 66, 70, 71, 72, 73, 75, 76, 77, 78, 80]
  ArUco scale relative to reference: 1.715x
  Using 80 corresponding points
  Removing bad markers: [44, 54, 56, 62]
  Recalculated using: [46, 47, 48, 49, 55, 64, 66, 70, 71, 72, 73, 75, 76, 77, 78, 80]
  Marker 44: mean=32.56px, max=39.29px
  Marker 46: mean=5.01px, max=7.21px
  Marker 47: mean=2.56px, max=3.84px
  Marker 48: mean=1.87px, max=2.61px
  Marker 49: mean=1.27px, max=2.35px
  Marker 54: mean=16.24px, max=20.37px
  Marker 55: mean=1.25px, max=2.11px
  Marker 56: mean=12.82px, max=16.56px
  Marker 62: mean=10.99px, max=14.81px
  Marker 64: mean=1.51px, max=3.20px
  Marker 66: mean=1.79px, max=3.39px
  Marker 70: mean=3.01px, max=5.27px
  Marker 71: mean=3.61px, max=4.68px
  Marker 72: mean=2.03px, max=4.11px
  Marker 73: mean=1.68px, max=2.98px
  Marker 75: mean=0.95px, max=1.61px
  Marker 76: mean=1.84px, max=3.75px
  Marker 77: mean=1.15px, max=1.53px
  Marker 78: mean=7.73px, max=10.80px
  Marker 80: mean=4.20px, max=6.21px
  Homography calculated
  RANSAC inliers: 42/64
  Saved: image_06_registered.JPG
  Mean marker error: 5.70px
  Max marker error: 39.29px

image_07.JPG
  Shared markers: [32, 35, 36, 37, 38, 39, 40, 41, 43, 45, 47, 48, 49, 51, 55, 60, 62, 64, 66, 67, 68, 70, 71, 72, 73, 75, 76, 77, 78, 80]
  ArUco scale relative to reference: 1.735x
  Using 120 corresponding points
  Removing bad markers: [36, 43, 45, 51, 64, 66, 67, 76, 78]
  Recalculated using: [32, 35, 37, 38, 39, 40, 41, 47, 48, 49, 55, 60, 62, 68, 70, 71, 72, 73, 75, 77, 80]
  Marker 32: mean=7.31px, max=11.62px
  Marker 35: mean=4.05px, max=7.14px
  Marker 36: mean=10.61px, max=14.89px
  Marker 37: mean=4.05px, max=6.50px
  Marker 38: mean=2.40px, max=3.93px
  Marker 39: mean=2.76px, max=5.36px
  Marker 40: mean=3.72px, max=6.21px
  Marker 41: mean=2.05px, max=3.83px
  Marker 43: mean=10.98px, max=15.80px
  Marker 45: mean=11.46px, max=16.34px
  Marker 47: mean=6.26px, max=7.83px
  Marker 48: mean=3.42px, max=5.61px
  Marker 49: mean=2.11px, max=3.28px
  Marker 51: mean=35.75px, max=42.62px
  Marker 55: mean=2.80px, max=3.19px
  Marker 60: mean=2.82px, max=5.74px
  Marker 62: mean=2.49px, max=4.33px
  Marker 64: mean=12.93px, max=18.06px
  Marker 66: mean=12.13px, max=16.92px
  Marker 67: mean=22.23px, max=27.69px
  Marker 68: mean=6.08px, max=8.23px
  Marker 70: mean=2.41px, max=4.18px
  Marker 71: mean=2.19px, max=4.04px
  Marker 72: mean=7.53px, max=8.83px
  Marker 73: mean=3.54px, max=6.55px
  Marker 75: mean=3.73px, max=6.09px
  Marker 76: mean=13.48px, max=18.69px
  Marker 77: mean=3.97px, max=7.31px
  Marker 78: mean=29.95px, max=37.17px
  Marker 80: mean=3.79px, max=7.26px
  Homography calculated
  RANSAC inliers: 36/84
  Saved: image_07_registered.JPG
  Mean marker error: 7.97px
  Max marker error: 42.62px

image_08.JPG
  Shared markers: [16, 22, 26, 32, 34, 35, 36, 37, 38, 39, 40, 41, 43, 45, 51, 60, 62, 67, 68, 70, 72]
  ArUco scale relative to reference: 1.739x
  Using 84 corresponding points
  Removing bad markers: [16, 22, 26, 70]
  Recalculated using: [32, 34, 35, 36, 37, 38, 39, 40, 41, 43, 45, 51, 60, 62, 67, 68, 72]
  Marker 16: mean=10.35px, max=13.88px
  Marker 22: mean=21.18px, max=25.89px
  Marker 26: mean=26.22px, max=31.04px
  Marker 32: mean=1.86px, max=3.52px
  Marker 34: mean=9.83px, max=13.22px
  Marker 35: mean=1.45px, max=2.01px
  Marker 36: mean=1.27px, max=1.53px
  Marker 37: mean=1.58px, max=2.88px
  Marker 38: mean=2.86px, max=4.12px
  Marker 39: mean=3.61px, max=5.81px
  Marker 40: mean=2.93px, max=5.40px
  Marker 41: mean=2.59px, max=3.83px
  Marker 43: mean=1.53px, max=2.54px
  Marker 45: mean=1.32px, max=2.31px
  Marker 51: mean=6.43px, max=9.07px
  Marker 60: mean=1.60px, max=2.50px
  Marker 62: mean=4.39px, max=6.85px
  Marker 67: mean=2.18px, max=4.00px
  Marker 68: mean=1.30px, max=2.56px
  Marker 70: mean=11.26px, max=14.88px
  Marker 72: mean=3.43px, max=5.82px
  Homography calculated
  RANSAC inliers: 43/68
  Saved: image_08_registered.JPG
  Mean marker error: 5.67px
  Max marker error: 31.04px

image_09.JPG
  Shared markers: [8, 11, 12, 15, 16, 20, 22, 24, 26, 27, 28, 32, 34, 35, 36, 37, 38, 39, 40, 41, 45, 67, 68, 72]
  ArUco scale relative to reference: 1.745x
  Using 96 corresponding points
  Removing bad markers: [32, 35, 36, 37, 38, 39, 41, 45, 67, 68, 72]
  Recalculated using: [8, 11, 12, 15, 16, 20, 22, 24, 26, 27, 28, 34, 40]
  Marker 8: mean=0.88px, max=1.93px
  Marker 11: mean=2.25px, max=4.11px
  Marker 12: mean=6.08px, max=8.59px
  Marker 15: mean=1.42px, max=2.08px
  Marker 16: mean=2.66px, max=4.52px
  Marker 20: mean=1.57px, max=2.82px
  Marker 22: mean=1.79px, max=2.49px
  Marker 24: mean=3.19px, max=4.83px
  Marker 26: mean=3.60px, max=4.95px
  Marker 27: mean=1.74px, max=3.57px
  Marker 28: mean=1.56px, max=3.10px
  Marker 32: mean=53.14px, max=60.96px
  Marker 34: mean=3.23px, max=5.97px
  Marker 35: mean=23.32px, max=28.55px
  Marker 36: mean=45.21px, max=52.35px
  Marker 37: mean=11.21px, max=15.27px
  Marker 38: mean=27.05px, max=32.75px
  Marker 39: mean=10.41px, max=14.32px
  Marker 40: mean=2.63px, max=5.27px
  Marker 41: mean=65.62px, max=73.37px
  Marker 45: mean=76.90px, max=86.43px
  Marker 67: mean=77.82px, max=87.36px
  Marker 68: mean=63.71px, max=71.08px
  Marker 72: mean=69.37px, max=78.77px
  Homography calculated
  RANSAC inliers: 33/52
  Saved: image_09_registered.JPG
  Mean marker error: 23.18px
  Max marker error: 87.36px

image_10.JPG
  Shared markers: [8, 9, 10, 11, 12, 13, 14, 15, 16, 20, 22, 24, 26, 27, 28, 29, 34, 35, 37, 38, 39, 40, 65]
  ArUco scale relative to reference: 1.758x
  Using 92 corresponding points
  Removing bad markers: [35, 37, 38, 39, 40]
  Recalculated using: [8, 9, 10, 11, 12, 13, 14, 15, 16, 20, 22, 24, 26, 27, 28, 29, 34, 65]
  Marker 8: mean=2.29px, max=3.72px
  Marker 9: mean=1.65px, max=2.18px
  Marker 10: mean=8.62px, max=12.02px
  Marker 11: mean=1.15px, max=2.01px
  Marker 12: mean=1.72px, max=3.44px
  Marker 13: mean=1.67px, max=3.10px
  Marker 14: mean=2.94px, max=5.06px
  Marker 15: mean=2.90px, max=4.10px
  Marker 16: mean=3.08px, max=5.31px
  Marker 20: mean=1.55px, max=2.46px
  Marker 22: mean=3.59px, max=5.62px
  Marker 24: mean=1.60px, max=2.94px
  Marker 26: mean=1.29px, max=1.66px
  Marker 27: mean=1.21px, max=1.85px
  Marker 28: mean=1.46px, max=2.26px
  Marker 29: mean=9.33px, max=12.76px
  Marker 34: mean=9.05px, max=12.17px
  Marker 35: mean=37.98px, max=44.49px
  Marker 37: mean=23.14px, max=27.84px
  Marker 38: mean=46.80px, max=54.07px
  Marker 39: mean=19.39px, max=23.88px
  Marker 40: mean=10.44px, max=13.69px
  Marker 65: mean=6.15px, max=8.35px
  Homography calculated
  RANSAC inliers: 46/72
  Saved: image_10_registered.JPG
  Mean marker error: 8.65px
  Max marker error: 54.07px

image_11.JPG
  Shared markers: [8, 9, 10, 11, 12, 13, 14, 15, 16, 19, 20, 21, 22, 23, 24, 25, 26, 27, 28, 29, 31, 34, 40, 42, 44, 46, 52, 53, 54, 56, 65, 74, 80]
  ArUco scale relative to reference: 1.755x
  Using 132 corresponding points
  Removing bad markers: [9, 11, 13, 15, 16, 20, 22, 24, 26, 27, 28, 34, 40, 65]
  Recalculated using: [8, 10, 12, 14, 19, 21, 23, 25, 29, 31, 42, 44, 46, 52, 53, 54, 56, 74, 80]
  Marker 8: mean=9.63px, max=12.83px
  Marker 9: mean=20.62px, max=25.13px
  Marker 10: mean=2.71px, max=4.14px
  Marker 11: mean=44.92px, max=51.21px
  Marker 12: mean=1.91px, max=3.72px
  Marker 13: mean=39.36px, max=45.32px
  Marker 14: mean=8.96px, max=12.36px
  Marker 15: mean=22.97px, max=28.17px
  Marker 16: mean=39.75px, max=45.84px
  Marker 19: mean=1.43px, max=2.50px
  Marker 20: mean=52.03px, max=58.03px
  Marker 21: mean=7.96px, max=11.66px
  Marker 22: mean=51.75px, max=58.04px
  Marker 23: mean=1.67px, max=3.04px
  Marker 24: mean=43.14px, max=48.97px
  Marker 25: mean=1.43px, max=2.58px
  Marker 26: mean=40.40px, max=45.37px
  Marker 27: mean=52.08px, max=59.08px
  Marker 28: mean=57.33px, max=64.27px
  Marker 29: mean=2.45px, max=4.62px
  Marker 31: mean=3.81px, max=5.10px
  Marker 34: mean=58.42px, max=66.89px
  Marker 40: mean=50.31px, max=58.56px
  Marker 42: mean=1.29px, max=2.31px
  Marker 44: mean=1.21px, max=1.65px
  Marker 46: mean=1.03px, max=2.39px
  Marker 52: mean=1.95px, max=4.02px
  Marker 53: mean=8.88px, max=12.59px
  Marker 54: mean=3.30px, max=4.30px
  Marker 56: mean=1.93px, max=4.11px
  Marker 65: mean=74.36px, max=82.78px
  Marker 74: mean=3.51px, max=4.81px
  Marker 80: mean=9.68px, max=13.31px
  Homography calculated
  RANSAC inliers: 40/76
  Saved: image_11_registered.JPG
  Mean marker error: 21.88px
  Max marker error: 82.78px

Saved image scales: homographies\drawer_012\image_scales.json

==================================================
Processing drawer_013
==================================================
Reference image: image_01.JPG
Markers: [8, 9, 10, 11, 12, 13, 14, 15, 16, 19, 20, 21, 22, 23, 24, 25, 26, 27, 28, 29, 31, 32, 34, 35, 36, 37, 38, 39, 40, 41, 42, 43, 44, 45, 46, 47, 48, 49, 51, 52, 53, 54, 55, 56, 60, 62, 64, 65, 66, 67, 68, 70, 71, 72, 73, 74, 75, 76, 77, 78, 80]

image_02.JPG
  Shared markers: [8, 10, 12, 19, 21, 25, 31, 42, 44, 46, 47, 48, 52, 54, 55, 56, 64, 68, 71, 72, 73, 74, 75, 76, 77, 80]
  ArUco scale relative to reference: 1.741x
  Using 104 corresponding points
  Removing bad markers: [8, 10, 12, 19, 21, 25, 31, 42, 44, 52, 64, 74, 76]
  Recalculated using: [46, 47, 48, 54, 55, 56, 68, 71, 72, 73, 75, 77, 80]
  Marker 8: mean=38.67px, max=45.86px
  Marker 10: mean=24.99px, max=29.48px
  Marker 12: mean=28.39px, max=33.96px
  Marker 19: mean=38.86px, max=45.14px
  Marker 21: mean=67.94px, max=79.12px
  Marker 25: mean=41.76px, max=49.97px
  Marker 31: mean=28.60px, max=34.70px
  Marker 42: mean=34.26px, max=42.02px
  Marker 44: mean=13.04px, max=18.08px
  Marker 46: mean=2.63px, max=4.30px
  Marker 47: mean=1.28px, max=2.28px
  Marker 48: mean=2.73px, max=4.35px
  Marker 52: mean=30.49px, max=37.91px
  Marker 54: mean=2.48px, max=5.03px
  Marker 55: mean=1.72px, max=1.96px
  Marker 56: mean=3.86px, max=7.10px
  Marker 64: mean=16.98px, max=21.53px
  Marker 68: mean=9.56px, max=13.19px
  Marker 71: mean=2.26px, max=4.47px
  Marker 72: mean=1.53px, max=3.45px
  Marker 73: mean=3.80px, max=6.91px
  Marker 74: mean=14.02px, max=19.38px
  Marker 75: mean=3.68px, max=4.98px
  Marker 76: mean=15.37px, max=20.22px
  Marker 77: mean=3.71px, max=6.75px
  Marker 80: mean=1.89px, max=2.22px
  Homography calculated
  RANSAC inliers: 31/52
  Saved: image_02_registered.JPG
  Mean marker error: 16.71px
  Max marker error: 79.12px

image_03.JPG
  Shared markers: [8, 10, 11, 12, 15, 16, 20, 22, 24, 26, 27, 28, 32, 34, 35, 37, 38, 39, 40, 41, 45, 47, 68, 72]
  ArUco scale relative to reference: 1.755x
  Using 96 corresponding points
  Removing bad markers: [10, 32, 35, 37, 38, 39, 40, 41, 45, 47, 68, 72]
  Recalculated using: [8, 11, 12, 15, 16, 20, 22, 24, 26, 27, 28, 34]
  Marker 8: mean=1.41px, max=2.78px
  Marker 10: mean=19.34px, max=23.04px
  Marker 11: mean=1.71px, max=3.23px
  Marker 12: mean=7.47px, max=10.01px
  Marker 15: mean=1.12px, max=1.66px
  Marker 16: mean=2.08px, max=4.19px
  Marker 20: mean=1.44px, max=2.46px
  Marker 22: mean=2.32px, max=4.26px
  Marker 24: mean=3.15px, max=4.36px
  Marker 26: mean=1.79px, max=3.09px
  Marker 27: mean=1.17px, max=2.28px
  Marker 28: mean=1.27px, max=1.68px
  Marker 32: mean=79.92px, max=88.90px
  Marker 34: mean=8.67px, max=11.73px
  Marker 35: mean=38.30px, max=44.26px
  Marker 37: mean=23.86px, max=28.52px
  Marker 38: mean=45.92px, max=52.41px
  Marker 39: mean=20.07px, max=24.45px
  Marker 40: mean=10.37px, max=13.64px
  Marker 41: mean=101.89px, max=110.83px
  Marker 45: mean=111.80px, max=122.94px
  Marker 47: mean=130.07px, max=144.12px
  Marker 68: mean=102.89px, max=112.56px
  Marker 72: mean=112.29px, max=123.99px
  Homography calculated
  RANSAC inliers: 28/48
  Saved: image_03_registered.JPG
  Mean marker error: 34.60px
  Max marker error: 144.12px

image_04.JPG
  Shared markers: [10, 12, 14, 19, 21, 23, 25, 29, 31, 42, 44, 46, 48, 52, 53, 54, 55, 56, 74, 75, 80]
  ArUco scale relative to reference: 1.752x
  Using 84 corresponding points
  Removing bad markers: [14, 48, 55]
  Recalculated using: [10, 12, 19, 21, 23, 25, 29, 31, 42, 44, 46, 52, 53, 54, 56, 74, 75, 80]
  Marker 10: mean=2.32px, max=4.01px
  Marker 12: mean=2.53px, max=5.05px
  Marker 14: mean=11.31px, max=15.35px
  Marker 19: mean=1.48px, max=2.36px
  Marker 21: mean=4.19px, max=7.11px
  Marker 23: mean=1.53px, max=1.91px
  Marker 25: mean=1.45px, max=2.78px
  Marker 29: mean=3.15px, max=5.94px
  Marker 31: mean=3.43px, max=4.60px
  Marker 42: mean=1.53px, max=2.89px
  Marker 44: mean=1.18px, max=1.78px
  Marker 46: mean=1.22px, max=2.48px
  Marker 48: mean=22.46px, max=26.72px
  Marker 52: mean=1.43px, max=1.99px
  Marker 53: mean=4.22px, max=6.78px
  Marker 54: mean=1.69px, max=2.55px
  Marker 55: mean=15.85px, max=19.60px
  Marker 56: mean=1.53px, max=2.77px
  Marker 74: mean=2.65px, max=3.63px
  Marker 75: mean=6.81px, max=9.20px
  Marker 80: mean=5.51px, max=7.86px
  Homography calculated
  RANSAC inliers: 47/72
  Saved: image_04_registered.JPG
  Mean marker error: 4.64px
  Max marker error: 26.72px

image_05.JPG
  Shared markers: [10, 12, 25, 31, 42, 44, 46, 47, 48, 52, 53, 54, 55, 56, 64, 71, 72, 73, 74, 75, 76, 77, 80]
  ArUco scale relative to reference: 1.745x
  Using 92 corresponding points
  Removing bad markers: [25, 42, 52, 53, 64, 73, 76, 77]
  Recalculated using: [10, 12, 31, 44, 46, 47, 48, 54, 55, 56, 71, 72, 74, 75, 80]
  Marker 10: mean=3.22px, max=5.90px
  Marker 12: mean=3.71px, max=7.14px
  Marker 25: mean=16.91px, max=22.60px
  Marker 31: mean=6.92px, max=11.00px
  Marker 42: mean=13.49px, max=18.92px
  Marker 44: mean=3.59px, max=6.90px
  Marker 46: mean=3.40px, max=4.62px
  Marker 47: mean=2.65px, max=3.42px
  Marker 48: mean=2.36px, max=3.83px
  Marker 52: mean=12.77px, max=18.00px
  Marker 53: mean=31.88px, max=39.58px
  Marker 54: mean=2.88px, max=4.72px
  Marker 55: mean=2.67px, max=5.38px
  Marker 56: mean=2.09px, max=2.51px
  Marker 64: mean=30.82px, max=37.36px
  Marker 71: mean=9.20px, max=13.03px
  Marker 72: mean=2.47px, max=4.16px
  Marker 73: mean=11.80px, max=16.59px
  Marker 74: mean=2.90px, max=5.79px
  Marker 75: mean=2.61px, max=4.18px
  Marker 76: mean=27.54px, max=34.05px
  Marker 77: mean=10.32px, max=14.72px
  Marker 80: mean=1.84px, max=2.06px
  Homography calculated
  RANSAC inliers: 33/60
  Saved: image_05_registered.JPG
  Mean marker error: 9.05px
  Max marker error: 39.58px

image_06.JPG
  Shared markers: [44, 46, 47, 48, 49, 54, 55, 56, 62, 64, 66, 70, 71, 72, 73, 75, 76, 77, 78, 80]
  ArUco scale relative to reference: 1.729x
  Using 80 corresponding points
  Removing bad markers: [44, 54, 56, 62]
  Recalculated using: [46, 47, 48, 49, 55, 64, 66, 70, 71, 72, 73, 75, 76, 77, 78, 80]
  Marker 44: mean=35.24px, max=42.40px
  Marker 46: mean=5.32px, max=7.56px
  Marker 47: mean=2.48px, max=3.94px
  Marker 48: mean=1.89px, max=2.63px
  Marker 49: mean=1.38px, max=2.43px
  Marker 54: mean=17.43px, max=21.88px
  Marker 55: mean=1.27px, max=2.22px
  Marker 56: mean=13.59px, max=17.56px
  Marker 62: mean=10.63px, max=14.31px
  Marker 64: mean=1.60px, max=3.25px
  Marker 66: mean=1.83px, max=3.64px
  Marker 70: mean=3.03px, max=5.46px
  Marker 71: mean=3.60px, max=4.73px
  Marker 72: mean=2.07px, max=4.14px
  Marker 73: mean=1.69px, max=3.10px
  Marker 75: mean=0.88px, max=1.71px
  Marker 76: mean=1.93px, max=3.88px
  Marker 77: mean=1.21px, max=1.61px
  Marker 78: mean=7.86px, max=11.21px
  Marker 80: mean=4.26px, max=6.37px
  Homography calculated
  RANSAC inliers: 42/64
  Saved: image_06_registered.JPG
  Mean marker error: 5.96px
  Max marker error: 42.40px

image_07.JPG
  Shared markers: [32, 35, 36, 37, 38, 39, 40, 41, 43, 45, 47, 48, 49, 51, 55, 60, 62, 64, 66, 67, 68, 70, 71, 72, 73, 75, 76, 77, 78, 80]
  ArUco scale relative to reference: 1.743x
  Using 120 corresponding points
  Removing bad markers: [36, 37, 40, 43, 45, 51, 64, 66, 67, 76, 78]
  Recalculated using: [32, 35, 38, 39, 41, 47, 48, 49, 55, 60, 62, 68, 70, 71, 72, 73, 75, 77, 80]
  Marker 32: mean=9.88px, max=14.89px
  Marker 35: mean=2.29px, max=4.58px
  Marker 36: mean=11.20px, max=15.91px
  Marker 37: mean=12.46px, max=15.01px
  Marker 38: mean=4.34px, max=7.76px
  Marker 39: mean=7.72px, max=9.65px
  Marker 40: mean=16.24px, max=17.82px
  Marker 41: mean=4.27px, max=8.29px
  Marker 43: mean=19.43px, max=25.41px
  Marker 45: mean=18.06px, max=23.99px
  Marker 47: mean=3.54px, max=5.87px
  Marker 48: mean=2.85px, max=4.42px
  Marker 49: mean=4.22px, max=7.55px
  Marker 51: mean=48.57px, max=56.68px
  Marker 55: mean=1.85px, max=2.02px
  Marker 60: mean=8.86px, max=13.53px
  Marker 62: mean=3.67px, max=7.15px
  Marker 64: mean=14.34px, max=19.42px
  Marker 66: mean=15.32px, max=20.54px
  Marker 67: mean=29.21px, max=35.71px
  Marker 68: mean=2.89px, max=5.49px
  Marker 70: mean=2.95px, max=5.68px
  Marker 71: mean=2.14px, max=4.19px
  Marker 72: mean=4.50px, max=6.68px
  Marker 73: mean=3.10px, max=6.30px
  Marker 75: mean=2.73px, max=4.26px
  Marker 76: mean=13.31px, max=18.30px
  Marker 77: mean=2.88px, max=6.00px
  Marker 78: mean=31.48px, max=38.86px
  Marker 80: mean=2.52px, max=5.04px
  Homography calculated
  RANSAC inliers: 37/76
  Saved: image_07_registered.JPG
  Mean marker error: 10.23px
  Max marker error: 56.68px

image_08.JPG
  Shared markers: [16, 20, 22, 26, 32, 34, 35, 36, 37, 38, 39, 40, 41, 43, 45, 51, 60, 62, 67, 68, 70, 72]
  ArUco scale relative to reference: 1.750x
  Using 88 corresponding points
  Removing bad markers: [16, 20, 22, 26, 34, 70]
  Recalculated using: [32, 35, 36, 37, 38, 39, 40, 41, 43, 45, 51, 60, 62, 67, 68, 72]
  Marker 16: mean=16.52px, max=20.10px
  Marker 20: mean=54.37px, max=60.81px
  Marker 22: mean=28.13px, max=32.73px
  Marker 26: mean=35.99px, max=40.87px
  Marker 32: mean=1.80px, max=2.71px
  Marker 34: mean=13.89px, max=17.21px
  Marker 35: mean=1.55px, max=2.59px
  Marker 36: mean=0.97px, max=1.64px
  Marker 37: mean=1.54px, max=2.88px
  Marker 38: mean=1.58px, max=2.55px
  Marker 39: mean=5.58px, max=7.57px
  Marker 40: mean=6.41px, max=8.86px
  Marker 41: mean=0.95px, max=1.65px
  Marker 43: mean=1.48px, max=2.16px
  Marker 45: mean=1.18px, max=2.07px
  Marker 51: mean=1.88px, max=3.47px
  Marker 60: mean=3.69px, max=5.54px
  Marker 62: mean=9.71px, max=12.81px
  Marker 67: mean=0.79px, max=1.43px
  Marker 68: mean=3.09px, max=5.04px
  Marker 70: mean=19.60px, max=23.92px
  Marker 72: mean=9.62px, max=12.55px
  Homography calculated
  RANSAC inliers: 42/64
  Saved: image_08_registered.JPG
  Mean marker error: 10.02px
  Max marker error: 60.81px

image_09.JPG
  Shared markers: [8, 11, 12, 15, 16, 20, 22, 24, 26, 27, 28, 32, 34, 35, 36, 37, 38, 39, 40, 41, 43, 45, 67, 68, 72]
  ArUco scale relative to reference: 1.761x
  Using 100 corresponding points
  Removing bad markers: [32, 35, 36, 37, 38, 39, 41, 43, 45, 67, 68, 72]
  Recalculated using: [8, 11, 12, 15, 16, 20, 22, 24, 26, 27, 28, 34, 40]
  Marker 8: mean=1.89px, max=3.05px
  Marker 11: mean=1.75px, max=3.23px
  Marker 12: mean=2.88px, max=5.75px
  Marker 15: mean=2.23px, max=3.10px
  Marker 16: mean=1.82px, max=3.66px
  Marker 20: mean=1.53px, max=2.32px
  Marker 22: mean=2.14px, max=3.89px
  Marker 24: mean=3.18px, max=4.58px
  Marker 26: mean=1.83px, max=3.15px
  Marker 27: mean=1.27px, max=2.69px
  Marker 28: mean=1.47px, max=2.18px
  Marker 32: mean=58.39px, max=65.39px
  Marker 34: mean=7.40px, max=10.01px
  Marker 35: mean=28.84px, max=33.44px
  Marker 36: mean=49.66px, max=56.02px
  Marker 37: mean=17.99px, max=21.76px
  Marker 38: mean=33.58px, max=38.67px
  Marker 39: mean=15.80px, max=19.28px
  Marker 40: mean=8.22px, max=11.04px
  Marker 41: mean=73.46px, max=80.55px
  Marker 43: mean=97.66px, max=107.09px
  Marker 45: mean=81.78px, max=90.55px
  Marker 67: mean=80.35px, max=89.13px
  Marker 68: mean=73.81px, max=81.42px
  Marker 72: mean=81.25px, max=90.82px
  Homography calculated
  RANSAC inliers: 32/52
  Saved: image_09_registered.JPG
  Mean marker error: 29.21px
  Max marker error: 107.09px

image_10.JPG
  Shared markers: [8, 9, 11, 12, 13, 14, 15, 16, 20, 22, 24, 26, 27, 28, 29, 34, 35, 37, 39, 40, 65]
  ArUco scale relative to reference: 1.766x
  Using 84 corresponding points
  Removing bad markers: [29, 34, 35, 37, 39, 40]
  Recalculated using: [8, 9, 11, 12, 13, 14, 15, 16, 20, 22, 24, 26, 27, 28, 65]
  Marker 8: mean=0.87px, max=1.62px
  Marker 9: mean=1.54px, max=3.12px
  Marker 11: mean=0.92px, max=1.85px
  Marker 12: mean=5.26px, max=7.06px
  Marker 13: mean=1.27px, max=2.27px
  Marker 14: mean=5.13px, max=7.08px
  Marker 15: mean=1.93px, max=3.07px
  Marker 16: mean=3.14px, max=5.65px
  Marker 20: mean=1.85px, max=3.36px
  Marker 22: mean=4.41px, max=6.65px
  Marker 24: mean=1.46px, max=2.73px
  Marker 26: mean=1.45px, max=1.74px
  Marker 27: mean=1.11px, max=1.73px
  Marker 28: mean=1.32px, max=2.35px
  Marker 29: mean=12.39px, max=15.18px
  Marker 34: mean=10.82px, max=14.43px
  Marker 35: mean=46.24px, max=54.23px
  Marker 37: mean=27.05px, max=32.88px
  Marker 39: mean=23.30px, max=28.69px
  Marker 40: mean=11.58px, max=15.49px
  Marker 65: mean=5.06px, max=6.90px
  Homography calculated
  RANSAC inliers: 43/60
  Saved: image_10_registered.JPG
  Mean marker error: 8.01px
  Max marker error: 54.23px

image_11.JPG
  Shared markers: [8, 9, 10, 11, 12, 13, 14, 15, 16, 19, 20, 21, 22, 23, 24, 25, 26, 27, 28, 29, 31, 34, 42, 44, 46, 52, 53, 54, 56, 65, 74, 80]
  ArUco scale relative to reference: 1.765x
  Using 128 corresponding points
  Removing bad markers: [8, 9, 11, 13, 15, 16, 20, 22, 24, 26, 27, 28, 34, 65, 80]
  Recalculated using: [10, 12, 14, 19, 21, 23, 25, 29, 31, 42, 44, 46, 52, 53, 54, 56, 74]
  Marker 8: mean=10.22px, max=13.49px
  Marker 9: mean=21.61px, max=26.17px
  Marker 10: mean=2.34px, max=3.75px
  Marker 11: mean=49.30px, max=55.97px
  Marker 12: mean=1.94px, max=4.00px
  Marker 13: mean=42.19px, max=48.35px
  Marker 14: mean=9.22px, max=12.57px
  Marker 15: mean=24.84px, max=30.03px
  Marker 16: mean=52.16px, max=59.61px
  Marker 19: mean=1.29px, max=2.24px
  Marker 20: mean=62.33px, max=68.77px
  Marker 21: mean=6.17px, max=9.19px
  Marker 22: mean=65.00px, max=72.80px
  Marker 23: mean=1.43px, max=2.30px
  Marker 24: mean=50.51px, max=56.77px
  Marker 25: mean=1.13px, max=1.97px
  Marker 26: mean=49.83px, max=55.81px
  Marker 27: mean=58.50px, max=65.98px
  Marker 28: mean=65.83px, max=73.19px
  Marker 29: mean=2.52px, max=4.79px
  Marker 31: mean=3.20px, max=4.34px
  Marker 34: mean=76.44px, max=86.68px
  Marker 42: mean=1.08px, max=2.07px
  Marker 44: mean=1.52px, max=2.63px
  Marker 46: mean=5.29px, max=7.16px
  Marker 52: mean=2.21px, max=3.86px
  Marker 53: mean=7.37px, max=10.00px
  Marker 54: mean=0.62px, max=1.14px
  Marker 56: mean=5.40px, max=7.01px
  Marker 65: mean=81.34px, max=90.42px
  Marker 74: mean=1.86px, max=2.52px
  Marker 80: mean=15.05px, max=18.49px
  Homography calculated
  RANSAC inliers: 39/68
  Saved: image_11_registered.JPG
  Mean marker error: 24.37px
  Max marker error: 90.42px

Saved image scales: homographies\drawer_013\image_scales.json

==================================================
Processing drawer_014
==================================================
Reference image: image_01.JPG
Markers: [8, 9, 10, 11, 12, 13, 14, 15, 16, 19, 20, 21, 22, 23, 24, 25, 26, 27, 28, 29, 31, 32, 34, 35, 36, 37, 38, 39, 40, 41, 42, 43, 44, 45, 46, 47, 48, 49, 51, 52, 53, 54, 55, 56, 60, 62, 64, 65, 66, 67, 68, 70, 71, 72, 73, 74, 75, 76, 77, 78, 80]

image_02.JPG
  Shared markers: [8, 9, 10, 12, 14, 19, 21, 23, 25, 29, 31, 42, 44, 46, 47, 48, 52, 54, 55, 56, 64, 68, 71, 72, 73, 74, 75, 76, 77, 80]
  ArUco scale relative to reference: 1.762x
  Using 120 corresponding points
  Removing bad markers: [9, 21, 47, 48, 55, 64, 68, 71, 72, 73, 76, 77]
  Recalculated using: [8, 10, 12, 14, 19, 23, 25, 29, 31, 42, 44, 46, 52, 54, 56, 74, 75, 80]
  Marker 8: mean=2.56px, max=5.37px
  Marker 9: mean=15.71px, max=21.59px
  Marker 10: mean=7.34px, max=8.82px
  Marker 12: mean=5.22px, max=7.42px
  Marker 14: mean=3.57px, max=7.38px
  Marker 19: mean=2.98px, max=5.33px
  Marker 21: mean=14.49px, max=20.59px
  Marker 23: mean=3.19px, max=6.48px
  Marker 25: mean=2.71px, max=5.61px
  Marker 29: mean=2.44px, max=4.63px
  Marker 31: mean=5.57px, max=7.57px
  Marker 42: mean=2.60px, max=5.29px
  Marker 44: mean=1.95px, max=2.51px
  Marker 46: mean=1.86px, max=3.40px
  Marker 47: mean=53.35px, max=59.32px
  Marker 48: mean=14.38px, max=18.99px
  Marker 52: mean=3.46px, max=7.00px
  Marker 54: mean=3.76px, max=5.02px
  Marker 55: mean=11.76px, max=15.92px
  Marker 56: mean=1.83px, max=2.19px
  Marker 64: mean=80.62px, max=90.56px
  Marker 68: mean=74.35px, max=83.84px
  Marker 71: mean=57.13px, max=63.98px
  Marker 72: mean=59.27px, max=66.74px
  Marker 73: mean=39.98px, max=47.25px
  Marker 74: mean=3.27px, max=5.32px
  Marker 75: mean=2.97px, max=5.56px
  Marker 76: mean=66.73px, max=76.34px
  Marker 77: mean=31.03px, max=37.66px
  Marker 80: mean=3.69px, max=6.39px
  Homography calculated
  RANSAC inliers: 38/72
  Saved: image_02_registered.JPG
  Mean marker error: 19.33px
  Max marker error: 90.56px

image_03.JPG
  Shared markers: [8, 10, 11, 12, 15, 16, 20, 22, 24, 26, 27, 28, 32, 34, 35, 37, 38, 39, 40, 41, 43, 45, 47, 49, 60, 68, 72]
  ArUco scale relative to reference: 1.773x
  Using 108 corresponding points
  Removing bad markers: [11, 27, 28, 32, 43, 45, 49, 60]
  Recalculated using: [8, 10, 12, 15, 16, 20, 22, 24, 26, 34, 35, 37, 38, 39, 40, 41, 47, 68, 72]
  Marker 8: mean=2.46px, max=4.94px
  Marker 10: mean=2.71px, max=5.56px
  Marker 11: mean=24.47px, max=30.51px
  Marker 12: mean=2.02px, max=2.26px
  Marker 15: mean=9.69px, max=14.18px
  Marker 16: mean=8.41px, max=10.95px
  Marker 20: mean=5.46px, max=10.17px
  Marker 22: mean=2.71px, max=4.62px
  Marker 24: mean=4.56px, max=9.27px
  Marker 26: mean=3.69px, max=6.95px
  Marker 27: mean=21.99px, max=28.52px
  Marker 28: mean=18.64px, max=25.13px
  Marker 32: mean=10.63px, max=16.55px
  Marker 34: mean=3.54px, max=6.28px
  Marker 35: mean=2.91px, max=5.46px
  Marker 37: mean=6.91px, max=9.60px
  Marker 38: mean=2.83px, max=5.23px
  Marker 39: mean=3.12px, max=6.00px
  Marker 40: mean=8.69px, max=10.90px
  Marker 41: mean=5.27px, max=10.22px
  Marker 43: mean=22.63px, max=29.99px
  Marker 45: mean=19.72px, max=26.86px
  Marker 47: mean=3.44px, max=6.61px
  Marker 49: mean=12.64px, max=19.29px
  Marker 60: mean=11.59px, max=17.29px
  Marker 68: mean=3.23px, max=5.76px
  Marker 72: mean=4.29px, max=7.39px
  Homography calculated
  RANSAC inliers: 33/76
  Saved: image_03_registered.JPG
  Mean marker error: 8.45px
  Max marker error: 30.51px

image_04.JPG
  Shared markers: [10, 12, 14, 19, 21, 23, 25, 29, 31, 42, 44, 46, 48, 52, 53, 54, 55, 56, 74, 75, 80]
  ArUco scale relative to reference: 1.747x
  Using 84 corresponding points
  Removing bad markers: [14, 48, 55]
  Recalculated using: [10, 12, 19, 21, 23, 25, 29, 31, 42, 44, 46, 52, 53, 54, 56, 74, 75, 80]
  Marker 10: mean=2.32px, max=3.99px
  Marker 12: mean=2.49px, max=5.01px
  Marker 14: mean=11.36px, max=15.65px
  Marker 19: mean=1.48px, max=2.44px
  Marker 21: mean=4.18px, max=7.13px
  Marker 23: mean=1.42px, max=1.83px
  Marker 25: mean=1.52px, max=2.88px
  Marker 29: mean=3.18px, max=5.95px
  Marker 31: mean=3.38px, max=4.50px
  Marker 42: mean=1.43px, max=2.76px
  Marker 44: mean=1.24px, max=1.96px
  Marker 46: mean=1.29px, max=2.51px
  Marker 48: mean=23.54px, max=28.12px
  Marker 52: mean=1.37px, max=1.97px
  Marker 53: mean=4.28px, max=6.87px
  Marker 54: mean=1.65px, max=2.59px
  Marker 55: mean=16.25px, max=20.36px
  Marker 56: mean=1.55px, max=2.67px
  Marker 74: mean=2.69px, max=3.69px
  Marker 75: mean=7.10px, max=9.66px
  Marker 80: mean=5.64px, max=8.05px
  Homography calculated
  RANSAC inliers: 46/72
  Saved: image_04_registered.JPG
  Mean marker error: 4.73px
  Max marker error: 28.12px

image_05.JPG
  Shared markers: [10, 12, 25, 31, 42, 44, 46, 47, 48, 49, 52, 53, 54, 55, 56, 64, 71, 72, 73, 74, 75, 76, 77, 80]
  ArUco scale relative to reference: 1.760x
  Using 96 corresponding points
  Removing bad markers: [10, 12, 25, 31, 42, 44, 52, 53, 74]
  Recalculated using: [46, 47, 48, 49, 54, 55, 56, 64, 71, 72, 73, 75, 76, 77, 80]
  Marker 10: mean=37.84px, max=44.06px
  Marker 12: mean=46.18px, max=54.19px
  Marker 25: mean=45.19px, max=52.73px
  Marker 31: mean=37.26px, max=43.15px
  Marker 42: mean=34.73px, max=41.55px
  Marker 44: mean=11.94px, max=16.22px
  Marker 46: mean=2.04px, max=3.44px
  Marker 47: mean=1.44px, max=2.57px
  Marker 48: mean=3.90px, max=5.12px
  Marker 49: mean=6.40px, max=8.54px
  Marker 52: mean=28.62px, max=35.19px
  Marker 53: mean=58.15px, max=67.57px
  Marker 54: mean=2.64px, max=5.29px
  Marker 55: mean=1.79px, max=3.20px
  Marker 56: mean=3.19px, max=5.84px
  Marker 64: mean=9.83px, max=13.23px
  Marker 71: mean=1.44px, max=2.37px
  Marker 72: mean=5.65px, max=8.79px
  Marker 73: mean=1.69px, max=2.46px
  Marker 74: mean=14.58px, max=19.29px
  Marker 75: mean=3.60px, max=4.65px
  Marker 76: mean=7.94px, max=11.61px
  Marker 77: mean=1.65px, max=2.32px
  Marker 80: mean=1.58px, max=2.55px
  Homography calculated
  RANSAC inliers: 36/60
  Saved: image_05_registered.JPG
  Mean marker error: 15.39px
  Max marker error: 67.57px

image_06.JPG
  Shared markers: [44, 46, 47, 48, 49, 54, 55, 56, 62, 64, 66, 70, 71, 72, 73, 75, 76, 77, 78, 80]
  ArUco scale relative to reference: 1.744x
  Using 80 corresponding points
  Removing bad markers: [44, 46, 54, 56, 62]
  Recalculated using: [47, 48, 49, 55, 64, 66, 70, 71, 72, 73, 75, 76, 77, 78, 80]
  Marker 44: mean=47.88px, max=55.80px
  Marker 46: mean=10.85px, max=13.80px
  Marker 47: mean=1.70px, max=3.21px
  Marker 48: mean=0.91px, max=1.37px
  Marker 49: mean=1.16px, max=2.23px
  Marker 54: mean=27.67px, max=32.81px
  Marker 55: mean=2.78px, max=4.37px
  Marker 56: mean=21.08px, max=25.68px
  Marker 62: mean=19.13px, max=23.33px
  Marker 64: mean=1.10px, max=2.01px
  Marker 66: mean=1.04px, max=1.68px
  Marker 70: mean=7.55px, max=10.20px
  Marker 71: mean=2.35px, max=2.95px
  Marker 72: mean=9.04px, max=11.78px
  Marker 73: mean=1.45px, max=2.27px
  Marker 75: mean=3.09px, max=4.84px
  Marker 76: mean=0.99px, max=1.31px
  Marker 77: mean=1.23px, max=1.50px
  Marker 78: mean=2.33px, max=4.40px
  Marker 80: mean=8.03px, max=10.76px
  Homography calculated
  RANSAC inliers: 41/60
  Saved: image_06_registered.JPG
  Mean marker error: 8.57px
  Max marker error: 55.80px

image_07.JPG
  Shared markers: [32, 34, 35, 36, 37, 38, 39, 40, 41, 43, 45, 46, 47, 48, 49, 51, 55, 60, 62, 64, 66, 67, 68, 70, 71, 72, 73, 75, 76, 77, 78, 80]
  ArUco scale relative to reference: 1.756x
  Using 128 corresponding points
  Removing bad markers: [36, 43, 45, 51, 64, 66, 67, 76, 78]
  Recalculated using: [32, 34, 35, 37, 38, 39, 40, 41, 46, 47, 48, 49, 55, 60, 62, 68, 70, 71, 72, 73, 75, 77, 80]
  Marker 32: mean=9.53px, max=14.30px
  Marker 34: mean=5.81px, max=9.58px
  Marker 35: mean=5.04px, max=8.36px
  Marker 36: mean=13.01px, max=17.56px
  Marker 37: mean=4.36px, max=6.69px
  Marker 38: mean=2.44px, max=3.72px
  Marker 39: mean=2.62px, max=5.24px
  Marker 40: mean=4.71px, max=6.92px
  Marker 41: mean=2.41px, max=4.80px
  Marker 43: mean=13.97px, max=19.39px
  Marker 45: mean=14.46px, max=19.88px
  Marker 46: mean=2.05px, max=3.33px
  Marker 47: mean=6.32px, max=8.44px
  Marker 48: mean=3.32px, max=5.36px
  Marker 49: mean=2.46px, max=4.08px
  Marker 51: mean=41.79px, max=49.30px
  Marker 55: mean=2.35px, max=2.76px
  Marker 60: mean=3.87px, max=7.86px
  Marker 62: mean=2.50px, max=3.75px
  Marker 64: mean=13.46px, max=18.78px
  Marker 66: mean=12.88px, max=18.15px
  Marker 67: mean=26.46px, max=32.43px
  Marker 68: mean=5.38px, max=8.01px
  Marker 70: mean=2.34px, max=3.88px
  Marker 71: mean=2.27px, max=4.30px
  Marker 72: mean=7.33px, max=9.15px
  Marker 73: mean=3.23px, max=6.61px
  Marker 75: mean=4.08px, max=5.93px
  Marker 76: mean=13.64px, max=18.99px
  Marker 77: mean=3.53px, max=6.95px
  Marker 78: mean=31.03px, max=38.57px
  Marker 80: mean=2.46px, max=4.53px
  Homography calculated
  RANSAC inliers: 40/92
  Saved: image_07_registered.JPG
  Mean marker error: 8.47px
  Max marker error: 49.30px

image_08.JPG
  Shared markers: [16, 20, 22, 26, 32, 34, 35, 36, 37, 38, 39, 40, 41, 43, 45, 51, 60, 62, 67, 68, 70, 72]
  ArUco scale relative to reference: 1.758x
  Using 88 corresponding points
  Removing bad markers: [16, 20, 22, 26, 34, 62, 70, 72]
  Recalculated using: [32, 35, 36, 37, 38, 39, 40, 41, 43, 45, 51, 60, 67, 68]
  Marker 16: mean=17.09px, max=21.10px
  Marker 20: mean=56.28px, max=63.36px
  Marker 22: mean=29.79px, max=35.07px
  Marker 26: mean=36.95px, max=42.72px
  Marker 32: mean=1.95px, max=2.86px
  Marker 34: mean=15.00px, max=18.79px
  Marker 35: mean=1.75px, max=3.18px
  Marker 36: mean=0.96px, max=1.85px
  Marker 37: mean=1.61px, max=3.12px
  Marker 38: mean=1.54px, max=2.67px
  Marker 39: mean=6.22px, max=8.74px
  Marker 40: mean=6.83px, max=9.61px
  Marker 41: mean=0.89px, max=1.21px
  Marker 43: mean=1.44px, max=2.18px
  Marker 45: mean=1.15px, max=1.98px
  Marker 51: mean=1.69px, max=3.31px
  Marker 60: mean=4.56px, max=6.11px
  Marker 62: mean=11.13px, max=13.81px
  Marker 67: mean=0.97px, max=1.57px
  Marker 68: mean=4.77px, max=6.54px
  Marker 70: mean=20.72px, max=24.52px
  Marker 72: mean=11.74px, max=14.38px
  Homography calculated
  RANSAC inliers: 40/56
  Saved: image_08_registered.JPG
  Mean marker error: 10.68px
  Max marker error: 63.36px

image_09.JPG
  Shared markers: [8, 11, 12, 15, 16, 20, 22, 24, 26, 27, 28, 32, 34, 35, 36, 37, 38, 39, 40, 41, 45, 67, 68, 72]
  ArUco scale relative to reference: 1.771x
  Using 96 corresponding points
  Removing bad markers: [32, 35, 36, 37, 38, 39, 41, 45, 67, 68, 72]
  Recalculated using: [8, 11, 12, 15, 16, 20, 22, 24, 26, 27, 28, 34, 40]
  Marker 8: mean=0.84px, max=1.62px
  Marker 11: mean=2.47px, max=4.43px
  Marker 12: mean=5.95px, max=8.22px
  Marker 15: mean=1.39px, max=2.01px
  Marker 16: mean=2.97px, max=5.05px
  Marker 20: mean=1.77px, max=3.38px
  Marker 22: mean=1.94px, max=2.99px
  Marker 24: mean=3.47px, max=5.33px
  Marker 26: mean=3.96px, max=5.46px
  Marker 27: mean=1.83px, max=3.70px
  Marker 28: mean=1.70px, max=3.11px
  Marker 32: mean=55.93px, max=64.02px
  Marker 34: mean=3.25px, max=6.09px
  Marker 35: mean=24.35px, max=29.76px
  Marker 36: mean=47.26px, max=54.56px
  Marker 37: mean=11.73px, max=16.00px
  Marker 38: mean=28.62px, max=34.38px
  Marker 39: mean=10.73px, max=14.88px
  Marker 40: mean=2.80px, max=5.44px
  Marker 41: mean=70.54px, max=78.49px
  Marker 45: mean=81.18px, max=91.01px
  Marker 67: mean=81.24px, max=91.18px
  Marker 68: mean=69.83px, max=77.95px
  Marker 72: mean=77.24px, max=87.38px
  Homography calculated
  RANSAC inliers: 32/52
  Saved: image_09_registered.JPG
  Mean marker error: 24.71px
  Max marker error: 91.18px

image_10.JPG
  Shared markers: [8, 9, 11, 12, 13, 14, 15, 16, 20, 22, 24, 26, 27, 28, 29, 34, 35, 37, 39, 40, 65]
  ArUco scale relative to reference: 1.768x
  Using 84 corresponding points
  Removing bad markers: [29, 34, 35, 37, 39, 40]
  Recalculated using: [8, 9, 11, 12, 13, 14, 15, 16, 20, 22, 24, 26, 27, 28, 65]
  Marker 8: mean=0.73px, max=1.23px
  Marker 9: mean=1.37px, max=2.56px
  Marker 11: mean=1.09px, max=2.07px
  Marker 12: mean=4.93px, max=6.71px
  Marker 13: mean=1.36px, max=2.45px
  Marker 14: mean=4.69px, max=6.45px
  Marker 15: mean=2.10px, max=3.25px
  Marker 16: mean=3.26px, max=6.00px
  Marker 20: mean=1.96px, max=3.51px
  Marker 22: mean=4.52px, max=7.08px
  Marker 24: mean=1.49px, max=2.70px
  Marker 26: mean=1.64px, max=2.00px
  Marker 27: mean=1.38px, max=1.85px
  Marker 28: mean=1.52px, max=2.68px
  Marker 29: mean=11.87px, max=14.77px
  Marker 34: mean=10.92px, max=14.69px
  Marker 35: mean=46.28px, max=54.33px
  Marker 37: mean=27.26px, max=33.15px
  Marker 39: mean=23.46px, max=29.00px
  Marker 40: mean=11.79px, max=15.72px
  Marker 65: mean=5.04px, max=7.13px
  Homography calculated
  RANSAC inliers: 43/60
  Saved: image_10_registered.JPG
  Mean marker error: 8.03px
  Max marker error: 54.33px

image_11.JPG
  Shared markers: [8, 9, 10, 11, 12, 13, 14, 15, 16, 19, 20, 21, 22, 23, 24, 25, 26, 27, 28, 29, 31, 34, 42, 44, 46, 52, 53, 54, 56, 65, 74, 80]
  ArUco scale relative to reference: 1.770x
  Using 128 corresponding points
  Removing bad markers: [8, 9, 11, 13, 15, 16, 20, 22, 24, 26, 27, 28, 34, 65, 80]
  Recalculated using: [10, 12, 14, 19, 21, 23, 25, 29, 31, 42, 44, 46, 52, 53, 54, 56, 74]
  Marker 8: mean=10.34px, max=13.51px
  Marker 9: mean=20.95px, max=25.39px
  Marker 10: mean=2.03px, max=3.41px
  Marker 11: mean=47.76px, max=54.17px
  Marker 12: mean=2.28px, max=4.28px
  Marker 13: mean=40.77px, max=46.89px
  Marker 14: mean=9.05px, max=12.27px
  Marker 15: mean=24.29px, max=29.34px
  Marker 16: mean=50.21px, max=57.56px
  Marker 19: mean=1.28px, max=2.24px
  Marker 20: mean=60.24px, max=66.60px
  Marker 21: mean=6.61px, max=9.94px
  Marker 22: mean=62.81px, max=70.44px
  Marker 23: mean=1.38px, max=2.30px
  Marker 24: mean=49.08px, max=55.19px
  Marker 25: mean=1.29px, max=2.19px
  Marker 26: mean=48.25px, max=54.09px
  Marker 27: mean=56.60px, max=63.84px
  Marker 28: mean=63.71px, max=71.09px
  Marker 29: mean=2.48px, max=4.55px
  Marker 31: mean=3.20px, max=4.15px
  Marker 34: mean=73.73px, max=83.96px
  Marker 42: mean=1.19px, max=2.36px
  Marker 44: mean=1.68px, max=3.03px
  Marker 46: mean=4.35px, max=6.50px
  Marker 52: mean=2.65px, max=4.51px
  Marker 53: mean=8.00px, max=11.09px
  Marker 54: mean=0.87px, max=1.61px
  Marker 56: mean=5.24px, max=7.40px
  Marker 65: mean=78.77px, max=87.80px
  Marker 74: mean=1.77px, max=2.70px
  Marker 80: mean=14.54px, max=18.45px
  Homography calculated
  RANSAC inliers: 39/68
  Saved: image_11_registered.JPG
  Mean marker error: 23.67px
  Max marker error: 87.80px

Saved image scales: homographies\drawer_014\image_scales.json

==================================================
Processing drawer_015
==================================================
Reference image: image_01.JPG
Markers: [8, 9, 10, 11, 12, 13, 14, 15, 16, 19, 20, 21, 22, 23, 24, 25, 26, 27, 28, 29, 31, 32, 34, 35, 36, 37, 38, 39, 40, 41, 42, 43, 44, 45, 46, 47, 48, 49, 51, 52, 53, 54, 55, 56, 60, 62, 64, 65, 66, 67, 68, 70, 71, 72, 73, 74, 75, 76, 77, 78, 80]

image_02.JPG
  Shared markers: [8, 9, 10, 12, 14, 19, 21, 23, 25, 29, 31, 42, 44, 46, 47, 48, 52, 53, 54, 55, 56, 64, 68, 71, 72, 73, 74, 75, 76, 77, 80]
  ArUco scale relative to reference: 1.748x
  Using 124 corresponding points
  Removing bad markers: [9, 21, 23, 25, 42, 52, 53, 64, 73, 76]
  Recalculated using: [8, 10, 12, 14, 19, 29, 31, 44, 46, 47, 48, 54, 55, 56, 68, 71, 72, 74, 75, 77, 80]
  Marker 8: mean=3.54px, max=6.87px
  Marker 9: mean=12.33px, max=18.75px
  Marker 10: mean=3.32px, max=6.46px
  Marker 12: mean=5.16px, max=8.03px
  Marker 14: mean=5.03px, max=9.57px
  Marker 19: mean=7.55px, max=12.37px
  Marker 21: mean=38.43px, max=47.77px
  Marker 23: mean=19.56px, max=26.39px
  Marker 25: mean=17.29px, max=23.97px
  Marker 29: mean=4.88px, max=8.99px
  Marker 31: mean=4.10px, max=8.50px
  Marker 42: mean=15.05px, max=21.23px
  Marker 44: mean=4.38px, max=8.36px
  Marker 46: mean=4.53px, max=5.98px
  Marker 47: mean=2.46px, max=3.32px
  Marker 48: mean=2.10px, max=2.93px
  Marker 52: mean=15.10px, max=21.17px
  Marker 53: mean=36.39px, max=45.43px
  Marker 54: mean=3.46px, max=5.61px
  Marker 55: mean=2.28px, max=4.62px
  Marker 56: mean=2.17px, max=2.68px
  Marker 64: mean=32.13px, max=38.95px
  Marker 68: mean=2.47px, max=4.72px
  Marker 71: mean=9.68px, max=14.25px
  Marker 72: mean=2.15px, max=3.92px
  Marker 73: mean=11.71px, max=16.84px
  Marker 74: mean=3.28px, max=6.69px
  Marker 75: mean=3.91px, max=5.64px
  Marker 76: mean=28.93px, max=36.06px
  Marker 77: mean=9.96px, max=14.68px
  Marker 80: mean=1.98px, max=3.08px
  Homography calculated
  RANSAC inliers: 39/84
  Saved: image_02_registered.JPG
  Mean marker error: 10.17px
  Max marker error: 47.77px

image_03.JPG
  Shared markers: [8, 10, 11, 12, 15, 16, 20, 22, 24, 26, 27, 28, 32, 34, 35, 36, 37, 38, 39, 40, 41, 43, 45, 47, 49, 67, 68, 72]
  ArUco scale relative to reference: 1.746x
  Using 112 corresponding points
  Removing bad markers: [10, 32, 35, 36, 37, 38, 39, 41, 43, 45, 47, 49, 67, 68, 72]
  Recalculated using: [8, 11, 12, 15, 16, 20, 22, 24, 26, 27, 28, 34, 40]
  Marker 8: mean=0.92px, max=1.68px
  Marker 10: mean=16.87px, max=20.18px
  Marker 11: mean=1.39px, max=2.40px
  Marker 12: mean=6.30px, max=8.02px
  Marker 15: mean=1.55px, max=2.44px
  Marker 16: mean=1.46px, max=2.81px
  Marker 20: mean=1.44px, max=2.86px
  Marker 22: mean=1.71px, max=3.34px
  Marker 24: mean=3.63px, max=4.80px
  Marker 26: mean=2.61px, max=3.87px
  Marker 27: mean=1.26px, max=1.95px
  Marker 28: mean=1.30px, max=1.71px
  Marker 32: mean=76.50px, max=85.54px
  Marker 34: mean=7.52px, max=10.60px
  Marker 35: mean=36.70px, max=42.81px
  Marker 36: mean=65.20px, max=73.45px
  Marker 37: mean=21.75px, max=26.52px
  Marker 38: mean=43.40px, max=50.12px
  Marker 39: mean=18.67px, max=23.10px
  Marker 40: mean=8.66px, max=12.02px
  Marker 41: mean=94.28px, max=103.19px
  Marker 43: mean=125.52px, max=137.43px
  Marker 45: mean=106.81px, max=117.83px
  Marker 47: mean=112.55px, max=125.04px
  Marker 49: mean=159.39px, max=176.54px
  Marker 67: mean=106.15px, max=117.48px
  Marker 68: mean=92.27px, max=101.09px
  Marker 72: mean=98.37px, max=108.96px
  Homography calculated
  RANSAC inliers: 31/52
  Saved: image_03_registered.JPG
  Mean marker error: 43.36px
  Max marker error: 176.54px

image_04.JPG
  Shared markers: [10, 12, 14, 19, 21, 23, 25, 29, 31, 42, 44, 46, 48, 52, 53, 54, 55, 56, 74, 75, 77, 80]
  ArUco scale relative to reference: 1.738x
  Using 88 corresponding points
  Removing bad markers: [48, 55, 77]
  Recalculated using: [10, 12, 14, 19, 21, 23, 25, 29, 31, 42, 44, 46, 52, 53, 54, 56, 74, 75, 80]
  Marker 10: mean=3.23px, max=5.21px
  Marker 12: mean=1.92px, max=3.25px
  Marker 14: mean=9.80px, max=14.11px
  Marker 19: mean=1.84px, max=2.18px
  Marker 21: mean=7.47px, max=11.18px
  Marker 23: mean=2.19px, max=4.51px
  Marker 25: mean=1.74px, max=3.08px
  Marker 29: mean=2.92px, max=5.91px
  Marker 31: mean=3.19px, max=4.97px
  Marker 42: mean=1.46px, max=2.43px
  Marker 44: mean=1.38px, max=2.46px
  Marker 46: mean=0.75px, max=1.22px
  Marker 48: mean=15.51px, max=18.88px
  Marker 52: mean=1.63px, max=3.17px
  Marker 53: mean=7.01px, max=10.41px
  Marker 54: mean=2.60px, max=3.31px
  Marker 55: mean=11.17px, max=14.31px
  Marker 56: mean=1.05px, max=1.35px
  Marker 74: mean=3.11px, max=4.43px
  Marker 75: mean=4.48px, max=6.34px
  Marker 77: mean=31.02px, max=35.87px
  Marker 80: mean=3.75px, max=5.54px
  Homography calculated
  RANSAC inliers: 44/76
  Saved: image_04_registered.JPG
  Mean marker error: 5.42px
  Max marker error: 35.87px

image_05.JPG
  Shared markers: [10, 12, 21, 25, 31, 42, 44, 46, 47, 48, 52, 53, 54, 55, 56, 64, 71, 72, 73, 74, 75, 76, 77, 80]
  ArUco scale relative to reference: 1.735x
  Using 96 corresponding points
  Removing bad markers: [10, 12, 21, 25, 31, 42, 52, 53, 64, 74, 76]
  Recalculated using: [44, 46, 47, 48, 54, 55, 56, 71, 72, 73, 75, 77, 80]
  Marker 10: mean=30.58px, max=35.91px
  Marker 12: mean=37.04px, max=43.92px
  Marker 21: mean=59.31px, max=68.59px
  Marker 25: mean=38.63px, max=45.52px
  Marker 31: mean=30.89px, max=36.34px
  Marker 42: mean=29.72px, max=36.00px
  Marker 44: mean=9.97px, max=13.89px
  Marker 46: mean=2.03px, max=3.44px
  Marker 47: mean=1.51px, max=1.98px
  Marker 48: mean=3.27px, max=4.60px
  Marker 52: mean=24.60px, max=30.65px
  Marker 53: mean=50.94px, max=59.58px
  Marker 54: mean=2.03px, max=4.09px
  Marker 55: mean=1.45px, max=2.76px
  Marker 56: mean=2.52px, max=4.80px
  Marker 64: mean=13.56px, max=17.56px
  Marker 71: mean=2.05px, max=4.00px
  Marker 72: mean=3.40px, max=6.50px
  Marker 73: mean=2.22px, max=4.49px
  Marker 74: mean=12.00px, max=16.27px
  Marker 75: mean=3.40px, max=4.37px
  Marker 76: mean=11.09px, max=15.21px
  Marker 77: mean=1.99px, max=4.06px
  Marker 80: mean=1.52px, max=2.43px
  Homography calculated
  RANSAC inliers: 33/52
  Saved: image_05_registered.JPG
  Mean marker error: 15.66px
  Max marker error: 68.59px

image_06.JPG
  Shared markers: [44, 46, 47, 48, 49, 54, 55, 56, 62, 64, 66, 70, 71, 72, 73, 75, 76, 77, 78, 80]
  ArUco scale relative to reference: 1.717x
  Using 80 corresponding points
  Removing bad markers: [44, 54, 56, 62]
  Recalculated using: [46, 47, 48, 49, 55, 64, 66, 70, 71, 72, 73, 75, 76, 77, 78, 80]
  Marker 44: mean=33.10px, max=40.03px
  Marker 46: mean=4.92px, max=7.24px
  Marker 47: mean=2.56px, max=3.95px
  Marker 48: mean=1.99px, max=2.90px
  Marker 49: mean=1.29px, max=2.34px
  Marker 54: mean=16.21px, max=20.55px
  Marker 55: mean=1.25px, max=2.11px
  Marker 56: mean=12.84px, max=16.73px
  Marker 62: mean=10.37px, max=13.93px
  Marker 64: mean=1.55px, max=3.23px
  Marker 66: mean=1.74px, max=3.50px
  Marker 70: mean=2.95px, max=5.26px
  Marker 71: mean=3.62px, max=4.69px
  Marker 72: mean=2.02px, max=4.00px
  Marker 73: mean=1.82px, max=3.15px
  Marker 75: mean=0.96px, max=1.56px
  Marker 76: mean=1.86px, max=3.81px
  Marker 77: mean=1.20px, max=1.73px
  Marker 78: mean=7.96px, max=11.07px
  Marker 80: mean=4.12px, max=6.41px
  Homography calculated
  RANSAC inliers: 42/64
  Saved: image_06_registered.JPG
  Mean marker error: 5.72px
  Max marker error: 40.03px

image_07.JPG
  Shared markers: [32, 34, 35, 36, 37, 38, 39, 40, 41, 43, 45, 46, 47, 48, 49, 51, 55, 60, 62, 64, 66, 67, 68, 70, 71, 72, 73, 75, 76, 77, 78, 80]
  ArUco scale relative to reference: 1.734x
  Using 128 corresponding points
  Removing bad markers: [36, 43, 45, 51, 64, 66, 67, 76, 78]
  Recalculated using: [32, 34, 35, 37, 38, 39, 40, 41, 46, 47, 48, 49, 55, 60, 62, 68, 70, 71, 72, 73, 75, 77, 80]
  Marker 32: mean=9.09px, max=13.51px
  Marker 34: mean=5.34px, max=8.94px
  Marker 35: mean=4.91px, max=8.02px
  Marker 36: mean=12.32px, max=16.60px
  Marker 37: mean=3.59px, max=5.99px
  Marker 38: mean=2.21px, max=3.83px
  Marker 39: mean=2.54px, max=5.09px
  Marker 40: mean=3.94px, max=6.03px
  Marker 41: mean=2.34px, max=4.48px
  Marker 43: mean=13.32px, max=18.49px
  Marker 45: mean=13.75px, max=18.93px
  Marker 46: mean=2.22px, max=3.71px
  Marker 47: mean=6.19px, max=8.24px
  Marker 48: mean=3.31px, max=5.46px
  Marker 49: mean=2.48px, max=4.06px
  Marker 51: mean=39.44px, max=46.77px
  Marker 55: mean=2.44px, max=2.50px
  Marker 60: mean=3.65px, max=7.59px
  Marker 62: mean=2.47px, max=3.73px
  Marker 64: mean=13.47px, max=18.83px
  Marker 66: mean=12.87px, max=18.12px
  Marker 67: mean=24.81px, max=30.61px
  Marker 68: mean=5.19px, max=7.62px
  Marker 70: mean=2.41px, max=3.99px
  Marker 71: mean=2.31px, max=4.30px
  Marker 72: mean=7.11px, max=8.90px
  Marker 73: mean=3.32px, max=6.77px
  Marker 75: mean=4.18px, max=6.00px
  Marker 76: mean=13.93px, max=19.39px
  Marker 77: mean=3.70px, max=7.29px
  Marker 78: mean=31.67px, max=39.33px
  Marker 80: mean=2.65px, max=5.09px
  Homography calculated
  RANSAC inliers: 42/92
  Saved: image_07_registered.JPG
  Mean marker error: 8.22px
  Max marker error: 46.77px

image_08.JPG
  Shared markers: [16, 20, 22, 26, 32, 34, 35, 36, 37, 38, 39, 40, 41, 43, 45, 51, 60, 62, 67, 68, 70, 72]
  ArUco scale relative to reference: 1.731x
  Using 88 corresponding points
  Removing bad markers: [16, 20, 22, 26, 34, 62, 70, 72]
  Recalculated using: [32, 35, 36, 37, 38, 39, 40, 41, 43, 45, 51, 60, 67, 68]
  Marker 16: mean=18.02px, max=21.68px
  Marker 20: mean=56.36px, max=63.32px
  Marker 22: mean=29.82px, max=34.68px
  Marker 26: mean=37.99px, max=43.15px
  Marker 32: mean=1.95px, max=2.59px
  Marker 34: mean=15.03px, max=18.36px
  Marker 35: mean=1.69px, max=2.69px
  Marker 36: mean=1.07px, max=1.61px
  Marker 37: mean=1.68px, max=3.07px
  Marker 38: mean=1.47px, max=2.21px
  Marker 39: mean=6.19px, max=8.25px
  Marker 40: mean=7.35px, max=9.73px
  Marker 41: mean=0.91px, max=1.53px
  Marker 43: mean=1.47px, max=2.05px
  Marker 45: mean=1.13px, max=2.00px
  Marker 51: mean=1.46px, max=2.75px
  Marker 60: mean=3.84px, max=5.73px
  Marker 62: mean=10.08px, max=13.18px
  Marker 67: mean=0.86px, max=1.52px
  Marker 68: mean=3.38px, max=5.39px
  Marker 70: mean=20.32px, max=24.71px
  Marker 72: mean=10.18px, max=13.20px
  Homography calculated
  RANSAC inliers: 41/56
  Saved: image_08_registered.JPG
  Mean marker error: 10.56px
  Max marker error: 63.32px

image_09.JPG
  Shared markers: [8, 11, 12, 15, 16, 20, 22, 24, 26, 27, 28, 32, 34, 35, 36, 37, 38, 39, 40, 41, 45, 47, 67, 68, 72]
  ArUco scale relative to reference: 1.745x
  Using 100 corresponding points
  Removing bad markers: [32, 35, 36, 37, 38, 39, 41, 45, 47, 67, 68, 72]
  Recalculated using: [8, 11, 12, 15, 16, 20, 22, 24, 26, 27, 28, 34, 40]
  Marker 8: mean=1.24px, max=2.13px
  Marker 11: mean=1.66px, max=3.14px
  Marker 12: mean=4.24px, max=6.80px
  Marker 15: mean=1.74px, max=2.57px
  Marker 16: mean=1.72px, max=3.46px
  Marker 20: mean=1.38px, max=2.10px
  Marker 22: mean=2.11px, max=3.86px
  Marker 24: mean=2.88px, max=4.19px
  Marker 26: mean=1.67px, max=3.04px
  Marker 27: mean=1.14px, max=2.39px
  Marker 28: mean=1.34px, max=2.01px
  Marker 32: mean=63.18px, max=70.56px
  Marker 34: mean=7.44px, max=10.08px
  Marker 35: mean=30.71px, max=35.57px
  Marker 36: mean=53.60px, max=60.29px
  Marker 37: mean=18.89px, max=22.88px
  Marker 38: mean=36.21px, max=41.70px
  Marker 39: mean=16.39px, max=20.01px
  Marker 40: mean=8.33px, max=11.16px
  Marker 41: mean=80.28px, max=87.77px
  Marker 45: mean=88.78px, max=98.06px
  Marker 47: mean=105.51px, max=118.10px
  Marker 67: mean=86.74px, max=95.94px
  Marker 68: mean=80.84px, max=89.05px
  Marker 72: mean=89.02px, max=99.26px
  Homography calculated
  RANSAC inliers: 34/52
  Saved: image_09_registered.JPG
  Mean marker error: 31.48px
  Max marker error: 118.10px

image_10.JPG
  Shared markers: [8, 9, 11, 12, 13, 14, 15, 16, 20, 22, 24, 26, 27, 28, 29, 34, 35, 37, 39, 40, 65]
  ArUco scale relative to reference: 1.751x
  Using 84 corresponding points
  Removing bad markers: [29, 34, 35, 37, 39, 40]
  Recalculated using: [8, 9, 11, 12, 13, 14, 15, 16, 20, 22, 24, 26, 27, 28, 65]
  Marker 8: mean=0.89px, max=1.53px
  Marker 9: mean=1.44px, max=2.90px
  Marker 11: mean=1.10px, max=2.03px
  Marker 12: mean=5.18px, max=7.00px
  Marker 13: mean=1.23px, max=2.19px
  Marker 14: mean=4.84px, max=6.87px
  Marker 15: mean=2.03px, max=3.45px
  Marker 16: mean=3.02px, max=5.50px
  Marker 20: mean=1.86px, max=3.32px
  Marker 22: mean=4.36px, max=6.78px
  Marker 24: mean=1.44px, max=2.68px
  Marker 26: mean=1.49px, max=1.76px
  Marker 27: mean=1.18px, max=1.80px
  Marker 28: mean=1.39px, max=2.50px
  Marker 29: mean=12.06px, max=14.94px
  Marker 34: mean=10.78px, max=14.46px
  Marker 35: mean=46.84px, max=55.11px
  Marker 37: mean=27.20px, max=33.20px
  Marker 39: mean=23.48px, max=28.96px
  Marker 40: mean=11.54px, max=15.48px
  Marker 65: mean=5.07px, max=6.98px
  Homography calculated
  RANSAC inliers: 43/60
  Saved: image_10_registered.JPG
  Mean marker error: 8.02px
  Max marker error: 55.11px

image_11.JPG
  Shared markers: [8, 9, 10, 11, 12, 13, 14, 15, 16, 19, 20, 21, 22, 23, 24, 25, 26, 27, 28, 29, 31, 34, 40, 42, 44, 46, 52, 53, 54, 56, 65, 74, 80]
  ArUco scale relative to reference: 1.751x
  Using 132 corresponding points
  Removing bad markers: [11, 13, 16, 21, 27, 28, 53, 65]
  Recalculated using: [8, 9, 10, 12, 14, 15, 19, 20, 22, 23, 24, 25, 26, 29, 31, 34, 40, 42, 44, 46, 52, 54, 56, 74, 80]
  Marker 8: mean=5.83px, max=8.49px
  Marker 9: mean=4.13px, max=8.39px
  Marker 10: mean=7.93px, max=9.71px
  Marker 11: mean=15.21px, max=21.04px
  Marker 12: mean=8.38px, max=10.18px
  Marker 13: mean=15.81px, max=21.42px
  Marker 14: mean=2.56px, max=4.89px
  Marker 15: mean=2.58px, max=5.80px
  Marker 16: mean=10.01px, max=13.35px
  Marker 19: mean=2.70px, max=5.13px
  Marker 20: mean=5.37px, max=10.40px
  Marker 21: mean=15.28px, max=20.68px
  Marker 22: mean=4.03px, max=4.92px
  Marker 23: mean=3.92px, max=7.77px
  Marker 24: mean=3.91px, max=7.57px
  Marker 25: mean=3.41px, max=6.88px
  Marker 26: mean=5.00px, max=9.17px
  Marker 27: mean=16.14px, max=22.57px
  Marker 28: mean=15.77px, max=21.91px
  Marker 29: mean=3.23px, max=5.53px
  Marker 31: mean=4.66px, max=7.18px
  Marker 34: mean=5.96px, max=7.25px
  Marker 40: mean=9.47px, max=12.24px
  Marker 42: mean=3.26px, max=6.50px
  Marker 44: mean=1.41px, max=2.21px
  Marker 46: mean=1.17px, max=2.05px
  Marker 52: mean=4.77px, max=8.01px
  Marker 53: mean=15.90px, max=21.01px
  Marker 54: mean=3.02px, max=3.88px
  Marker 56: mean=1.82px, max=3.47px
  Marker 65: mean=41.69px, max=49.84px
  Marker 74: mean=2.59px, max=4.37px
  Marker 80: mean=7.39px, max=9.71px
  Homography calculated
  RANSAC inliers: 39/100
  Saved: image_11_registered.JPG
  Mean marker error: 7.71px
  Max marker error: 49.84px

Saved image scales: homographies\drawer_015\image_scales.json

==================================================
Processing drawer_016
==================================================
Reference image: image_01.JPG
Markers: [8, 9, 10, 11, 12, 13, 14, 15, 16, 19, 20, 21, 22, 23, 24, 25, 26, 27, 28, 29, 31, 32, 34, 35, 36, 37, 38, 39, 40, 41, 42, 43, 44, 45, 46, 47, 48, 49, 51, 52, 53, 54, 55, 56, 60, 62, 64, 65, 66, 67, 68, 70, 71, 72, 73, 74, 75, 76, 77, 78, 80]

image_02.JPG
  Shared markers: [8, 10, 12, 19, 21, 23, 25, 31, 42, 44, 46, 47, 48, 54, 55, 56, 64, 68, 71, 72, 73, 74, 75, 76, 77, 80]
  ArUco scale relative to reference: 1.770x
  Using 104 corresponding points
  Removing bad markers: [19, 21, 23, 25, 31, 42, 64, 76]
  Recalculated using: [8, 10, 12, 44, 46, 47, 48, 54, 55, 56, 68, 71, 72, 73, 74, 75, 77, 80]
  Marker 8: mean=4.78px, max=9.50px
  Marker 10: mean=3.99px, max=7.70px
  Marker 12: mean=3.42px, max=4.98px
  Marker 19: mean=16.01px, max=21.57px
  Marker 21: mean=48.73px, max=58.85px
  Marker 23: mean=28.89px, max=36.40px
  Marker 25: mean=25.44px, max=32.66px
  Marker 31: mean=10.98px, max=16.27px
  Marker 42: mean=21.86px, max=28.62px
  Marker 44: mean=7.88px, max=12.27px
  Marker 46: mean=3.62px, max=5.14px
  Marker 47: mean=1.81px, max=4.08px
  Marker 48: mean=2.44px, max=4.39px
  Marker 54: mean=2.04px, max=3.52px
  Marker 55: mean=2.21px, max=3.19px
  Marker 56: mean=2.28px, max=4.69px
  Marker 64: mean=27.09px, max=33.54px
  Marker 68: mean=2.40px, max=4.85px
  Marker 71: mean=5.78px, max=9.25px
  Marker 72: mean=2.83px, max=4.57px
  Marker 73: mean=8.13px, max=12.62px
  Marker 74: mean=6.99px, max=11.56px
  Marker 75: mean=4.23px, max=5.68px
  Marker 76: mean=24.31px, max=30.97px
  Marker 77: mean=7.10px, max=11.47px
  Marker 80: mean=2.01px, max=2.72px
  Homography calculated
  RANSAC inliers: 31/72
  Saved: image_02_registered.JPG
  Mean marker error: 10.66px
  Max marker error: 58.85px

image_03.JPG
  Shared markers: [8, 10, 11, 12, 15, 16, 20, 22, 24, 26, 27, 28, 32, 37, 38, 40, 41, 45, 47, 68, 72]
  ArUco scale relative to reference: 1.785x
  Using 84 corresponding points
  Removing bad markers: [10, 32, 37, 38, 41, 45, 47, 68, 72]
  Recalculated using: [8, 11, 12, 15, 16, 20, 22, 24, 26, 27, 28, 40]
  Marker 8: mean=0.97px, max=2.03px
  Marker 10: mean=17.23px, max=20.89px
  Marker 11: mean=2.75px, max=4.58px
  Marker 12: mean=6.24px, max=8.65px
  Marker 15: mean=1.28px, max=1.70px
  Marker 16: mean=1.81px, max=3.68px
  Marker 20: mean=1.51px, max=2.17px
  Marker 22: mean=2.30px, max=4.36px
  Marker 24: mean=2.84px, max=4.12px
  Marker 26: mean=1.88px, max=3.36px
  Marker 27: mean=1.79px, max=3.73px
  Marker 28: mean=1.57px, max=3.18px
  Marker 32: mean=75.65px, max=84.48px
  Marker 37: mean=22.11px, max=26.77px
  Marker 38: mean=43.11px, max=49.50px
  Marker 40: mean=9.44px, max=12.64px
  Marker 41: mean=95.76px, max=104.50px
  Marker 45: mean=106.07px, max=116.96px
  Marker 47: mean=123.11px, max=136.63px
  Marker 68: mean=96.52px, max=105.87px
  Marker 72: mean=105.67px, max=117.05px
  Homography calculated
  RANSAC inliers: 30/48
  Saved: image_03_registered.JPG
  Mean marker error: 34.27px
  Max marker error: 136.63px

image_04.JPG
  Shared markers: [10, 12, 14, 19, 21, 23, 25, 29, 31, 42, 44, 46, 48, 52, 53, 54, 55, 56, 74, 75, 80]
  ArUco scale relative to reference: 1.762x
  Using 84 corresponding points
  Removing bad markers: [14, 48, 55]
  Recalculated using: [10, 12, 19, 21, 23, 25, 29, 31, 42, 44, 46, 52, 53, 54, 56, 74, 75, 80]
  Marker 10: mean=2.44px, max=4.15px
  Marker 12: mean=2.52px, max=5.06px
  Marker 14: mean=11.81px, max=16.24px
  Marker 19: mean=1.58px, max=2.58px
  Marker 21: mean=4.29px, max=7.29px
  Marker 23: mean=1.54px, max=1.90px
  Marker 25: mean=1.52px, max=2.89px
  Marker 29: mean=3.16px, max=6.01px
  Marker 31: mean=3.46px, max=4.77px
  Marker 42: mean=1.46px, max=2.81px
  Marker 44: mean=1.11px, max=1.77px
  Marker 46: mean=1.25px, max=2.41px
  Marker 48: mean=22.97px, max=27.44px
  Marker 52: mean=1.35px, max=2.06px
  Marker 53: mean=4.27px, max=7.03px
  Marker 54: mean=1.63px, max=2.45px
  Marker 55: mean=16.12px, max=20.02px
  Marker 56: mean=1.47px, max=2.50px
  Marker 74: mean=2.67px, max=3.60px
  Marker 75: mean=7.04px, max=9.55px
  Marker 80: mean=5.66px, max=8.08px
  Homography calculated
  RANSAC inliers: 47/72
  Saved: image_04_registered.JPG
  Mean marker error: 4.73px
  Max marker error: 27.44px

image_05.JPG
  Shared markers: [10, 12, 21, 25, 31, 42, 44, 46, 47, 48, 52, 53, 54, 55, 56, 64, 71, 72, 73, 74, 75, 76, 77, 80]
  ArUco scale relative to reference: 1.772x
  Using 96 corresponding points
  Removing bad markers: [47, 48, 55, 64, 71, 72, 73, 76, 77]
  Recalculated using: [10, 12, 21, 25, 31, 42, 44, 46, 52, 53, 54, 56, 74, 75, 80]
  Marker 10: mean=1.67px, max=3.30px
  Marker 12: mean=5.31px, max=8.69px
  Marker 21: mean=9.65px, max=14.21px
  Marker 25: mean=1.99px, max=3.35px
  Marker 31: mean=2.87px, max=4.48px
  Marker 42: mean=1.62px, max=2.80px
  Marker 44: mean=1.49px, max=2.63px
  Marker 46: mean=2.33px, max=3.76px
  Marker 47: mean=69.30px, max=77.01px
  Marker 48: mean=14.24px, max=18.59px
  Marker 52: mean=1.83px, max=3.64px
  Marker 53: mean=8.75px, max=13.16px
  Marker 54: mean=3.60px, max=4.56px
  Marker 55: mean=10.86px, max=14.84px
  Marker 56: mean=1.70px, max=2.20px
  Marker 64: mean=83.37px, max=92.35px
  Marker 71: mean=66.29px, max=72.61px
  Marker 72: mean=82.00px, max=91.32px
  Marker 73: mean=40.84px, max=47.69px
  Marker 74: mean=3.47px, max=4.86px
  Marker 75: mean=2.33px, max=4.71px
  Marker 76: mean=66.42px, max=75.23px
  Marker 77: mean=30.54px, max=36.71px
  Marker 80: mean=3.01px, max=5.49px
  Homography calculated
  RANSAC inliers: 33/60
  Saved: image_05_registered.JPG
  Mean marker error: 21.48px
  Max marker error: 92.35px

image_06.JPG
  Shared markers: [44, 46, 47, 48, 49, 54, 55, 56, 62, 64, 66, 70, 71, 72, 73, 75, 76, 77, 78, 80]
  ArUco scale relative to reference: 1.754x
  Using 80 corresponding points
  Removing bad markers: [44, 46, 54, 56, 62]
  Recalculated using: [47, 48, 49, 55, 64, 66, 70, 71, 72, 73, 75, 76, 77, 78, 80]
  Marker 44: mean=49.65px, max=57.73px
  Marker 46: mean=11.22px, max=14.25px
  Marker 47: mean=1.44px, max=2.80px
  Marker 48: mean=0.77px, max=1.03px
  Marker 49: mean=0.94px, max=1.88px
  Marker 54: mean=28.52px, max=33.80px
  Marker 55: mean=3.32px, max=5.10px
  Marker 56: mean=21.77px, max=26.52px
  Marker 62: mean=18.73px, max=22.83px
  Marker 64: mean=1.06px, max=1.96px
  Marker 66: mean=1.05px, max=1.89px
  Marker 70: mean=7.30px, max=9.86px
  Marker 71: mean=2.87px, max=3.51px
  Marker 72: mean=8.67px, max=11.29px
  Marker 73: mean=1.43px, max=2.23px
  Marker 75: mean=3.45px, max=5.21px
  Marker 76: mean=1.07px, max=1.53px
  Marker 77: mean=1.31px, max=1.74px
  Marker 78: mean=2.57px, max=4.48px
  Marker 80: mean=8.65px, max=11.40px
  Homography calculated
  RANSAC inliers: 40/60
  Saved: image_06_registered.JPG
  Mean marker error: 8.79px
  Max marker error: 57.73px

image_07.JPG
  Shared markers: [32, 35, 36, 37, 38, 39, 40, 41, 43, 45, 47, 48, 49, 51, 55, 60, 62, 64, 66, 67, 68, 70, 71, 72, 73, 75, 76, 77, 78, 80]
  ArUco scale relative to reference: 1.773x
  Using 120 corresponding points
  Removing bad markers: [49, 51, 64, 66, 71, 73, 76, 77, 78]
  Recalculated using: [32, 35, 36, 37, 38, 39, 40, 41, 43, 45, 47, 48, 55, 60, 62, 67, 68, 70, 72, 75, 80]
  Marker 32: mean=1.56px, max=2.91px
  Marker 35: mean=1.32px, max=2.35px
  Marker 36: mean=1.88px, max=3.64px
  Marker 37: mean=3.96px, max=5.48px
  Marker 38: mean=4.62px, max=5.88px
  Marker 39: mean=1.75px, max=3.70px
  Marker 40: mean=1.46px, max=2.44px
  Marker 41: mean=2.52px, max=4.57px
  Marker 43: mean=5.30px, max=8.70px
  Marker 45: mean=3.49px, max=6.78px
  Marker 47: mean=3.88px, max=6.59px
  Marker 48: mean=8.19px, max=11.54px
  Marker 49: mean=14.96px, max=19.69px
  Marker 51: mean=19.35px, max=24.23px
  Marker 55: mean=9.08px, max=13.92px
  Marker 60: mean=2.61px, max=4.90px
  Marker 62: mean=3.14px, max=6.03px
  Marker 64: mean=39.26px, max=47.27px
  Marker 66: mean=36.37px, max=44.03px
  Marker 67: mean=8.95px, max=12.36px
  Marker 68: mean=3.36px, max=5.07px
  Marker 70: mean=7.32px, max=11.06px
  Marker 71: mean=14.09px, max=19.06px
  Marker 72: mean=2.03px, max=3.90px
  Marker 73: mean=22.24px, max=28.50px
  Marker 75: mean=4.01px, max=7.11px
  Marker 76: mean=40.41px, max=48.72px
  Marker 77: mean=21.29px, max=27.68px
  Marker 78: mean=65.40px, max=76.00px
  Marker 80: mean=7.00px, max=11.72px
  Homography calculated
  RANSAC inliers: 38/84
  Saved: image_07_registered.JPG
  Mean marker error: 12.03px
  Max marker error: 76.00px

image_08.JPG
  Shared markers: [16, 20, 22, 24, 26, 32, 34, 35, 36, 37, 38, 39, 40, 41, 43, 45, 51, 60, 62, 67, 68, 70, 72]
  ArUco scale relative to reference: 1.775x
  Using 92 corresponding points
  Removing bad markers: [20, 22, 24, 26, 51, 70]
  Recalculated using: [16, 32, 34, 35, 36, 37, 38, 39, 40, 41, 43, 45, 60, 62, 67, 68, 72]
  Marker 16: mean=3.37px, max=6.32px
  Marker 20: mean=27.39px, max=32.91px
  Marker 22: mean=12.23px, max=16.20px
  Marker 24: mean=33.06px, max=38.69px
  Marker 26: mean=14.25px, max=18.34px
  Marker 32: mean=1.56px, max=2.52px
  Marker 34: mean=4.85px, max=7.64px
  Marker 35: mean=1.53px, max=1.82px
  Marker 36: mean=1.80px, max=3.66px
  Marker 37: mean=3.09px, max=4.79px
  Marker 38: mean=3.10px, max=4.66px
  Marker 39: mean=1.79px, max=3.02px
  Marker 40: mean=1.85px, max=3.21px
  Marker 41: mean=1.97px, max=3.60px
  Marker 43: mean=3.38px, max=6.02px
  Marker 45: mean=2.42px, max=4.75px
  Marker 51: mean=12.84px, max=16.78px
  Marker 60: mean=2.13px, max=4.09px
  Marker 62: mean=4.82px, max=7.94px
  Marker 67: mean=6.11px, max=8.90px
  Marker 68: mean=1.62px, max=3.21px
  Marker 70: mean=12.09px, max=16.38px
  Marker 72: mean=2.73px, max=5.33px
  Homography calculated
  RANSAC inliers: 42/68
  Saved: image_08_registered.JPG
  Mean marker error: 6.96px
  Max marker error: 38.69px

image_09.JPG
  Shared markers: [8, 11, 12, 15, 16, 20, 22, 24, 26, 27, 28, 32, 34, 35, 36, 37, 38, 39, 40, 41, 45, 67, 68, 72]
  ArUco scale relative to reference: 1.786x
  Using 96 corresponding points
  Removing bad markers: [32, 35, 36, 37, 38, 39, 41, 45, 67, 68, 72]
  Recalculated using: [8, 11, 12, 15, 16, 20, 22, 24, 26, 27, 28, 34, 40]
  Marker 8: mean=0.98px, max=2.42px
  Marker 11: mean=2.44px, max=4.19px
  Marker 12: mean=7.17px, max=9.72px
  Marker 15: mean=1.17px, max=1.68px
  Marker 16: mean=2.82px, max=4.75px
  Marker 20: mean=1.71px, max=3.15px
  Marker 22: mean=1.91px, max=2.63px
  Marker 24: mean=3.49px, max=5.13px
  Marker 26: mean=3.74px, max=5.19px
  Marker 27: mean=1.71px, max=3.30px
  Marker 28: mean=1.61px, max=2.82px
  Marker 32: mean=54.75px, max=62.58px
  Marker 34: mean=3.46px, max=6.30px
  Marker 35: mean=24.21px, max=29.48px
  Marker 36: mean=46.48px, max=53.58px
  Marker 37: mean=11.73px, max=16.05px
  Marker 38: mean=28.26px, max=33.93px
  Marker 39: mean=10.94px, max=14.85px
  Marker 40: mean=2.86px, max=5.56px
  Marker 41: mean=69.63px, max=77.09px
  Marker 45: mean=79.27px, max=88.66px
  Marker 67: mean=79.05px, max=88.54px
  Marker 68: mean=70.24px, max=78.49px
  Marker 72: mean=79.66px, max=90.13px
  Homography calculated
  RANSAC inliers: 32/52
  Saved: image_09_registered.JPG
  Mean marker error: 24.55px
  Max marker error: 90.13px

image_10.JPG
  Shared markers: [8, 9, 11, 12, 13, 14, 15, 16, 20, 22, 24, 26, 27, 28, 29, 34, 35, 37, 38, 39, 40, 65]
  ArUco scale relative to reference: 1.778x
  Using 88 corresponding points
  Removing bad markers: [29, 34, 35, 37, 38, 39, 40]
  Recalculated using: [8, 9, 11, 12, 13, 14, 15, 16, 20, 22, 24, 26, 27, 28, 65]
  Marker 8: mean=0.74px, max=1.33px
  Marker 9: mean=1.37px, max=2.61px
  Marker 11: mean=1.48px, max=2.46px
  Marker 12: mean=5.43px, max=7.69px
  Marker 13: mean=0.98px, max=1.04px
  Marker 14: mean=5.30px, max=7.43px
  Marker 15: mean=2.36px, max=3.50px
  Marker 16: mean=6.01px, max=8.46px
  Marker 20: mean=1.93px, max=3.36px
  Marker 22: mean=5.81px, max=8.16px
  Marker 24: mean=1.31px, max=2.28px
  Marker 26: mean=1.50px, max=2.87px
  Marker 27: mean=1.18px, max=2.12px
  Marker 28: mean=1.08px, max=1.28px
  Marker 29: mean=14.36px, max=17.80px
  Marker 34: mean=13.84px, max=17.45px
  Marker 35: mean=53.45px, max=60.92px
  Marker 37: mean=34.97px, max=40.61px
  Marker 38: mean=66.74px, max=74.92px
  Marker 39: mean=28.52px, max=33.61px
  Marker 40: mean=16.77px, max=20.50px
  Marker 65: mean=2.13px, max=3.36px
  Homography calculated
  RANSAC inliers: 43/60
  Saved: image_10_registered.JPG
  Mean marker error: 12.15px
  Max marker error: 74.92px

image_11.JPG
  Shared markers: [8, 9, 10, 11, 12, 13, 14, 15, 16, 19, 20, 21, 22, 23, 24, 25, 26, 27, 28, 29, 31, 34, 42, 44, 46, 52, 53, 54, 56, 65, 74, 80]
  ArUco scale relative to reference: 1.782x
  Using 128 corresponding points
  Removing bad markers: [10, 19, 21, 23, 25, 29, 31, 34, 42, 44, 46, 52, 53, 54, 56, 74, 80]
  Recalculated using: [8, 9, 11, 12, 13, 14, 15, 16, 20, 22, 24, 26, 27, 28, 65]
  Marker 8: mean=0.94px, max=1.43px
  Marker 9: mean=1.40px, max=2.38px
  Marker 10: mean=14.33px, max=17.72px
  Marker 11: mean=1.63px, max=2.72px
  Marker 12: mean=5.26px, max=7.49px
  Marker 13: mean=1.05px, max=1.22px
  Marker 14: mean=5.11px, max=7.26px
  Marker 15: mean=2.37px, max=3.38px
  Marker 16: mean=9.35px, max=12.69px
  Marker 19: mean=25.14px, max=29.85px
  Marker 20: mean=2.68px, max=4.82px
  Marker 21: mean=85.26px, max=94.76px
  Marker 22: mean=8.44px, max=11.84px
  Marker 23: mean=49.53px, max=56.48px
  Marker 24: mean=1.38px, max=2.51px
  Marker 25: mean=59.63px, max=67.21px
  Marker 26: mean=2.37px, max=4.55px
  Marker 27: mean=1.32px, max=2.53px
  Marker 28: mean=1.53px, max=1.72px
  Marker 29: mean=13.20px, max=16.52px
  Marker 31: mean=30.82px, max=36.02px
  Marker 34: mean=20.43px, max=25.70px
  Marker 42: mean=71.65px, max=79.40px
  Marker 44: mean=84.23px, max=91.78px
  Marker 46: mean=82.72px, max=92.41px
  Marker 52: mean=87.21px, max=94.87px
  Marker 53: mean=99.04px, max=108.92px
  Marker 54: mean=68.41px, max=75.42px
  Marker 56: mean=93.79px, max=103.45px
  Marker 65: mean=3.30px, max=5.43px
  Marker 74: mean=65.78px, max=72.28px
  Marker 80: mean=116.90px, max=129.89px
  Homography calculated
  RANSAC inliers: 38/60
  Saved: image_11_registered.JPG
  Mean marker error: 34.88px
  Max marker error: 129.89px

Saved image scales: homographies\drawer_016\image_scales.json

==================================================
Processing drawer_017
==================================================
Reference image: image_01.JPG
Markers: [8, 9, 10, 11, 12, 13, 14, 15, 16, 19, 20, 21, 22, 23, 24, 25, 26, 27, 28, 29, 31, 32, 34, 35, 36, 37, 38, 39, 40, 41, 42, 43, 44, 45, 46, 47, 48, 49, 51, 52, 53, 54, 55, 56, 60, 62, 64, 65, 66, 67, 68, 70, 71, 72, 73, 74, 75, 76, 77, 78, 80]

image_02.JPG
  Shared markers: [8, 9, 10, 12, 14, 19, 21, 23, 25, 29, 31, 42, 44, 46, 47, 48, 52, 53, 54, 55, 56, 64, 68, 71, 72, 73, 74, 75, 76, 77, 80]
  ArUco scale relative to reference: 1.779x
  Using 124 corresponding points
  Removing bad markers: [9, 21, 23, 25, 42, 52, 53, 64, 71, 73, 76, 77]
  Recalculated using: [8, 10, 12, 14, 19, 29, 31, 44, 46, 47, 48, 54, 55, 56, 68, 72, 74, 75, 80]
  Marker 8: mean=3.58px, max=6.77px
  Marker 9: mean=12.43px, max=18.67px
  Marker 10: mean=3.19px, max=6.31px
  Marker 12: mean=5.14px, max=8.01px
  Marker 14: mean=5.03px, max=9.86px
  Marker 19: mean=7.70px, max=12.62px
  Marker 21: mean=38.45px, max=47.52px
  Marker 23: mean=19.67px, max=26.45px
  Marker 25: mean=17.39px, max=23.98px
  Marker 29: mean=4.96px, max=9.01px
  Marker 31: mean=4.13px, max=8.47px
  Marker 42: mean=15.08px, max=21.22px
  Marker 44: mean=4.54px, max=8.37px
  Marker 46: mean=4.56px, max=5.89px
  Marker 47: mean=2.03px, max=2.72px
  Marker 48: mean=2.17px, max=3.20px
  Marker 52: mean=15.19px, max=21.22px
  Marker 53: mean=36.48px, max=45.48px
  Marker 54: mean=3.36px, max=5.49px
  Marker 55: mean=2.39px, max=4.68px
  Marker 56: mean=2.20px, max=2.64px
  Marker 64: mean=34.73px, max=41.68px
  Marker 68: mean=2.36px, max=4.68px
  Marker 71: mean=10.23px, max=14.13px
  Marker 72: mean=2.11px, max=4.08px
  Marker 73: mean=12.35px, max=17.37px
  Marker 74: mean=3.32px, max=6.77px
  Marker 75: mean=4.09px, max=5.74px
  Marker 76: mean=30.88px, max=38.04px
  Marker 77: mean=10.39px, max=15.21px
  Marker 80: mean=1.93px, max=3.04px
  Homography calculated
  RANSAC inliers: 40/76
  Saved: image_02_registered.JPG
  Mean marker error: 10.39px
  Max marker error: 47.52px

image_03.JPG
  Shared markers: [8, 10, 11, 12, 15, 16, 20, 22, 24, 26, 27, 28, 32, 34, 35, 36, 37, 38, 39, 40, 41, 45, 47, 68, 72]
  ArUco scale relative to reference: 1.780x
  Using 100 corresponding points
  Removing bad markers: [11, 27, 28, 32, 36, 45]
  Recalculated using: [8, 10, 12, 15, 16, 20, 22, 24, 26, 34, 35, 37, 38, 39, 40, 41, 47, 68, 72]
  Marker 8: mean=2.34px, max=4.00px
  Marker 10: mean=2.95px, max=5.59px
  Marker 11: mean=22.77px, max=28.93px
  Marker 12: mean=2.02px, max=2.48px
  Marker 15: mean=8.41px, max=12.41px
  Marker 16: mean=8.96px, max=11.30px
  Marker 20: mean=4.45px, max=8.71px
  Marker 22: mean=2.87px, max=5.30px
  Marker 24: mean=3.78px, max=7.76px
  Marker 26: mean=4.68px, max=7.68px
  Marker 27: mean=20.39px, max=26.56px
  Marker 28: mean=17.22px, max=23.23px
  Marker 32: mean=11.10px, max=16.97px
  Marker 34: mean=4.02px, max=6.53px
  Marker 35: mean=2.76px, max=5.66px
  Marker 36: mean=12.15px, max=17.91px
  Marker 37: mean=7.02px, max=9.72px
  Marker 38: mean=2.73px, max=5.10px
  Marker 39: mean=3.16px, max=5.95px
  Marker 40: mean=9.00px, max=11.04px
  Marker 41: mean=5.39px, max=10.51px
  Marker 45: mean=20.48px, max=27.67px
  Marker 47: mean=3.37px, max=6.55px
  Marker 68: mean=3.16px, max=5.84px
  Marker 72: mean=4.47px, max=7.60px
  Homography calculated
  RANSAC inliers: 33/76
  Saved: image_03_registered.JPG
  Mean marker error: 7.59px
  Max marker error: 28.93px

image_04.JPG
  Shared markers: [10, 12, 14, 19, 21, 23, 25, 29, 31, 42, 44, 46, 48, 52, 53, 54, 55, 56, 74, 75, 80]
  ArUco scale relative to reference: 1.762x
  Using 84 corresponding points
  Removing bad markers: [14, 48, 55]
  Recalculated using: [10, 12, 19, 21, 23, 25, 29, 31, 42, 44, 46, 52, 53, 54, 56, 74, 75, 80]
  Marker 10: mean=2.53px, max=4.35px
  Marker 12: mean=2.95px, max=5.90px
  Marker 14: mean=12.82px, max=17.52px
  Marker 19: mean=1.71px, max=2.84px
  Marker 21: mean=3.68px, max=6.55px
  Marker 23: mean=1.64px, max=2.33px
  Marker 25: mean=1.69px, max=3.32px
  Marker 29: mean=3.46px, max=6.56px
  Marker 31: mean=3.80px, max=5.07px
  Marker 42: mean=1.60px, max=3.04px
  Marker 44: mean=1.13px, max=1.96px
  Marker 46: mean=1.35px, max=2.52px
  Marker 48: mean=23.57px, max=27.71px
  Marker 52: mean=1.33px, max=1.94px
  Marker 53: mean=3.72px, max=6.43px
  Marker 54: mean=1.56px, max=2.22px
  Marker 55: mean=16.15px, max=20.02px
  Marker 56: mean=1.51px, max=2.52px
  Marker 74: mean=2.68px, max=3.62px
  Marker 75: mean=7.25px, max=9.64px
  Marker 80: mean=5.67px, max=7.90px
  Homography calculated
  RANSAC inliers: 46/72
  Saved: image_04_registered.JPG
  Mean marker error: 4.85px
  Max marker error: 27.71px

image_05.JPG
  Shared markers: [10, 12, 19, 21, 23, 25, 31, 42, 44, 46, 47, 48, 52, 53, 54, 55, 56, 64, 71, 72, 73, 74, 75, 76, 77, 80]
  ArUco scale relative to reference: 1.778x
  Using 104 corresponding points
  Removing bad markers: [12, 47, 48, 55, 64, 71, 72, 73, 75, 76, 77, 80]
  Recalculated using: [10, 19, 21, 23, 25, 31, 42, 44, 46, 52, 53, 54, 56, 74]
  Marker 10: mean=9.40px, max=12.50px
  Marker 12: mean=23.52px, max=28.44px
  Marker 19: mean=7.68px, max=10.69px
  Marker 21: mean=2.05px, max=3.69px
  Marker 23: mean=2.29px, max=3.84px
  Marker 25: mean=1.37px, max=2.34px
  Marker 31: mean=1.88px, max=3.45px
  Marker 42: mean=1.97px, max=2.87px
  Marker 44: mean=1.24px, max=1.58px
  Marker 46: mean=5.37px, max=7.69px
  Marker 47: mean=184.03px, max=200.47px
  Marker 48: mean=44.57px, max=50.79px
  Marker 52: mean=1.31px, max=2.13px
  Marker 53: mean=1.33px, max=2.55px
  Marker 54: mean=1.09px, max=1.46px
  Marker 55: mean=31.28px, max=36.74px
  Marker 56: mean=4.37px, max=6.55px
  Marker 64: mean=167.73px, max=179.66px
  Marker 71: mean=162.08px, max=174.82px
  Marker 72: mean=217.21px, max=236.47px
  Marker 73: mean=93.24px, max=102.64px
  Marker 74: mean=1.87px, max=2.51px
  Marker 75: mean=17.90px, max=21.71px
  Marker 76: mean=130.24px, max=141.80px
  Marker 77: mean=68.90px, max=77.05px
  Marker 80: mean=13.20px, max=16.78px
  Homography calculated
  RANSAC inliers: 36/56
  Saved: image_05_registered.JPG
  Mean marker error: 46.04px
  Max marker error: 236.47px

image_06.JPG
  Shared markers: [44, 46, 47, 48, 49, 54, 55, 56, 62, 64, 66, 70, 71, 72, 73, 75, 76, 77, 78, 80]
  ArUco scale relative to reference: 1.752x
  Using 80 corresponding points
  Removing bad markers: [44, 46, 54, 56, 62]
  Recalculated using: [47, 48, 49, 55, 64, 66, 70, 71, 72, 73, 75, 76, 77, 78, 80]
  Marker 44: mean=49.90px, max=57.87px
  Marker 46: mean=11.71px, max=14.72px
  Marker 47: mean=1.71px, max=3.36px
  Marker 48: mean=0.89px, max=1.13px
  Marker 49: mean=1.07px, max=2.11px
  Marker 54: mean=29.17px, max=34.49px
  Marker 55: mean=3.24px, max=4.98px
  Marker 56: mean=22.29px, max=26.97px
  Marker 62: mean=19.77px, max=23.91px
  Marker 64: mean=1.12px, max=2.13px
  Marker 66: mean=0.94px, max=1.53px
  Marker 70: mean=7.86px, max=10.60px
  Marker 71: mean=2.51px, max=2.99px
  Marker 72: mean=9.38px, max=12.17px
  Marker 73: mean=1.46px, max=2.36px
  Marker 75: mean=3.55px, max=5.41px
  Marker 76: mean=1.04px, max=1.47px
  Marker 77: mean=1.22px, max=1.71px
  Marker 78: mean=2.31px, max=4.22px
  Marker 80: mean=8.86px, max=11.64px
  Homography calculated
  RANSAC inliers: 40/60
  Saved: image_06_registered.JPG
  Mean marker error: 9.00px
  Max marker error: 57.87px

image_07.JPG
  Shared markers: [32, 35, 36, 37, 38, 39, 40, 41, 43, 45, 47, 48, 49, 51, 55, 60, 62, 64, 66, 67, 68, 70, 71, 72, 73, 75, 76, 77, 78, 80]
  ArUco scale relative to reference: 1.772x
  Using 120 corresponding points
  Removing bad markers: [49, 51, 64, 66, 71, 73, 76, 77, 78]
  Recalculated using: [32, 35, 36, 37, 38, 39, 40, 41, 43, 45, 47, 48, 55, 60, 62, 67, 68, 70, 72, 75, 80]
  Marker 32: mean=1.95px, max=3.71px
  Marker 35: mean=1.45px, max=2.50px
  Marker 36: mean=1.59px, max=2.80px
  Marker 37: mean=3.33px, max=4.85px
  Marker 38: mean=4.68px, max=5.97px
  Marker 39: mean=2.10px, max=3.99px
  Marker 40: mean=1.96px, max=3.49px
  Marker 41: mean=3.04px, max=5.02px
  Marker 43: mean=4.37px, max=7.70px
  Marker 45: mean=2.87px, max=5.63px
  Marker 47: mean=4.63px, max=7.28px
  Marker 48: mean=8.82px, max=12.36px
  Marker 49: mean=15.69px, max=20.62px
  Marker 51: mean=17.15px, max=22.12px
  Marker 55: mean=9.42px, max=14.52px
  Marker 60: mean=2.66px, max=4.42px
  Marker 62: mean=3.20px, max=6.27px
  Marker 64: mean=40.63px, max=49.09px
  Marker 66: mean=37.64px, max=45.40px
  Marker 67: mean=7.27px, max=10.76px
  Marker 68: mean=3.33px, max=5.26px
  Marker 70: mean=7.69px, max=11.58px
  Marker 71: mean=15.05px, max=20.04px
  Marker 72: mean=2.17px, max=3.65px
  Marker 73: mean=23.12px, max=29.61px
  Marker 75: mean=4.29px, max=7.43px
  Marker 76: mean=41.88px, max=50.53px
  Marker 77: mean=22.08px, max=28.79px
  Marker 78: mean=67.56px, max=78.54px
  Marker 80: mean=7.35px, max=12.59px
  Homography calculated
  RANSAC inliers: 37/84
  Saved: image_07_registered.JPG
  Mean marker error: 12.30px
  Max marker error: 78.54px

image_08.JPG
  Shared markers: [16, 20, 22, 26, 32, 34, 35, 36, 37, 38, 39, 40, 41, 43, 45, 51, 60, 62, 67, 68, 70, 72]
  ArUco scale relative to reference: 1.772x
  Using 88 corresponding points
  Removing bad markers: [16, 20, 22, 26, 34, 62, 70, 72]
  Recalculated using: [32, 35, 36, 37, 38, 39, 40, 41, 43, 45, 51, 60, 67, 68]
  Marker 16: mean=15.79px, max=19.62px
  Marker 20: mean=53.82px, max=60.82px
  Marker 22: mean=27.74px, max=32.89px
  Marker 26: mean=34.78px, max=40.39px
  Marker 32: mean=2.05px, max=2.95px
  Marker 34: mean=13.57px, max=17.23px
  Marker 35: mean=1.34px, max=2.20px
  Marker 36: mean=1.15px, max=1.91px
  Marker 37: mean=1.33px, max=2.49px
  Marker 38: mean=1.80px, max=2.71px
  Marker 39: mean=5.27px, max=7.50px
  Marker 40: mean=5.99px, max=8.62px
  Marker 41: mean=1.00px, max=1.30px
  Marker 43: mean=1.53px, max=2.31px
  Marker 45: mean=1.08px, max=2.02px
  Marker 51: mean=1.90px, max=3.64px
  Marker 60: mean=4.52px, max=6.28px
  Marker 62: mean=11.03px, max=13.91px
  Marker 67: mean=0.98px, max=1.73px
  Marker 68: mean=4.66px, max=6.42px
  Marker 70: mean=20.84px, max=25.09px
  Marker 72: mean=11.44px, max=14.23px
  Homography calculated
  RANSAC inliers: 40/56
  Saved: image_08_registered.JPG
  Mean marker error: 10.16px
  Max marker error: 60.82px

image_09.JPG
  Shared markers: [8, 11, 12, 15, 16, 20, 22, 24, 26, 27, 28, 32, 34, 35, 36, 37, 38, 39, 40, 41, 45, 67, 68, 72]
  ArUco scale relative to reference: 1.783x
  Using 96 corresponding points
  Removing bad markers: [32, 35, 36, 38, 41, 45, 67, 68, 72]
  Recalculated using: [8, 11, 12, 15, 16, 20, 22, 24, 26, 27, 28, 34, 37, 39, 40]
  Marker 8: mean=1.33px, max=2.28px
  Marker 11: mean=6.10px, max=8.68px
  Marker 12: mean=2.92px, max=5.73px
  Marker 15: mean=1.46px, max=2.49px
  Marker 16: mean=2.46px, max=4.13px
  Marker 20: mean=1.74px, max=2.39px
  Marker 22: mean=1.74px, max=2.28px
  Marker 24: mean=2.31px, max=4.19px
  Marker 26: mean=3.47px, max=4.92px
  Marker 27: mean=4.55px, max=7.51px
  Marker 28: mean=3.41px, max=6.23px
  Marker 32: mean=44.18px, max=50.79px
  Marker 34: mean=2.82px, max=5.14px
  Marker 35: mean=19.31px, max=23.80px
  Marker 36: mean=37.38px, max=43.37px
  Marker 37: mean=9.32px, max=12.77px
  Marker 38: mean=22.42px, max=27.16px
  Marker 39: mean=8.76px, max=12.06px
  Marker 40: mean=2.27px, max=4.45px
  Marker 41: mean=56.48px, max=62.90px
  Marker 45: mean=64.91px, max=73.01px
  Marker 67: mean=65.02px, max=73.36px
  Marker 68: mean=57.09px, max=63.98px
  Marker 72: mean=64.94px, max=73.64px
  Homography calculated
  RANSAC inliers: 33/60
  Saved: image_09_registered.JPG
  Mean marker error: 20.27px
  Max marker error: 73.64px

image_10.JPG
  Shared markers: [8, 9, 11, 12, 13, 14, 15, 16, 20, 22, 24, 26, 27, 28, 29, 34, 35, 37, 39, 40, 65]
  ArUco scale relative to reference: 1.776x
  Using 84 corresponding points
  Removing bad markers: [29, 34, 35, 37, 39, 40]
  Recalculated using: [8, 9, 11, 12, 13, 14, 15, 16, 20, 22, 24, 26, 27, 28, 65]
  Marker 8: mean=0.82px, max=1.46px
  Marker 9: mean=1.43px, max=2.75px
  Marker 11: mean=1.08px, max=2.03px
  Marker 12: mean=5.61px, max=7.50px
  Marker 13: mean=1.29px, max=2.38px
  Marker 14: mean=5.27px, max=7.15px
  Marker 15: mean=2.19px, max=3.45px
  Marker 16: mean=3.19px, max=5.72px
  Marker 20: mean=1.85px, max=3.47px
  Marker 22: mean=4.50px, max=6.92px
  Marker 24: mean=1.42px, max=2.69px
  Marker 26: mean=1.53px, max=1.96px
  Marker 27: mean=1.22px, max=1.75px
  Marker 28: mean=1.45px, max=2.57px
  Marker 29: mean=13.14px, max=16.11px
  Marker 34: mean=10.85px, max=14.54px
  Marker 35: mean=45.91px, max=53.99px
  Marker 37: mean=26.95px, max=32.81px
  Marker 39: mean=23.23px, max=28.69px
  Marker 40: mean=11.63px, max=15.52px
  Marker 65: mean=5.48px, max=7.55px
  Homography calculated
  RANSAC inliers: 41/60
  Saved: image_10_registered.JPG
  Mean marker error: 8.10px
  Max marker error: 53.99px

image_11.JPG
  Shared markers: [8, 9, 10, 11, 12, 13, 14, 15, 16, 19, 20, 21, 22, 23, 24, 25, 26, 27, 28, 29, 31, 34, 42, 46, 54, 65, 74]
  ArUco scale relative to reference: 1.777x
  Using 108 corresponding points
  Removing bad markers: [10, 19, 21, 23, 25, 29, 31, 34, 42, 46, 54, 74]
  Recalculated using: [8, 9, 11, 12, 13, 14, 15, 16, 20, 22, 24, 26, 27, 28, 65]
  Marker 8: mean=1.17px, max=2.12px
  Marker 9: mean=2.22px, max=3.81px
  Marker 10: mean=13.77px, max=16.78px
  Marker 11: mean=1.26px, max=1.99px
  Marker 12: mean=5.90px, max=7.97px
  Marker 13: mean=2.01px, max=3.72px
  Marker 14: mean=5.99px, max=8.11px
  Marker 15: mean=1.75px, max=3.08px
  Marker 16: mean=2.37px, max=4.75px
  Marker 19: mean=23.04px, max=27.22px
  Marker 20: mean=1.91px, max=2.21px
  Marker 21: mean=70.17px, max=78.46px
  Marker 22: mean=3.30px, max=5.99px
  Marker 23: mean=42.20px, max=48.32px
  Marker 24: mean=2.69px, max=4.19px
  Marker 25: mean=48.33px, max=54.89px
  Marker 26: mean=2.02px, max=3.82px
  Marker 27: mean=1.44px, max=2.15px
  Marker 28: mean=1.68px, max=2.56px
  Marker 29: mean=13.33px, max=16.41px
  Marker 31: mean=26.50px, max=31.14px
  Marker 34: mean=11.22px, max=15.81px
  Marker 42: mean=54.80px, max=61.40px
  Marker 46: mean=44.50px, max=50.24px
  Marker 54: mean=40.75px, max=44.69px
  Marker 65: mean=8.09px, max=11.22px
  Marker 74: mean=45.36px, max=50.88px
  Homography calculated
  RANSAC inliers: 34/60
  Saved: image_11_registered.JPG
  Mean marker error: 17.69px
  Max marker error: 78.46px

Saved image scales: homographies\drawer_017\image_scales.json

==================================================
Processing drawer_018
==================================================
Reference image: image_01.JPG
Markers: [8, 9, 10, 11, 12, 13, 14, 15, 16, 19, 20, 21, 22, 23, 24, 25, 26, 27, 28, 29, 31, 32, 34, 35, 36, 37, 38, 39, 40, 41, 42, 43, 44, 45, 46, 47, 48, 49, 51, 52, 53, 54, 55, 56, 60, 62, 64, 65, 66, 67, 68, 70, 71, 72, 73, 74, 75, 76, 77, 78, 80]

image_02.JPG
  Shared markers: [8, 10, 12, 19, 21, 23, 25, 31, 42, 44, 46, 47, 48, 52, 53, 54, 55, 56, 64, 68, 71, 72, 73, 74, 75, 76, 77, 80]
  ArUco scale relative to reference: 1.762x
  Using 112 corresponding points
  Removing bad markers: [8, 47, 48, 55, 64, 68, 71, 72, 73, 75, 76, 77, 80]
  Recalculated using: [10, 12, 19, 21, 23, 25, 31, 42, 44, 46, 52, 53, 54, 56, 74]
  Marker 8: mean=18.17px, max=21.54px
  Marker 10: mean=0.96px, max=1.66px
  Marker 12: mean=6.95px, max=9.14px
  Marker 19: mean=1.34px, max=2.18px
  Marker 21: mean=8.58px, max=12.87px
  Marker 23: mean=1.78px, max=3.35px
  Marker 25: mean=1.45px, max=2.36px
  Marker 31: mean=2.80px, max=3.79px
  Marker 42: mean=1.60px, max=2.90px
  Marker 44: mean=2.05px, max=3.66px
  Marker 46: mean=2.72px, max=5.23px
  Marker 47: mean=101.58px, max=111.14px
  Marker 48: mean=32.36px, max=39.23px
  Marker 52: mean=2.79px, max=5.43px
  Marker 53: mean=9.31px, max=13.71px
  Marker 54: mean=1.71px, max=2.98px
  Marker 55: mean=26.19px, max=32.43px
  Marker 56: mean=4.55px, max=7.30px
  Marker 64: mean=132.01px, max=145.54px
  Marker 68: mean=134.43px, max=148.18px
  Marker 71: mean=103.62px, max=113.41px
  Marker 72: mean=111.86px, max=123.18px
  Marker 73: mean=72.61px, max=83.01px
  Marker 74: mean=1.97px, max=3.54px
  Marker 75: mean=11.56px, max=16.03px
  Marker 76: mean=109.76px, max=122.82px
  Marker 77: mean=57.41px, max=66.70px
  Marker 80: mean=11.32px, max=15.61px
  Homography calculated
  RANSAC inliers: 34/60
  Saved: image_02_registered.JPG
  Mean marker error: 34.77px
  Max marker error: 148.18px

image_03.JPG
  Shared markers: [8, 10, 11, 12, 15, 16, 20, 22, 24, 26, 27, 28, 32, 34, 35, 36, 37, 38, 39, 40, 41, 45, 47, 68, 72]
  ArUco scale relative to reference: 1.768x
  Using 100 corresponding points
  Removing bad markers: [11, 27, 28, 32, 36, 45]
  Recalculated using: [8, 10, 12, 15, 16, 20, 22, 24, 26, 34, 35, 37, 38, 39, 40, 41, 47, 68, 72]
  Marker 8: mean=2.25px, max=3.97px
  Marker 10: mean=2.84px, max=5.91px
  Marker 11: mean=22.11px, max=28.21px
  Marker 12: mean=1.95px, max=2.18px
  Marker 15: mean=8.19px, max=12.54px
  Marker 16: mean=8.92px, max=11.36px
  Marker 20: mean=4.41px, max=8.78px
  Marker 22: mean=2.94px, max=5.56px
  Marker 24: mean=3.83px, max=7.97px
  Marker 26: mean=4.57px, max=7.70px
  Marker 27: mean=19.77px, max=26.07px
  Marker 28: mean=16.49px, max=22.68px
  Marker 32: mean=11.05px, max=17.04px
  Marker 34: mean=4.16px, max=6.78px
  Marker 35: mean=2.87px, max=5.59px
  Marker 36: mean=12.00px, max=17.72px
  Marker 37: mean=7.00px, max=9.79px
  Marker 38: mean=2.79px, max=5.09px
  Marker 39: mean=3.22px, max=6.16px
  Marker 40: mean=9.02px, max=11.26px
  Marker 41: mean=5.59px, max=10.70px
  Marker 45: mean=20.47px, max=27.75px
  Marker 47: mean=3.46px, max=6.64px
  Marker 68: mean=3.22px, max=5.82px
  Marker 72: mean=4.36px, max=7.36px
  Homography calculated
  RANSAC inliers: 33/76
  Saved: image_03_registered.JPG
  Mean marker error: 7.50px
  Max marker error: 28.21px

image_04.JPG
  Shared markers: [10, 12, 14, 19, 21, 23, 25, 29, 31, 42, 44, 46, 48, 52, 53, 54, 55, 56, 74, 75, 80]
  ArUco scale relative to reference: 1.755x
  Using 84 corresponding points
  Removing bad markers: [14, 48, 55]
  Recalculated using: [10, 12, 19, 21, 23, 25, 29, 31, 42, 44, 46, 52, 53, 54, 56, 74, 75, 80]
  Marker 10: mean=2.42px, max=4.08px
  Marker 12: mean=2.54px, max=5.03px
  Marker 14: mean=11.60px, max=15.84px
  Marker 19: mean=1.51px, max=2.52px
  Marker 21: mean=4.20px, max=7.13px
  Marker 23: mean=1.49px, max=1.88px
  Marker 25: mean=1.46px, max=2.73px
  Marker 29: mean=3.16px, max=5.92px
  Marker 31: mean=3.46px, max=4.55px
  Marker 42: mean=1.47px, max=2.85px
  Marker 44: mean=1.19px, max=1.98px
  Marker 46: mean=1.28px, max=2.38px
  Marker 48: mean=21.79px, max=26.09px
  Marker 52: mean=1.44px, max=2.03px
  Marker 53: mean=4.27px, max=6.86px
  Marker 54: mean=1.68px, max=2.67px
  Marker 55: mean=15.33px, max=19.17px
  Marker 56: mean=1.56px, max=2.75px
  Marker 74: mean=2.71px, max=3.68px
  Marker 75: mean=6.63px, max=9.19px
  Marker 80: mean=5.35px, max=7.76px
  Homography calculated
  RANSAC inliers: 47/72
  Saved: image_04_registered.JPG
  Mean marker error: 4.60px
  Max marker error: 26.09px

image_05.JPG
  Shared markers: [10, 12, 25, 31, 42, 44, 46, 47, 48, 52, 53, 54, 55, 56, 64, 71, 72, 73, 74, 75, 76, 77, 80]
  ArUco scale relative to reference: 1.752x
  Using 92 corresponding points
  Removing bad markers: [25, 42, 52, 53, 64, 73, 76, 77]
  Recalculated using: [10, 12, 31, 44, 46, 47, 48, 54, 55, 56, 71, 72, 74, 75, 80]
  Marker 10: mean=3.17px, max=5.76px
  Marker 12: mean=3.55px, max=6.75px
  Marker 25: mean=17.02px, max=22.67px
  Marker 31: mean=6.88px, max=10.84px
  Marker 42: mean=13.64px, max=18.91px
  Marker 44: mean=3.58px, max=7.10px
  Marker 46: mean=3.54px, max=4.76px
  Marker 47: mean=2.66px, max=3.90px
  Marker 48: mean=2.25px, max=3.74px
  Marker 52: mean=12.96px, max=18.17px
  Marker 53: mean=32.16px, max=39.84px
  Marker 54: mean=2.92px, max=4.66px
  Marker 55: mean=2.60px, max=5.20px
  Marker 56: mean=2.11px, max=2.55px
  Marker 64: mean=31.07px, max=37.39px
  Marker 71: mean=9.67px, max=13.76px
  Marker 72: mean=2.29px, max=3.36px
  Marker 73: mean=11.89px, max=16.69px
  Marker 74: mean=2.83px, max=5.73px
  Marker 75: mean=2.74px, max=4.50px
  Marker 76: mean=27.71px, max=34.23px
  Marker 77: mean=10.38px, max=14.84px
  Marker 80: mean=1.99px, max=2.35px
  Homography calculated
  RANSAC inliers: 29/60
  Saved: image_05_registered.JPG
  Mean marker error: 9.11px
  Max marker error: 39.84px

image_06.JPG
  Shared markers: [44, 46, 47, 48, 49, 54, 55, 56, 62, 64, 66, 70, 71, 72, 73, 75, 76, 77, 78, 80]
  ArUco scale relative to reference: 1.738x
  Using 80 corresponding points
  Removing bad markers: [44, 54, 56, 62]
  Recalculated using: [46, 47, 48, 49, 55, 64, 66, 70, 71, 72, 73, 75, 76, 77, 78, 80]
  Marker 44: mean=37.35px, max=44.54px
  Marker 46: mean=6.36px, max=8.81px
  Marker 47: mean=1.70px, max=3.29px
  Marker 48: mean=1.77px, max=2.54px
  Marker 49: mean=1.84px, max=3.53px
  Marker 54: mean=19.69px, max=24.20px
  Marker 55: mean=1.36px, max=2.31px
  Marker 56: mean=14.74px, max=18.78px
  Marker 62: mean=19.20px, max=23.54px
  Marker 64: mean=1.05px, max=1.85px
  Marker 66: mean=1.60px, max=2.83px
  Marker 70: mean=8.15px, max=11.05px
  Marker 71: mean=2.10px, max=2.97px
  Marker 72: mean=8.59px, max=11.49px
  Marker 73: mean=1.99px, max=3.10px
  Marker 75: mean=1.14px, max=2.16px
  Marker 76: mean=0.96px, max=1.92px
  Marker 77: mean=1.16px, max=1.76px
  Marker 78: mean=4.91px, max=7.37px
  Marker 80: mean=4.64px, max=6.98px
  Homography calculated
  RANSAC inliers: 41/64
  Saved: image_06_registered.JPG
  Mean marker error: 7.02px
  Max marker error: 44.54px

image_07.JPG
  Shared markers: [32, 34, 35, 36, 37, 38, 39, 40, 41, 43, 45, 47, 48, 49, 51, 55, 60, 62, 64, 66, 67, 68, 70, 71, 72, 73, 75, 76, 77, 78, 80]
  ArUco scale relative to reference: 1.757x
  Using 124 corresponding points
  Removing bad markers: [34, 48, 49, 51, 55, 64, 66, 71, 73, 75, 76, 77, 78, 80]
  Recalculated using: [32, 35, 36, 37, 38, 39, 40, 41, 43, 45, 47, 60, 62, 67, 68, 70, 72]
  Marker 32: mean=2.20px, max=4.11px
  Marker 34: mean=10.39px, max=13.71px
  Marker 35: mean=1.29px, max=2.18px
  Marker 36: mean=1.27px, max=1.89px
  Marker 37: mean=3.39px, max=4.77px
  Marker 38: mean=4.68px, max=5.79px
  Marker 39: mean=2.32px, max=4.64px
  Marker 40: mean=1.66px, max=3.44px
  Marker 41: mean=4.37px, max=6.16px
  Marker 43: mean=2.16px, max=4.17px
  Marker 45: mean=1.63px, max=3.11px
  Marker 47: mean=2.83px, max=5.63px
  Marker 48: mean=20.81px, max=25.29px
  Marker 49: mean=13.18px, max=17.57px
  Marker 51: mean=13.18px, max=16.97px
  Marker 55: mean=30.64px, max=36.12px
  Marker 60: mean=1.97px, max=2.86px
  Marker 62: mean=2.02px, max=2.99px
  Marker 64: mean=40.85px, max=48.48px
  Marker 66: mean=34.95px, max=41.93px
  Marker 67: mean=5.33px, max=8.32px
  Marker 68: mean=4.70px, max=6.20px
  Marker 70: mean=4.97px, max=8.15px
  Marker 71: mean=14.25px, max=18.99px
  Marker 72: mean=2.33px, max=4.38px
  Marker 73: mean=29.62px, max=35.83px
  Marker 75: mean=22.17px, max=27.37px
  Marker 76: mean=46.12px, max=54.04px
  Marker 77: mean=33.60px, max=39.83px
  Marker 78: mean=65.60px, max=75.58px
  Marker 80: mean=37.28px, max=44.86px
  Homography calculated
  RANSAC inliers: 35/68
  Saved: image_07_registered.JPG
  Mean marker error: 14.90px
  Max marker error: 75.58px

image_08.JPG
  Shared markers: [16, 20, 22, 26, 32, 34, 35, 36, 37, 38, 39, 40, 41, 43, 45, 51, 60, 62, 67, 68, 70, 72]
  ArUco scale relative to reference: 1.757x
  Using 88 corresponding points
  Removing bad markers: [16, 20, 22, 26, 34, 62, 70, 72]
  Recalculated using: [32, 35, 36, 37, 38, 39, 40, 41, 43, 45, 51, 60, 67, 68]
  Marker 16: mean=15.75px, max=19.45px
  Marker 20: mean=51.68px, max=58.32px
  Marker 22: mean=27.12px, max=31.86px
  Marker 26: mean=34.13px, max=39.26px
  Marker 32: mean=2.11px, max=2.96px
  Marker 34: mean=13.45px, max=16.84px
  Marker 35: mean=1.32px, max=2.19px
  Marker 36: mean=1.19px, max=1.90px
  Marker 37: mean=1.30px, max=2.49px
  Marker 38: mean=1.80px, max=2.82px
  Marker 39: mean=5.27px, max=7.55px
  Marker 40: mean=6.07px, max=8.65px
  Marker 41: mean=1.00px, max=1.52px
  Marker 43: mean=1.47px, max=2.23px
  Marker 45: mean=1.25px, max=2.20px
  Marker 51: mean=2.05px, max=3.67px
  Marker 60: mean=4.03px, max=6.02px
  Marker 62: mean=10.09px, max=12.97px
  Marker 67: mean=0.98px, max=1.74px
  Marker 68: mean=3.53px, max=5.32px
  Marker 70: mean=19.90px, max=24.08px
  Marker 72: mean=10.17px, max=13.10px
  Homography calculated
  RANSAC inliers: 40/56
  Saved: image_08_registered.JPG
  Mean marker error: 9.80px
  Max marker error: 58.32px

image_09.JPG
  Shared markers: [8, 11, 12, 15, 16, 20, 22, 24, 26, 27, 28, 32, 34, 35, 36, 37, 38, 39, 40, 41, 45, 67, 68, 72]
  ArUco scale relative to reference: 1.766x
  Using 96 corresponding points
  Removing bad markers: [32, 35, 36, 38, 41, 45, 67, 68, 72]
  Recalculated using: [8, 11, 12, 15, 16, 20, 22, 24, 26, 27, 28, 34, 37, 39, 40]
  Marker 8: mean=1.34px, max=2.23px
  Marker 11: mean=5.85px, max=8.21px
  Marker 12: mean=2.24px, max=4.73px
  Marker 15: mean=1.14px, max=1.70px
  Marker 16: mean=2.51px, max=4.37px
  Marker 20: mean=1.80px, max=2.18px
  Marker 22: mean=1.69px, max=2.04px
  Marker 24: mean=2.33px, max=4.16px
  Marker 26: mean=3.47px, max=4.91px
  Marker 27: mean=4.55px, max=7.41px
  Marker 28: mean=3.36px, max=6.13px
  Marker 32: mean=43.00px, max=49.63px
  Marker 34: mean=2.89px, max=5.46px
  Marker 35: mean=19.44px, max=23.86px
  Marker 36: mean=37.10px, max=43.12px
  Marker 37: mean=9.28px, max=12.76px
  Marker 38: mean=22.02px, max=26.77px
  Marker 39: mean=8.93px, max=12.29px
  Marker 40: mean=2.29px, max=4.56px
  Marker 41: mean=52.44px, max=58.73px
  Marker 45: mean=62.32px, max=70.40px
  Marker 67: mean=63.91px, max=72.22px
  Marker 68: mean=50.80px, max=56.83px
  Marker 72: mean=55.75px, max=63.40px
  Homography calculated
  RANSAC inliers: 33/60
  Saved: image_09_registered.JPG
  Mean marker error: 19.19px
  Max marker error: 72.22px

image_10.JPG
  Shared markers: [8, 9, 11, 12, 13, 14, 15, 16, 20, 22, 24, 26, 27, 28, 29, 34, 35, 37, 38, 39, 40, 65]
  ArUco scale relative to reference: 1.771x
  Using 88 corresponding points
  Removing bad markers: [29, 34, 35, 37, 38, 39, 40]
  Recalculated using: [8, 9, 11, 12, 13, 14, 15, 16, 20, 22, 24, 26, 27, 28, 65]
  Marker 8: mean=0.91px, max=1.63px
  Marker 9: mean=1.39px, max=2.83px
  Marker 11: mean=1.66px, max=2.79px
  Marker 12: mean=5.52px, max=7.63px
  Marker 13: mean=1.07px, max=1.42px
  Marker 14: mean=5.56px, max=7.56px
  Marker 15: mean=2.44px, max=3.66px
  Marker 16: mean=3.04px, max=5.44px
  Marker 20: mean=1.51px, max=1.98px
  Marker 22: mean=3.56px, max=5.64px
  Marker 24: mean=2.31px, max=3.43px
  Marker 26: mean=1.33px, max=2.19px
  Marker 27: mean=1.55px, max=2.82px
  Marker 28: mean=1.16px, max=2.09px
  Marker 29: mean=13.95px, max=17.05px
  Marker 34: mean=10.03px, max=13.44px
  Marker 35: mean=44.28px, max=51.46px
  Marker 37: mean=26.87px, max=32.09px
  Marker 38: mean=54.67px, max=62.68px
  Marker 39: mean=22.40px, max=27.32px
  Marker 40: mean=11.59px, max=15.25px
  Marker 65: mean=2.53px, max=4.03px
  Homography calculated
  RANSAC inliers: 43/60
  Saved: image_10_registered.JPG
  Mean marker error: 9.97px
  Max marker error: 62.68px

image_11.JPG
  Shared markers: [8, 9, 10, 11, 12, 13, 14, 15, 16, 19, 20, 21, 22, 23, 24, 25, 26, 27, 28, 29, 31, 34, 42, 44, 46, 52, 53, 54, 56, 65, 74, 80]
  ArUco scale relative to reference: 1.771x
  Using 128 corresponding points
  Removing bad markers: [9, 11, 13, 15, 20, 21, 24, 27, 28, 53, 65]
  Recalculated using: [8, 10, 12, 14, 16, 19, 22, 23, 25, 26, 29, 31, 34, 42, 44, 46, 52, 54, 56, 74, 80]
  Marker 8: mean=2.44px, max=4.85px
  Marker 9: mean=13.38px, max=18.51px
  Marker 10: mean=3.49px, max=5.55px
  Marker 11: mean=26.92px, max=33.78px
  Marker 12: mean=2.84px, max=5.15px
  Marker 13: mean=27.62px, max=34.21px
  Marker 14: mean=5.67px, max=9.75px
  Marker 15: mean=10.27px, max=15.57px
  Marker 16: mean=4.19px, max=7.95px
  Marker 19: mean=2.65px, max=5.06px
  Marker 20: mean=14.69px, max=20.55px
  Marker 21: mean=18.43px, max=23.84px
  Marker 22: mean=7.20px, max=12.17px
  Marker 23: mean=7.90px, max=11.86px
  Marker 24: mean=12.01px, max=17.72px
  Marker 25: mean=6.11px, max=9.84px
  Marker 26: mean=4.29px, max=7.30px
  Marker 27: mean=27.94px, max=35.09px
  Marker 28: mean=27.12px, max=34.16px
  Marker 29: mean=2.93px, max=5.87px
  Marker 31: mean=2.14px, max=3.56px
  Marker 34: mean=7.36px, max=12.45px
  Marker 42: mean=4.75px, max=8.26px
  Marker 44: mean=1.26px, max=1.75px
  Marker 46: mean=1.66px, max=2.19px
  Marker 52: mean=5.51px, max=8.70px
  Marker 53: mean=17.83px, max=22.72px
  Marker 54: mean=3.68px, max=4.36px
  Marker 56: mean=0.83px, max=1.23px
  Marker 65: mean=57.08px, max=66.26px
  Marker 74: mean=2.15px, max=3.89px
  Marker 80: mean=5.05px, max=7.29px
  Homography calculated
  RANSAC inliers: 37/84
  Saved: image_11_registered.JPG
  Mean marker error: 10.54px
  Max marker error: 66.26px

Saved image scales: homographies\drawer_018\image_scales.json

==================================================
Processing drawer_019
==================================================
Reference image: image_01.JPG
Markers: [8, 9, 10, 11, 12, 13, 14, 15, 16, 19, 20, 21, 22, 23, 24, 25, 26, 27, 28, 29, 31, 32, 34, 35, 36, 37, 38, 39, 40, 41, 42, 43, 44, 45, 46, 47, 48, 49, 51, 52, 53, 54, 55, 56, 60, 62, 64, 65, 66, 67, 68, 70, 71, 72, 73, 74, 75, 76, 77, 78, 80]

image_02.JPG
  Shared markers: [8, 10, 12, 25, 31, 42, 44, 46, 47, 48, 49, 52, 54, 55, 56, 64, 68, 71, 72, 73, 74, 75, 76, 77, 80]
  ArUco scale relative to reference: 1.734x
  Using 100 corresponding points
  Removing bad markers: [25, 31, 42, 49, 52, 64, 73, 76, 77]
  Recalculated using: [8, 10, 12, 44, 46, 47, 48, 54, 55, 56, 68, 71, 72, 74, 75, 80]
  Marker 8: mean=4.48px, max=9.07px
  Marker 10: mean=3.82px, max=7.56px
  Marker 12: mean=3.19px, max=4.79px
  Marker 25: mean=25.84px, max=33.00px
  Marker 31: mean=10.83px, max=15.97px
  Marker 42: mean=22.36px, max=29.02px
  Marker 44: mean=8.70px, max=12.96px
  Marker 46: mean=2.27px, max=3.52px
  Marker 47: mean=2.32px, max=3.72px
  Marker 48: mean=2.27px, max=4.39px
  Marker 49: mean=14.67px, max=18.41px
  Marker 52: mean=21.63px, max=28.08px
  Marker 54: mean=1.70px, max=2.70px
  Marker 55: mean=3.74px, max=6.42px
  Marker 56: mean=3.03px, max=5.69px
  Marker 64: mean=32.19px, max=38.83px
  Marker 68: mean=2.34px, max=4.55px
  Marker 71: mean=9.98px, max=14.13px
  Marker 72: mean=1.94px, max=3.66px
  Marker 73: mean=12.91px, max=17.67px
  Marker 74: mean=7.48px, max=11.83px
  Marker 75: mean=1.88px, max=3.35px
  Marker 76: mean=29.56px, max=36.35px
  Marker 77: mean=11.64px, max=16.01px
  Marker 80: mean=1.86px, max=3.49px
  Homography calculated
  RANSAC inliers: 31/64
  Saved: image_02_registered.JPG
  Mean marker error: 9.71px
  Max marker error: 38.83px

image_03.JPG
  Shared markers: [8, 10, 11, 12, 15, 16, 19, 20, 22, 24, 26, 27, 28, 32, 34, 35, 37, 38, 39, 40, 41, 45, 47, 68, 72]
  ArUco scale relative to reference: 1.764x
  Using 100 corresponding points
  Removing bad markers: [10, 19, 32, 35, 37, 38, 39, 41, 45, 47, 68, 72]
  Recalculated using: [8, 11, 12, 15, 16, 20, 22, 24, 26, 27, 28, 34, 40]
  Marker 8: mean=1.44px, max=2.79px
  Marker 10: mean=10.37px, max=14.12px
  Marker 11: mean=5.42px, max=8.54px
  Marker 12: mean=2.30px, max=4.58px
  Marker 15: mean=1.51px, max=2.13px
  Marker 16: mean=2.44px, max=4.59px
  Marker 19: mean=25.51px, max=30.85px
  Marker 20: mean=2.09px, max=2.78px
  Marker 22: mean=2.11px, max=2.55px
  Marker 24: mean=2.69px, max=4.98px
  Marker 26: mean=3.70px, max=5.42px
  Marker 27: mean=4.11px, max=7.47px
  Marker 28: mean=3.35px, max=6.70px
  Marker 32: mean=52.31px, max=60.41px
  Marker 34: mean=3.85px, max=6.87px
  Marker 35: mean=23.92px, max=29.43px
  Marker 37: mean=11.73px, max=15.94px
  Marker 38: mean=27.12px, max=32.88px
  Marker 39: mean=11.25px, max=15.42px
  Marker 40: mean=3.13px, max=6.14px
  Marker 41: mean=62.22px, max=69.90px
  Marker 45: mean=75.02px, max=84.96px
  Marker 47: mean=75.10px, max=85.00px
  Marker 68: mean=59.34px, max=66.05px
  Marker 72: mean=63.69px, max=72.09px
  Homography calculated
  RANSAC inliers: 30/52
  Saved: image_03_registered.JPG
  Mean marker error: 21.43px
  Max marker error: 85.00px

image_04.JPG
  Shared markers: [10, 12, 14, 19, 21, 23, 25, 29, 31, 42, 44, 46, 48, 52, 53, 54, 55, 56, 74, 75, 77, 80]
  ArUco scale relative to reference: 1.747x
  Using 88 corresponding points
  Removing bad markers: [14, 48, 77]
  Recalculated using: [10, 12, 19, 21, 23, 25, 29, 31, 42, 44, 46, 52, 53, 54, 55, 56, 74, 75, 80]
  Marker 10: mean=3.35px, max=5.29px
  Marker 12: mean=1.96px, max=3.25px
  Marker 14: mean=10.51px, max=15.30px
  Marker 19: mean=1.92px, max=2.21px
  Marker 21: mean=7.52px, max=11.09px
  Marker 23: mean=2.24px, max=4.56px
  Marker 25: mean=1.67px, max=3.02px
  Marker 29: mean=3.08px, max=6.13px
  Marker 31: mean=3.31px, max=5.00px
  Marker 42: mean=1.43px, max=2.32px
  Marker 44: mean=1.43px, max=2.56px
  Marker 46: mean=0.75px, max=1.36px
  Marker 48: mean=14.37px, max=17.82px
  Marker 52: mean=1.66px, max=3.13px
  Marker 53: mean=7.00px, max=10.14px
  Marker 54: mean=2.66px, max=3.43px
  Marker 55: mean=9.91px, max=13.06px
  Marker 56: mean=1.13px, max=1.62px
  Marker 74: mean=2.97px, max=4.31px
  Marker 75: mean=3.70px, max=5.50px
  Marker 77: mean=29.43px, max=34.58px
  Marker 80: mean=3.02px, max=4.90px
  Homography calculated
  RANSAC inliers: 44/76
  Saved: image_04_registered.JPG
  Mean marker error: 5.23px
  Max marker error: 34.58px

image_05.JPG
  Shared markers: [10, 12, 14, 19, 21, 23, 25, 29, 31, 42, 44, 46, 48, 52, 53, 54, 55, 56, 73, 74, 75, 76, 77, 80]
  ArUco scale relative to reference: 1.760x
  Using 96 corresponding points
  Removing bad markers: [12, 14, 29, 48, 55, 73, 76, 77]
  Recalculated using: [10, 19, 21, 23, 25, 31, 42, 44, 46, 52, 53, 54, 56, 74, 75, 80]
  Marker 10: mean=6.34px, max=8.29px
  Marker 12: mean=15.91px, max=18.80px
  Marker 14: mean=26.94px, max=31.54px
  Marker 19: mean=4.52px, max=6.39px
  Marker 21: mean=2.70px, max=5.12px
  Marker 23: mean=1.30px, max=2.06px
  Marker 25: mean=1.49px, max=2.49px
  Marker 29: mean=13.04px, max=16.16px
  Marker 31: mean=0.88px, max=1.30px
  Marker 42: mean=1.89px, max=3.18px
  Marker 44: mean=1.56px, max=2.47px
  Marker 46: mean=2.11px, max=3.34px
  Marker 48: mean=24.96px, max=31.04px
  Marker 52: mean=1.50px, max=2.19px
  Marker 53: mean=2.84px, max=5.11px
  Marker 54: mean=3.30px, max=4.63px
  Marker 55: mean=18.86px, max=24.37px
  Marker 56: mean=2.24px, max=3.40px
  Marker 73: mean=61.92px, max=70.84px
  Marker 74: mean=2.88px, max=3.84px
  Marker 75: mean=6.39px, max=10.21px
  Marker 76: mean=95.49px, max=106.83px
  Marker 77: mean=47.04px, max=55.10px
  Marker 80: mean=6.32px, max=10.01px
  Homography calculated
  RANSAC inliers: 41/64
  Saved: image_05_registered.JPG
  Mean marker error: 14.68px
  Max marker error: 106.83px

image_06.JPG
  Shared markers: [44, 46, 47, 48, 49, 54, 55, 56, 62, 64, 66, 70, 71, 72, 73, 75, 76, 77, 78, 80]
  ArUco scale relative to reference: 1.740x
  Using 80 corresponding points
  Removing bad markers: [44, 54, 56, 62]
  Recalculated using: [46, 47, 48, 49, 55, 64, 66, 70, 71, 72, 73, 75, 76, 77, 78, 80]
  Marker 44: mean=35.80px, max=42.60px
  Marker 46: mean=6.30px, max=8.76px
  Marker 47: mean=1.64px, max=3.23px
  Marker 48: mean=1.75px, max=2.51px
  Marker 49: mean=1.78px, max=3.31px
  Marker 54: mean=19.13px, max=23.37px
  Marker 55: mean=1.44px, max=2.34px
  Marker 56: mean=14.22px, max=18.10px
  Marker 62: mean=19.40px, max=23.85px
  Marker 64: mean=1.17px, max=2.03px
  Marker 66: mean=1.70px, max=3.11px
  Marker 70: mean=8.14px, max=11.13px
  Marker 71: mean=2.32px, max=3.16px
  Marker 72: mean=8.30px, max=11.33px
  Marker 73: mean=2.10px, max=3.26px
  Marker 75: mean=1.23px, max=2.19px
  Marker 76: mean=1.13px, max=1.98px
  Marker 77: mean=1.21px, max=1.91px
  Marker 78: mean=5.22px, max=7.85px
  Marker 80: mean=4.62px, max=6.70px
  Homography calculated
  RANSAC inliers: 40/64
  Saved: image_06_registered.JPG
  Mean marker error: 6.93px
  Max marker error: 42.60px

image_07.JPG
  Shared markers: [16, 32, 34, 35, 36, 37, 38, 39, 40, 41, 43, 45, 46, 47, 48, 49, 51, 55, 56, 60, 62, 64, 66, 67, 68, 70, 71, 72, 73, 75, 76, 77, 78, 80]
  ArUco scale relative to reference: 1.756x
  Using 136 corresponding points
  Removing bad markers: [32, 36, 43, 45, 51, 56, 64, 66, 67, 76, 78]
  Recalculated using: [16, 34, 35, 37, 38, 39, 40, 41, 46, 47, 48, 49, 55, 60, 62, 68, 70, 71, 72, 73, 75, 77, 80]
  Marker 16: mean=2.75px, max=4.05px
  Marker 32: mean=12.30px, max=17.07px
  Marker 34: mean=5.74px, max=9.49px
  Marker 35: mean=6.86px, max=10.36px
  Marker 36: mean=15.29px, max=19.95px
  Marker 37: mean=2.77px, max=4.74px
  Marker 38: mean=3.18px, max=6.11px
  Marker 39: mean=3.94px, max=6.50px
  Marker 40: mean=2.95px, max=5.36px
  Marker 41: mean=4.34px, max=8.17px
  Marker 43: mean=17.59px, max=23.24px
  Marker 45: mean=17.70px, max=23.23px
  Marker 46: mean=2.20px, max=3.69px
  Marker 47: mean=3.74px, max=5.76px
  Marker 48: mean=1.97px, max=3.56px
  Marker 49: mean=3.84px, max=7.18px
  Marker 51: mean=45.58px, max=53.47px
  Marker 55: mean=2.63px, max=4.93px
  Marker 56: mean=11.42px, max=16.76px
  Marker 60: mean=7.38px, max=11.56px
  Marker 62: mean=2.84px, max=5.30px
  Marker 64: mean=17.71px, max=23.66px
  Marker 66: mean=16.94px, max=22.67px
  Marker 67: mean=29.26px, max=35.27px
  Marker 68: mean=2.65px, max=4.90px
  Marker 70: mean=2.54px, max=4.08px
  Marker 71: mean=2.37px, max=4.86px
  Marker 72: mean=4.59px, max=6.35px
  Marker 73: mean=5.99px, max=10.08px
  Marker 75: mean=2.48px, max=4.60px
  Marker 76: mean=18.07px, max=23.92px
  Marker 77: mean=6.49px, max=10.52px
  Marker 78: mean=37.69px, max=45.99px
  Marker 80: mean=3.15px, max=6.40px
  Homography calculated
  RANSAC inliers: 39/92
  Saved: image_07_registered.JPG
  Mean marker error: 9.62px
  Max marker error: 53.47px

image_08.JPG
  Shared markers: [16, 20, 22, 26, 32, 34, 35, 36, 37, 38, 39, 40, 41, 43, 45, 51, 60, 62, 67, 68, 70, 72]
  ArUco scale relative to reference: 1.764x
  Using 88 corresponding points
  Removing bad markers: [20, 22, 26, 51]
  Recalculated using: [16, 32, 34, 35, 36, 37, 38, 39, 40, 41, 43, 45, 60, 62, 67, 68, 70, 72]
  Marker 16: mean=2.51px, max=4.63px
  Marker 20: mean=27.89px, max=34.08px
  Marker 22: mean=10.33px, max=14.75px
  Marker 26: mean=13.40px, max=17.99px
  Marker 32: mean=1.72px, max=3.15px
  Marker 34: mean=2.82px, max=5.47px
  Marker 35: mean=2.04px, max=3.65px
  Marker 36: mean=1.70px, max=2.79px
  Marker 37: mean=4.70px, max=6.30px
  Marker 38: mean=4.17px, max=5.93px
  Marker 39: mean=2.08px, max=3.38px
  Marker 40: mean=3.05px, max=5.23px
  Marker 41: mean=2.09px, max=3.77px
  Marker 43: mean=3.50px, max=6.28px
  Marker 45: mean=2.45px, max=5.02px
  Marker 51: mean=13.03px, max=17.15px
  Marker 60: mean=2.13px, max=3.85px
  Marker 62: mean=3.77px, max=6.54px
  Marker 67: mean=5.75px, max=8.75px
  Marker 68: mean=1.87px, max=3.39px
  Marker 70: mean=9.23px, max=12.85px
  Marker 72: mean=1.92px, max=3.75px
  Homography calculated
  RANSAC inliers: 41/72
  Saved: image_08_registered.JPG
  Mean marker error: 5.55px
  Max marker error: 34.08px

image_09.JPG
  Shared markers: [8, 11, 12, 15, 16, 20, 22, 24, 26, 27, 28, 32, 34, 35, 36, 37, 38, 39, 40, 41, 45, 67, 68, 72]
  ArUco scale relative to reference: 1.764x
  Using 96 corresponding points
  Removing bad markers: [32, 35, 36, 37, 38, 39, 41, 45, 67, 68, 72]
  Recalculated using: [8, 11, 12, 15, 16, 20, 22, 24, 26, 27, 28, 34, 40]
  Marker 8: mean=0.94px, max=1.85px
  Marker 11: mean=2.35px, max=4.42px
  Marker 12: mean=5.97px, max=8.65px
  Marker 15: mean=1.32px, max=2.08px
  Marker 16: mean=2.74px, max=4.73px
  Marker 20: mean=1.81px, max=3.21px
  Marker 22: mean=1.98px, max=2.74px
  Marker 24: mean=3.45px, max=5.24px
  Marker 26: mean=3.80px, max=5.29px
  Marker 27: mean=1.78px, max=3.59px
  Marker 28: mean=1.65px, max=3.09px
  Marker 32: mean=53.18px, max=60.94px
  Marker 34: mean=3.43px, max=6.24px
  Marker 35: mean=23.46px, max=28.73px
  Marker 36: mean=45.22px, max=52.33px
  Marker 37: mean=11.35px, max=15.52px
  Marker 38: mean=27.23px, max=32.90px
  Marker 39: mean=10.64px, max=14.73px
  Marker 40: mean=2.84px, max=5.55px
  Marker 41: mean=67.63px, max=75.12px
  Marker 45: mean=77.42px, max=86.90px
  Marker 67: mean=77.57px, max=87.18px
  Marker 68: mean=68.16px, max=76.06px
  Marker 72: mean=76.97px, max=87.02px
  Homography calculated
  RANSAC inliers: 30/52
  Saved: image_09_registered.JPG
  Mean marker error: 23.87px
  Max marker error: 87.18px

image_10.JPG
  Shared markers: [8, 9, 11, 12, 13, 14, 15, 16, 20, 22, 24, 26, 27, 28, 29, 34, 35, 37, 39, 40, 65]
  ArUco scale relative to reference: 1.760x
  Using 84 corresponding points
  Removing bad markers: [29, 34, 35, 37, 39, 40]
  Recalculated using: [8, 9, 11, 12, 13, 14, 15, 16, 20, 22, 24, 26, 27, 28, 65]
  Marker 8: mean=0.92px, max=1.69px
  Marker 9: mean=1.70px, max=3.16px
  Marker 11: mean=1.15px, max=1.97px
  Marker 12: mean=5.70px, max=7.74px
  Marker 13: mean=1.38px, max=2.59px
  Marker 14: mean=5.80px, max=7.89px
  Marker 15: mean=2.10px, max=3.23px
  Marker 16: mean=3.30px, max=6.14px
  Marker 20: mean=2.12px, max=3.74px
  Marker 22: mean=4.60px, max=7.17px
  Marker 24: mean=1.59px, max=2.79px
  Marker 26: mean=1.70px, max=2.15px
  Marker 27: mean=1.34px, max=1.82px
  Marker 28: mean=1.56px, max=2.68px
  Marker 29: mean=13.84px, max=16.95px
  Marker 34: mean=10.71px, max=14.46px
  Marker 35: mean=43.74px, max=51.38px
  Marker 37: mean=25.85px, max=31.56px
  Marker 39: mean=22.47px, max=27.80px
  Marker 40: mean=11.38px, max=15.33px
  Marker 65: mean=4.97px, max=7.02px
  Homography calculated
  RANSAC inliers: 38/60
  Saved: image_10_registered.JPG
  Mean marker error: 8.00px
  Max marker error: 51.38px

image_11.JPG
  Shared markers: [8, 9, 10, 11, 12, 13, 14, 15, 16, 19, 20, 21, 22, 23, 24, 25, 26, 27, 28, 29, 31, 34, 42, 44, 46, 52, 53, 54, 56, 65, 74, 80]
  ArUco scale relative to reference: 1.750x
  Using 128 corresponding points
  Removing bad markers: [8, 9, 11, 13, 14, 15, 16, 20, 22, 24, 26, 27, 28, 34, 65, 80]
  Recalculated using: [10, 12, 19, 21, 23, 25, 29, 31, 42, 44, 46, 52, 53, 54, 56, 74]
  Marker 8: mean=11.88px, max=15.71px
  Marker 9: mean=24.02px, max=29.09px
  Marker 10: mean=2.02px, max=3.66px
  Marker 11: mean=53.94px, max=61.20px
  Marker 12: mean=2.61px, max=4.92px
  Marker 13: mean=46.04px, max=52.82px
  Marker 14: mean=10.49px, max=14.28px
  Marker 15: mean=27.78px, max=33.56px
  Marker 16: mean=53.98px, max=61.57px
  Marker 19: mean=1.42px, max=2.24px
  Marker 20: mean=66.89px, max=73.93px
  Marker 21: mean=6.13px, max=9.12px
  Marker 22: mean=68.16px, max=76.08px
  Marker 23: mean=1.41px, max=2.41px
  Marker 24: mean=55.09px, max=61.85px
  Marker 25: mean=1.24px, max=2.10px
  Marker 26: mean=53.38px, max=59.48px
  Marker 27: mean=63.66px, max=71.60px
  Marker 28: mean=71.25px, max=79.15px
  Marker 29: mean=3.03px, max=5.56px
  Marker 31: mean=3.23px, max=4.43px
  Marker 34: mean=77.74px, max=88.04px
  Marker 42: mean=1.16px, max=2.15px
  Marker 44: mean=1.79px, max=3.00px
  Marker 46: mean=6.30px, max=8.64px
  Marker 52: mean=2.36px, max=3.93px
  Marker 53: mean=7.35px, max=10.05px
  Marker 54: mean=0.73px, max=1.49px
  Marker 56: mean=6.31px, max=8.50px
  Marker 65: mean=87.00px, max=96.40px
  Marker 74: mean=1.69px, max=2.52px
  Marker 80: mean=16.95px, max=20.79px
  Homography calculated
  RANSAC inliers: 38/64
  Saved: image_11_registered.JPG
  Mean marker error: 26.16px
  Max marker error: 96.40px

Saved image scales: homographies\drawer_019\image_scales.json

==================================================
Processing drawer_020
==================================================
Reference image: image_01.JPG
Markers: [8, 9, 10, 11, 12, 13, 14, 15, 16, 19, 20, 21, 22, 23, 24, 25, 26, 27, 28, 29, 31, 32, 34, 35, 36, 37, 38, 39, 40, 41, 42, 43, 44, 45, 46, 47, 48, 49, 51, 52, 53, 54, 55, 56, 60, 62, 64, 65, 66, 67, 68, 70, 71, 72, 73, 74, 75, 76, 77, 78, 80]

image_02.JPG
  Shared markers: [42, 44, 46, 47, 48, 49, 52, 54, 55, 56, 64, 68, 71, 72, 73, 74, 75, 76, 77, 78, 80]
  ArUco scale relative to reference: 1.550x
  Using 84 corresponding points
  Removing bad markers: [42, 44, 46, 52, 54, 56, 68, 74, 80]
  Recalculated using: [47, 48, 49, 55, 64, 71, 72, 73, 75, 76, 77, 78]
  Marker 42: mean=133.96px, max=148.63px
  Marker 44: mean=65.07px, max=74.84px
  Marker 46: mean=16.31px, max=21.28px
  Marker 47: mean=1.01px, max=1.18px
  Marker 48: mean=2.01px, max=3.78px
  Marker 49: mean=0.93px, max=1.52px
  Marker 52: mean=112.55px, max=126.14px
  Marker 54: mean=38.21px, max=45.51px
  Marker 55: mean=4.69px, max=7.72px
  Marker 56: mean=32.74px, max=39.58px
  Marker 64: mean=1.43px, max=2.18px
  Marker 68: mean=23.95px, max=27.43px
  Marker 71: mean=4.55px, max=5.01px
  Marker 72: mean=8.00px, max=10.22px
  Marker 73: mean=3.30px, max=4.64px
  Marker 74: mean=78.93px, max=89.60px
  Marker 75: mean=4.17px, max=7.43px
  Marker 76: mean=1.76px, max=2.93px
  Marker 77: mean=1.70px, max=2.10px
  Marker 78: mean=9.35px, max=13.56px
  Marker 80: mean=14.05px, max=18.60px
  Homography calculated
  RANSAC inliers: 23/48
  Saved: image_02_registered.JPG
  Mean marker error: 26.60px
  Max marker error: 148.63px

image_03.JPG
  Shared markers: [8, 10, 11, 12, 15, 16, 20, 22, 24, 26, 27, 28, 32, 34, 35, 36, 37, 38, 39, 40, 41, 45, 47, 67, 68, 72]
  ArUco scale relative to reference: 1.520x
  Using 104 corresponding points
  Removing bad markers: [11, 27, 28, 32, 35, 36, 38, 41, 45, 47, 67, 68, 72]
  Recalculated using: [8, 10, 12, 15, 16, 20, 22, 24, 26, 34, 37, 39, 40]
  Marker 8: mean=2.60px, max=4.59px
  Marker 10: mean=6.64px, max=10.57px
  Marker 11: mean=14.82px, max=19.52px
  Marker 12: mean=2.43px, max=4.19px
  Marker 15: mean=3.08px, max=5.56px
  Marker 16: mean=3.33px, max=5.50px
  Marker 20: mean=2.59px, max=5.20px
  Marker 22: mean=2.21px, max=2.49px
  Marker 24: mean=2.21px, max=3.59px
  Marker 26: mean=3.68px, max=5.76px
  Marker 27: mean=12.64px, max=17.93px
  Marker 28: mean=10.30px, max=15.39px
  Marker 32: mean=44.61px, max=52.21px
  Marker 34: mean=3.08px, max=5.91px
  Marker 35: mean=20.71px, max=25.75px
  Marker 36: mean=39.86px, max=47.02px
  Marker 37: mean=9.28px, max=13.08px
  Marker 38: mean=22.36px, max=27.76px
  Marker 39: mean=9.54px, max=13.30px
  Marker 40: mean=2.17px, max=4.28px
  Marker 41: mean=50.36px, max=57.09px
  Marker 45: mean=64.48px, max=73.87px
  Marker 47: mean=58.56px, max=67.35px
  Marker 67: mean=70.30px, max=80.42px
  Marker 68: mean=46.14px, max=51.72px
  Marker 72: mean=48.92px, max=55.78px
  Homography calculated
  RANSAC inliers: 24/52
  Saved: image_03_registered.JPG
  Mean marker error: 21.42px
  Max marker error: 80.42px

image_04.JPG
  Shared markers: [10, 12, 19, 21, 23, 25, 29, 31, 42, 44, 46, 48, 52, 53, 54, 55, 56, 74, 75, 80]
  ArUco scale relative to reference: 1.537x
  Using 80 corresponding points
  Removing bad markers: [48, 55, 75, 80]
  Recalculated using: [10, 12, 19, 21, 23, 25, 29, 31, 42, 44, 46, 52, 53, 54, 56, 74]
  Marker 10: mean=1.43px, max=2.58px
  Marker 12: mean=8.47px, max=11.83px
  Marker 19: mean=1.43px, max=2.42px
  Marker 21: mean=1.86px, max=3.90px
  Marker 23: mean=1.42px, max=2.52px
  Marker 25: mean=2.18px, max=3.75px
  Marker 29: mean=7.56px, max=11.03px
  Marker 31: mean=3.58px, max=4.71px
  Marker 42: mean=1.62px, max=3.22px
  Marker 44: mean=1.71px, max=2.62px
  Marker 46: mean=3.29px, max=5.96px
  Marker 48: mean=34.85px, max=41.34px
  Marker 52: mean=1.69px, max=2.46px
  Marker 53: mean=2.91px, max=4.72px
  Marker 54: mean=1.74px, max=3.34px
  Marker 55: mean=26.35px, max=32.05px
  Marker 56: mean=4.26px, max=6.95px
  Marker 74: mean=2.85px, max=4.35px
  Marker 75: mean=12.78px, max=16.80px
  Marker 80: mean=11.53px, max=15.35px
  Homography calculated
  RANSAC inliers: 41/64
  Saved: image_04_registered.JPG
  Mean marker error: 6.68px
  Max marker error: 41.34px

image_05.JPG
  Shared markers: [10, 12, 25, 31, 42, 44, 46, 47, 48, 52, 53, 54, 55, 56, 64, 71, 72, 73, 74, 75, 76, 77, 80]
  ArUco scale relative to reference: 1.556x
  Using 92 corresponding points
  Removing bad markers: [10, 12, 46, 47, 48, 55, 64, 71, 72, 73, 75, 76, 77, 80]
  Recalculated using: [25, 31, 42, 44, 52, 53, 54, 56, 74]
  Marker 10: mean=18.90px, max=23.32px
  Marker 12: mean=40.23px, max=47.42px
  Marker 25: mean=1.37px, max=2.47px
  Marker 31: mean=6.61px, max=8.96px
  Marker 42: mean=1.28px, max=1.83px
  Marker 44: mean=2.09px, max=3.70px
  Marker 46: mean=12.00px, max=15.30px
  Marker 47: mean=263.39px, max=285.63px
  Marker 48: mean=70.62px, max=78.35px
  Marker 52: mean=0.94px, max=1.66px
  Marker 53: mean=0.66px, max=1.05px
  Marker 54: mean=2.32px, max=4.35px
  Marker 55: mean=50.59px, max=57.33px
  Marker 56: mean=8.83px, max=11.95px
  Marker 64: mean=228.53px, max=242.73px
  Marker 71: mean=229.76px, max=247.10px
  Marker 72: mean=309.77px, max=335.50px
  Marker 73: mean=134.45px, max=145.21px
  Marker 74: mean=1.46px, max=2.42px
  Marker 75: mean=32.38px, max=37.59px
  Marker 76: mean=178.65px, max=191.69px
  Marker 77: mean=101.44px, max=110.97px
  Marker 80: mean=23.91px, max=28.61px
  Homography calculated
  RANSAC inliers: 23/36
  Saved: image_05_registered.JPG
  Mean marker error: 74.79px
  Max marker error: 335.50px

image_06.JPG
  Shared markers: [44, 46, 47, 48, 49, 54, 55, 56, 62, 64, 66, 70, 71, 72, 73, 75, 76, 77, 78, 80]
  ArUco scale relative to reference: 1.571x
  Using 80 corresponding points
  Removing bad markers: [44, 46, 54, 56, 62, 80]
  Recalculated using: [47, 48, 49, 55, 64, 66, 70, 71, 72, 73, 75, 76, 77, 78]
  Marker 44: mean=63.39px, max=72.61px
  Marker 46: mean=17.38px, max=21.46px
  Marker 47: mean=1.37px, max=2.66px
  Marker 48: mean=1.40px, max=2.30px
  Marker 49: mean=1.15px, max=2.23px
  Marker 54: mean=37.85px, max=44.27px
  Marker 55: mean=6.13px, max=8.69px
  Marker 56: mean=30.85px, max=36.62px
  Marker 62: mean=20.12px, max=24.83px
  Marker 64: mean=1.10px, max=2.23px
  Marker 66: mean=1.05px, max=1.76px
  Marker 70: mean=7.87px, max=10.76px
  Marker 71: mean=3.10px, max=3.74px
  Marker 72: mean=8.24px, max=11.16px
  Marker 73: mean=1.42px, max=2.61px
  Marker 75: mean=6.65px, max=9.40px
  Marker 76: mean=1.20px, max=1.83px
  Marker 77: mean=1.77px, max=3.12px
  Marker 78: mean=1.81px, max=3.51px
  Marker 80: mean=14.53px, max=18.19px
  Homography calculated
  RANSAC inliers: 34/56
  Saved: image_06_registered.JPG
  Mean marker error: 11.42px
  Max marker error: 72.61px

image_07.JPG
  Shared markers: [32, 35, 36, 37, 38, 39, 40, 41, 43, 45, 47, 48, 49, 51, 55, 60, 62, 64, 66, 67, 68, 70, 71, 72, 73, 75, 76, 77, 78, 80]
  ArUco scale relative to reference: 1.581x
  Using 120 corresponding points
  Removing bad markers: [43, 45, 49, 51, 64, 66, 67, 73, 76, 77, 78]
  Recalculated using: [32, 35, 36, 37, 38, 39, 40, 41, 47, 48, 55, 60, 62, 68, 70, 71, 72, 75, 80]
  Marker 32: mean=6.16px, max=10.70px
  Marker 35: mean=3.69px, max=5.94px
  Marker 36: mean=9.29px, max=13.34px
  Marker 37: mean=3.02px, max=4.62px
  Marker 38: mean=2.24px, max=4.35px
  Marker 39: mean=5.01px, max=7.30px
  Marker 40: mean=1.34px, max=3.25px
  Marker 41: mean=2.47px, max=3.73px
  Marker 43: mean=12.34px, max=17.53px
  Marker 45: mean=11.41px, max=16.69px
  Marker 47: mean=2.66px, max=4.37px
  Marker 48: mean=5.95px, max=8.45px
  Marker 49: mean=11.66px, max=16.51px
  Marker 51: mean=36.84px, max=44.08px
  Marker 55: mean=7.77px, max=12.17px
  Marker 60: mean=4.93px, max=8.82px
  Marker 62: mean=3.24px, max=5.82px
  Marker 64: mean=34.77px, max=42.31px
  Marker 66: mean=32.29px, max=39.61px
  Marker 67: mean=21.78px, max=27.65px
  Marker 68: mean=4.33px, max=7.02px
  Marker 70: mean=5.25px, max=9.11px
  Marker 71: mean=9.86px, max=15.02px
  Marker 72: mean=4.50px, max=7.16px
  Marker 73: mean=18.17px, max=24.48px
  Marker 75: mean=4.99px, max=8.55px
  Marker 76: mean=36.19px, max=44.13px
  Marker 77: mean=18.13px, max=24.32px
  Marker 78: mean=59.58px, max=69.41px
  Marker 80: mean=6.00px, max=11.91px
  Homography calculated
  RANSAC inliers: 31/76
  Saved: image_07_registered.JPG
  Mean marker error: 12.86px
  Max marker error: 69.41px

image_08.JPG
  Shared markers: [16, 20, 22, 26, 32, 34, 35, 36, 37, 38, 39, 40, 41, 43, 45, 51, 60, 62, 67, 68, 70, 72]
  ArUco scale relative to reference: 1.585x
  Using 88 corresponding points
  Removing bad markers: [16, 20, 22, 26, 34, 62, 70, 72]
  Recalculated using: [32, 35, 36, 37, 38, 39, 40, 41, 43, 45, 51, 60, 67, 68]
  Marker 16: mean=20.68px, max=25.47px
  Marker 20: mean=72.44px, max=83.40px
  Marker 22: mean=36.70px, max=43.34px
  Marker 26: mean=46.01px, max=53.32px
  Marker 32: mean=2.22px, max=3.48px
  Marker 34: mean=18.14px, max=22.69px
  Marker 35: mean=2.15px, max=3.88px
  Marker 36: mean=1.18px, max=1.72px
  Marker 37: mean=1.96px, max=3.75px
  Marker 38: mean=1.79px, max=2.96px
  Marker 39: mean=7.60px, max=10.57px
  Marker 40: mean=8.16px, max=11.40px
  Marker 41: mean=0.95px, max=1.73px
  Marker 43: mean=1.49px, max=2.21px
  Marker 45: mean=1.36px, max=2.40px
  Marker 51: mean=1.74px, max=3.11px
  Marker 60: mean=5.68px, max=7.78px
  Marker 62: mean=14.79px, max=18.12px
  Marker 67: mean=0.99px, max=1.83px
  Marker 68: mean=6.68px, max=9.00px
  Marker 70: mean=28.06px, max=32.58px
  Marker 72: mean=16.78px, max=20.02px
  Homography calculated
  RANSAC inliers: 33/56
  Saved: image_08_registered.JPG
  Mean marker error: 13.53px
  Max marker error: 83.40px

image_09.JPG
  Shared markers: [8, 11, 12, 15, 16, 20, 22, 24, 26, 27, 28, 32, 34, 35, 36, 37, 38, 39, 40, 41, 45, 67, 68, 72]
  ArUco scale relative to reference: 1.526x
  Using 96 corresponding points
  Removing bad markers: [32, 35, 36, 38, 41, 45, 67, 68, 72]
  Recalculated using: [8, 11, 12, 15, 16, 20, 22, 24, 26, 27, 28, 34, 37, 39, 40]
  Marker 8: mean=2.18px, max=3.19px
  Marker 11: mean=8.73px, max=12.13px
  Marker 12: mean=2.46px, max=6.31px
  Marker 15: mean=1.92px, max=3.38px
  Marker 16: mean=3.13px, max=5.30px
  Marker 20: mean=2.14px, max=2.66px
  Marker 22: mean=2.01px, max=2.40px
  Marker 24: mean=2.42px, max=4.72px
  Marker 26: mean=3.95px, max=5.67px
  Marker 27: mean=6.76px, max=10.26px
  Marker 28: mean=5.32px, max=8.85px
  Marker 32: mean=47.04px, max=54.55px
  Marker 34: mean=3.20px, max=5.94px
  Marker 35: mean=21.38px, max=26.36px
  Marker 36: mean=40.85px, max=47.79px
  Marker 37: mean=9.87px, max=13.89px
  Marker 38: mean=23.76px, max=29.27px
  Marker 39: mean=9.87px, max=13.73px
  Marker 40: mean=2.36px, max=4.68px
  Marker 41: mean=57.51px, max=64.38px
  Marker 45: mean=68.87px, max=78.14px
  Marker 67: mean=71.37px, max=80.86px
  Marker 68: mean=56.36px, max=63.48px
  Marker 72: mean=63.76px, max=73.12px
  Homography calculated
  RANSAC inliers: 31/60
  Saved: image_09_registered.JPG
  Mean marker error: 21.55px
  Max marker error: 80.86px

image_10.JPG
  Shared markers: [8, 9, 11, 12, 13, 14, 15, 16, 20, 22, 24, 26, 27, 28, 29, 34, 35, 37, 39, 40, 65]
  ArUco scale relative to reference: 1.516x
  Using 84 corresponding points
  Removing bad markers: [29, 34, 35, 37, 39, 40]
  Recalculated using: [8, 9, 11, 12, 13, 14, 15, 16, 20, 22, 24, 26, 27, 28, 65]
  Marker 8: mean=0.95px, max=1.79px
  Marker 9: mean=1.99px, max=3.76px
  Marker 11: mean=1.02px, max=2.05px
  Marker 12: mean=7.13px, max=9.64px
  Marker 13: mean=1.37px, max=2.43px
  Marker 14: mean=7.03px, max=9.48px
  Marker 15: mean=2.35px, max=3.69px
  Marker 16: mean=3.24px, max=6.12px
  Marker 20: mean=2.16px, max=4.03px
  Marker 22: mean=5.15px, max=7.77px
  Marker 24: mean=1.57px, max=3.01px
  Marker 26: mean=1.66px, max=2.09px
  Marker 27: mean=1.17px, max=1.79px
  Marker 28: mean=1.54px, max=2.84px
  Marker 29: mean=17.64px, max=21.64px
  Marker 34: mean=11.88px, max=15.86px
  Marker 35: mean=48.98px, max=57.80px
  Marker 37: mean=27.84px, max=34.19px
  Marker 39: mean=24.79px, max=30.70px
  Marker 40: mean=12.05px, max=16.19px
  Marker 65: mean=4.73px, max=6.15px
  Homography calculated
  RANSAC inliers: 38/60
  Saved: image_10_registered.JPG
  Mean marker error: 8.87px
  Max marker error: 57.80px

image_11.JPG
  Shared markers: [8, 9, 10, 11, 12, 13, 14, 15, 16, 19, 20, 21, 22, 23, 24, 25, 26, 27, 28, 29, 31, 34, 42, 44, 46, 52, 53, 54, 56, 65, 74, 80]
  ArUco scale relative to reference: 1.516x
  Using 128 corresponding points
  Removing bad markers: [10, 19, 21, 23, 25, 29, 31, 34, 42, 44, 46, 52, 53, 54, 56, 65, 74, 80]
  Recalculated using: [8, 9, 11, 12, 13, 14, 15, 16, 20, 22, 24, 26, 27, 28]
  Marker 8: mean=3.11px, max=5.52px
  Marker 9: mean=2.62px, max=4.98px
  Marker 10: mean=13.23px, max=18.90px
  Marker 11: mean=1.54px, max=2.32px
  Marker 12: mean=2.94px, max=5.94px
  Marker 13: mean=3.17px, max=5.25px
  Marker 14: mean=5.67px, max=9.45px
  Marker 15: mean=3.65px, max=5.53px
  Marker 16: mean=4.62px, max=7.62px
  Marker 19: mean=29.82px, max=36.97px
  Marker 20: mean=1.83px, max=2.71px
  Marker 21: mean=99.32px, max=111.56px
  Marker 22: mean=4.93px, max=7.87px
  Marker 23: mean=58.99px, max=68.50px
  Marker 24: mean=3.26px, max=4.74px
  Marker 25: mean=66.61px, max=76.76px
  Marker 26: mean=1.57px, max=3.05px
  Marker 27: mean=1.49px, max=2.32px
  Marker 28: mean=1.76px, max=2.61px
  Marker 29: mean=15.41px, max=20.84px
  Marker 31: mean=33.18px, max=40.76px
  Marker 34: mean=14.43px, max=19.20px
  Marker 42: mean=73.90px, max=84.38px
  Marker 44: mean=68.10px, max=76.58px
  Marker 46: mean=46.44px, max=53.73px
  Marker 52: mean=84.09px, max=94.35px
  Marker 53: mean=109.30px, max=121.91px
  Marker 54: mean=45.13px, max=51.95px
  Marker 56: mean=63.90px, max=71.83px
  Marker 65: mean=10.77px, max=14.00px
  Marker 74: mean=56.15px, max=65.07px
  Marker 80: mean=73.18px, max=82.15px
  Homography calculated
  RANSAC inliers: 32/56
  Saved: image_11_registered.JPG
  Mean marker error: 31.38px
  Max marker error: 121.91px

Saved image scales: homographies\drawer_020\image_scales.json

==================================================
Processing drawer_021
==================================================
Reference image: image_01.JPG
Markers: [8, 9, 10, 11, 12, 13, 14, 15, 16, 19, 20, 21, 22, 23, 24, 25, 26, 27, 28, 29, 31, 32, 34, 35, 36, 37, 38, 39, 40, 41, 42, 43, 44, 45, 46, 47, 48, 49, 51, 52, 53, 54, 55, 56, 60, 62, 64, 65, 66, 67, 68, 70, 71, 72, 73, 74, 75, 76, 77, 78, 80]

image_02.JPG
  Shared markers: [8, 11, 12, 15, 16, 20, 22, 24, 26, 27, 28, 32, 34, 35, 36, 37, 38, 39, 40, 41, 45, 47, 67, 68, 72]
  ArUco scale relative to reference: 1.573x
  Using 100 corresponding points
  Removing bad markers: [32, 35, 36, 37, 38, 39, 41, 45, 47, 67, 68, 72]
  Recalculated using: [8, 11, 12, 15, 16, 20, 22, 24, 26, 27, 28, 34, 40]
  Marker 8: mean=2.57px, max=4.44px
  Marker 11: mean=2.21px, max=4.36px
  Marker 12: mean=3.83px, max=7.90px
  Marker 15: mean=3.37px, max=4.95px
  Marker 16: mean=1.70px, max=3.55px
  Marker 20: mean=1.58px, max=3.19px
  Marker 22: mean=2.07px, max=4.06px
  Marker 24: mean=4.66px, max=6.03px
  Marker 26: mean=2.92px, max=4.54px
  Marker 27: mean=1.63px, max=2.98px
  Marker 28: mean=1.73px, max=2.45px
  Marker 32: mean=77.36px, max=87.02px
  Marker 34: mean=8.54px, max=11.61px
  Marker 35: mean=37.12px, max=43.39px
  Marker 36: mean=66.03px, max=74.88px
  Marker 37: mean=22.10px, max=26.88px
  Marker 38: mean=43.18px, max=50.07px
  Marker 39: mean=19.56px, max=23.91px
  Marker 40: mean=9.54px, max=12.71px
  Marker 41: mean=96.30px, max=106.08px
  Marker 45: mean=109.79px, max=121.93px
  Marker 47: mean=125.78px, max=141.94px
  Marker 67: mean=109.78px, max=122.24px
  Marker 68: mean=95.51px, max=105.49px
  Marker 72: mean=104.99px, max=117.80px
  Homography calculated
  RANSAC inliers: 32/52
  Saved: image_02_registered.JPG
  Mean marker error: 38.15px
  Max marker error: 141.94px

image_03.JPG
  Shared markers: [42, 44, 46, 47, 48, 52, 54, 55, 56, 64, 68, 71, 72, 73, 74, 75, 76, 77, 80]
  ArUco scale relative to reference: 1.532x
  Using 76 corresponding points
  Removing bad markers: [42, 44, 52, 64, 68, 74, 76]
  Recalculated using: [46, 47, 48, 54, 55, 56, 71, 72, 73, 75, 77, 80]
  Marker 42: mean=51.92px, max=62.24px
  Marker 44: mean=22.42px, max=29.38px
  Marker 46: mean=3.02px, max=5.65px
  Marker 47: mean=2.18px, max=4.23px
  Marker 48: mean=3.76px, max=6.46px
  Marker 52: mean=46.40px, max=56.18px
  Marker 54: mean=5.84px, max=10.88px
  Marker 55: mean=2.80px, max=3.28px
  Marker 56: mean=8.30px, max=13.41px
  Marker 64: mean=17.62px, max=23.73px
  Marker 68: mean=11.54px, max=16.95px
  Marker 71: mean=2.28px, max=4.15px
  Marker 72: mean=1.88px, max=4.28px
  Marker 73: mean=3.92px, max=7.77px
  Marker 74: mean=24.07px, max=31.52px
  Marker 75: mean=5.05px, max=7.45px
  Marker 76: mean=16.43px, max=22.43px
  Marker 77: mean=4.34px, max=8.33px
  Marker 80: mean=3.01px, max=5.00px
  Homography calculated
  RANSAC inliers: 23/48
  Saved: image_03_registered.JPG
  Mean marker error: 12.46px
  Max marker error: 62.24px

image_04.JPG
  Shared markers: [16, 20, 22, 26, 32, 34, 35, 36, 37, 38, 39, 40, 41, 43, 45, 51, 60, 62, 67, 68, 70, 72]
  ArUco scale relative to reference: 1.557x
  Using 88 corresponding points
  Removing bad markers: [16, 20, 22, 26, 70]
  Recalculated using: [32, 34, 35, 36, 37, 38, 39, 40, 41, 43, 45, 51, 60, 62, 67, 68, 72]
  Marker 16: mean=10.83px, max=14.48px
  Marker 20: mean=50.10px, max=57.66px
  Marker 22: mean=23.38px, max=28.57px
  Marker 26: mean=29.72px, max=35.58px
  Marker 32: mean=2.22px, max=3.95px
  Marker 34: mean=10.00px, max=13.54px
  Marker 35: mean=1.47px, max=2.12px
  Marker 36: mean=1.21px, max=2.10px
  Marker 37: mean=2.24px, max=3.97px
  Marker 38: mean=3.74px, max=4.96px
  Marker 39: mean=3.07px, max=5.40px
  Marker 40: mean=2.39px, max=4.72px
  Marker 41: mean=2.15px, max=3.52px
  Marker 43: mean=1.85px, max=3.15px
  Marker 45: mean=1.28px, max=2.20px
  Marker 51: mean=7.20px, max=9.68px
  Marker 60: mean=3.03px, max=5.22px
  Marker 62: mean=9.45px, max=13.11px
  Marker 67: mean=2.40px, max=4.23px
  Marker 68: mean=1.87px, max=3.57px
  Marker 70: mean=21.40px, max=26.58px
  Marker 72: mean=9.20px, max=12.73px
  Homography calculated
  RANSAC inliers: 36/68
  Saved: image_04_registered.JPG
  Mean marker error: 9.10px
  Max marker error: 57.66px

image_05.JPG
  Shared markers: [8, 11, 12, 15, 16, 20, 22, 24, 26, 27, 28, 32, 34, 35, 36, 37, 38, 39, 40, 41, 45, 67, 68, 72]
  ArUco scale relative to reference: 1.572x
  Using 96 corresponding points
  Removing bad markers: [12, 32, 35, 36, 37, 38, 39, 41, 45, 67, 68, 72]
  Recalculated using: [8, 11, 15, 16, 20, 22, 24, 26, 27, 28, 34, 40]
  Marker 8: mean=1.61px, max=3.00px
  Marker 11: mean=1.38px, max=2.90px
  Marker 12: mean=10.77px, max=13.50px
  Marker 15: mean=1.83px, max=2.89px
  Marker 16: mean=1.52px, max=2.57px
  Marker 20: mean=1.57px, max=3.02px
  Marker 22: mean=1.94px, max=3.77px
  Marker 24: mean=4.33px, max=5.42px
  Marker 26: mean=2.92px, max=4.53px
  Marker 27: mean=1.40px, max=2.65px
  Marker 28: mean=1.40px, max=2.48px
  Marker 32: mean=83.64px, max=93.56px
  Marker 34: mean=7.85px, max=11.03px
  Marker 35: mean=38.75px, max=45.31px
  Marker 36: mean=70.20px, max=79.15px
  Marker 37: mean=22.27px, max=27.46px
  Marker 38: mean=46.06px, max=53.35px
  Marker 39: mean=19.45px, max=24.08px
  Marker 40: mean=8.43px, max=11.89px
  Marker 41: mean=108.73px, max=118.71px
  Marker 45: mean=119.72px, max=131.93px
  Marker 67: mean=116.50px, max=128.66px
  Marker 68: mean=111.90px, max=123.84px
  Marker 72: mean=127.34px, max=142.66px
  Homography calculated
  RANSAC inliers: 29/48
  Saved: image_05_registered.JPG
  Mean marker error: 37.98px
  Max marker error: 142.66px

image_06.JPG
  Shared markers: [8, 9, 11, 12, 13, 14, 15, 16, 20, 22, 24, 26, 27, 28, 29, 34, 35, 37, 39, 40, 65]
  ArUco scale relative to reference: 1.590x
  Using 84 corresponding points
  Removing bad markers: [29, 34, 35, 37, 39, 40]
  Recalculated using: [8, 9, 11, 12, 13, 14, 15, 16, 20, 22, 24, 26, 27, 28, 65]
  Marker 8: mean=1.48px, max=2.95px
  Marker 9: mean=2.41px, max=4.30px
  Marker 11: mean=1.09px, max=2.22px
  Marker 12: mean=8.27px, max=10.92px
  Marker 13: mean=1.52px, max=2.59px
  Marker 14: mean=7.69px, max=10.38px
  Marker 15: mean=1.98px, max=3.35px
  Marker 16: mean=2.85px, max=5.39px
  Marker 20: mean=1.69px, max=3.07px
  Marker 22: mean=4.58px, max=7.00px
  Marker 24: mean=1.83px, max=3.15px
  Marker 26: mean=1.43px, max=2.19px
  Marker 27: mean=1.10px, max=1.90px
  Marker 28: mean=1.27px, max=2.10px
  Marker 29: mean=18.65px, max=22.80px
  Marker 34: mean=11.17px, max=14.86px
  Marker 35: mean=49.52px, max=58.49px
  Marker 37: mean=27.83px, max=34.15px
  Marker 39: mean=24.30px, max=30.01px
  Marker 40: mean=11.55px, max=15.57px
  Marker 65: mean=4.62px, max=6.29px
  Homography calculated
  RANSAC inliers: 39/60
  Saved: image_06_registered.JPG
  Mean marker error: 8.90px
  Max marker error: 58.49px

image_07.JPG
  Shared markers: [8, 9, 10, 11, 12, 13, 14, 15, 16, 19, 20, 21, 22, 23, 24, 25, 26, 27, 28, 29, 31, 34, 42, 44, 46, 52, 53, 54, 56, 65, 74, 80]
  ArUco scale relative to reference: 1.604x
  Using 128 corresponding points
  Removing bad markers: [10, 19, 21, 23, 25, 29, 31, 34, 42, 44, 46, 52, 53, 54, 56, 74, 80]
  Recalculated using: [8, 9, 11, 12, 13, 14, 15, 16, 20, 22, 24, 26, 27, 28, 65]
  Marker 8: mean=1.20px, max=2.42px
  Marker 9: mean=1.82px, max=3.44px
  Marker 10: mean=21.02px, max=25.71px
  Marker 11: mean=1.88px, max=3.16px
  Marker 12: mean=7.84px, max=10.86px
  Marker 13: mean=1.16px, max=1.53px
  Marker 14: mean=6.98px, max=9.88px
  Marker 15: mean=2.97px, max=4.49px
  Marker 16: mean=8.61px, max=12.42px
  Marker 19: mean=34.68px, max=40.47px
  Marker 20: mean=3.08px, max=5.38px
  Marker 21: mean=106.95px, max=117.21px
  Marker 22: mean=9.32px, max=13.23px
  Marker 23: mean=65.32px, max=73.23px
  Marker 24: mean=1.58px, max=2.99px
  Marker 25: mean=78.72px, max=87.41px
  Marker 26: mean=2.00px, max=4.01px
  Marker 27: mean=1.14px, max=2.33px
  Marker 28: mean=1.57px, max=2.52px
  Marker 29: mean=18.22px, max=22.55px
  Marker 31: mean=43.13px, max=49.57px
  Marker 34: mean=23.27px, max=29.84px
  Marker 42: mean=93.96px, max=102.96px
  Marker 44: mean=108.11px, max=116.57px
  Marker 46: mean=99.69px, max=110.84px
  Marker 52: mean=112.29px, max=121.14px
  Marker 53: mean=124.20px, max=134.89px
  Marker 54: mean=87.74px, max=95.82px
  Marker 56: mean=115.67px, max=126.83px
  Marker 65: mean=4.75px, max=6.84px
  Marker 74: mean=87.16px, max=95.25px
  Marker 80: mean=139.67px, max=153.26px
  Homography calculated
  RANSAC inliers: 34/60
  Saved: image_07_registered.JPG
  Mean marker error: 44.24px
  Max marker error: 153.26px

image_08.JPG
  Shared markers: [10, 12, 19, 21, 23, 25, 29, 31, 42, 44, 46, 48, 52, 53, 54, 55, 56, 74, 75, 80]
  ArUco scale relative to reference: 1.614x
  Using 80 corresponding points
  Removing bad markers: [48, 55, 75, 80]
  Recalculated using: [10, 12, 19, 21, 23, 25, 29, 31, 42, 44, 46, 52, 53, 54, 56, 74]
  Marker 10: mean=1.33px, max=2.11px
  Marker 12: mean=7.40px, max=10.49px
  Marker 19: mean=1.44px, max=2.01px
  Marker 21: mean=2.57px, max=4.91px
  Marker 23: mean=1.45px, max=2.62px
  Marker 25: mean=1.79px, max=3.61px
  Marker 29: mean=6.25px, max=9.53px
  Marker 31: mean=3.39px, max=4.62px
  Marker 42: mean=1.53px, max=2.95px
  Marker 44: mean=1.96px, max=3.25px
  Marker 46: mean=3.39px, max=6.36px
  Marker 48: mean=39.10px, max=47.12px
  Marker 52: mean=1.86px, max=3.44px
  Marker 53: mean=3.82px, max=5.92px
  Marker 54: mean=1.85px, max=3.19px
  Marker 55: mean=29.65px, max=36.49px
  Marker 56: mean=4.92px, max=7.79px
  Marker 74: mean=2.61px, max=4.09px
  Marker 75: mean=13.67px, max=18.32px
  Marker 80: mean=12.75px, max=17.21px
  Homography calculated
  RANSAC inliers: 40/64
  Saved: image_08_registered.JPG
  Mean marker error: 7.14px
  Max marker error: 47.12px

image_09.JPG
  Shared markers: [10, 12, 25, 31, 42, 44, 46, 47, 48, 52, 53, 54, 55, 56, 64, 71, 72, 73, 74, 75, 76, 77, 80]
  ArUco scale relative to reference: 1.547x
  Using 92 corresponding points
  Removing bad markers: [10, 12, 46, 47, 48, 55, 64, 71, 72, 73, 75, 76, 77, 80]
  Recalculated using: [25, 31, 42, 44, 52, 53, 54, 56, 74]
  Marker 10: mean=16.62px, max=20.52px
  Marker 12: mean=33.04px, max=39.30px
  Marker 25: mean=1.50px, max=2.67px
  Marker 31: mean=6.33px, max=8.84px
  Marker 42: mean=1.34px, max=2.00px
  Marker 44: mean=2.01px, max=3.57px
  Marker 46: mean=11.50px, max=15.40px
  Marker 47: mean=232.30px, max=252.51px
  Marker 48: mean=69.59px, max=78.84px
  Marker 52: mean=1.02px, max=1.67px
  Marker 53: mean=0.98px, max=1.53px
  Marker 54: mean=2.22px, max=4.34px
  Marker 55: mean=51.75px, max=59.71px
  Marker 56: mean=9.26px, max=12.67px
  Marker 64: mean=233.27px, max=250.66px
  Marker 71: mean=216.33px, max=232.33px
  Marker 72: mean=263.18px, max=286.65px
  Marker 73: mean=135.65px, max=148.65px
  Marker 74: mean=1.50px, max=2.47px
  Marker 75: mean=31.15px, max=37.24px
  Marker 76: mean=185.89px, max=201.94px
  Marker 77: mean=104.27px, max=115.78px
  Marker 80: mean=24.43px, max=29.84px
  Homography calculated
  RANSAC inliers: 23/36
  Saved: image_09_registered.JPG
  Mean marker error: 71.09px
  Max marker error: 286.65px

image_10.JPG
  Shared markers: [46, 47, 48, 49, 54, 55, 56, 62, 64, 66, 70, 71, 72, 73, 75, 76, 77, 78, 80]
  ArUco scale relative to reference: 1.537x
  Using 76 corresponding points
  Removing bad markers: [46, 54, 56, 62, 80]
  Recalculated using: [47, 48, 49, 55, 64, 66, 70, 71, 72, 73, 75, 76, 77, 78]
  Marker 46: mean=12.30px, max=16.61px
  Marker 47: mean=1.22px, max=2.30px
  Marker 48: mean=2.36px, max=4.01px
  Marker 49: mean=1.25px, max=2.36px
  Marker 54: mean=32.41px, max=39.20px
  Marker 55: mean=3.11px, max=5.56px
  Marker 56: mean=26.58px, max=32.78px
  Marker 62: mean=18.40px, max=22.81px
  Marker 64: mean=1.39px, max=2.64px
  Marker 66: mean=1.23px, max=1.74px
  Marker 70: mean=7.30px, max=10.14px
  Marker 71: mean=3.70px, max=4.72px
  Marker 72: mean=7.43px, max=10.22px
  Marker 73: mean=2.90px, max=4.33px
  Marker 75: mean=2.53px, max=5.09px
  Marker 76: mean=1.22px, max=1.73px
  Marker 77: mean=1.69px, max=2.30px
  Marker 78: mean=2.75px, max=4.69px
  Marker 80: mean=10.38px, max=14.28px
  Homography calculated
  RANSAC inliers: 32/56
  Saved: image_10_registered.JPG
  Mean marker error: 7.38px
  Max marker error: 39.20px

image_11.JPG
  Shared markers: [32, 35, 36, 37, 38, 39, 40, 41, 43, 45, 47, 48, 49, 51, 55, 60, 62, 64, 66, 67, 68, 70, 71, 72, 73, 75, 76, 77, 78, 80]
  ArUco scale relative to reference: 1.536x
  Using 120 corresponding points
  Removing bad markers: [49, 51, 55, 64, 66, 67, 71, 73, 76, 77, 78]
  Recalculated using: [32, 35, 36, 37, 38, 39, 40, 41, 43, 45, 47, 48, 60, 62, 68, 70, 72, 75, 80]
  Marker 32: mean=2.04px, max=4.18px
  Marker 35: mean=1.81px, max=2.87px
  Marker 36: mean=3.25px, max=5.90px
  Marker 37: mean=5.15px, max=6.42px
  Marker 38: mean=5.70px, max=7.58px
  Marker 39: mean=2.63px, max=4.37px
  Marker 40: mean=1.84px, max=2.52px
  Marker 41: mean=2.98px, max=5.58px
  Marker 43: mean=8.91px, max=13.60px
  Marker 45: mean=6.30px, max=11.01px
  Marker 47: mean=3.84px, max=7.09px
  Marker 48: mean=8.56px, max=13.14px
  Marker 49: mean=18.49px, max=24.48px
  Marker 51: mean=29.51px, max=36.23px
  Marker 55: mean=11.09px, max=17.10px
  Marker 60: mean=4.26px, max=7.88px
  Marker 62: mean=4.32px, max=8.17px
  Marker 64: mean=48.29px, max=57.92px
  Marker 66: mean=45.12px, max=54.15px
  Marker 67: mean=14.25px, max=19.61px
  Marker 68: mean=4.59px, max=7.14px
  Marker 70: mean=9.09px, max=13.90px
  Marker 71: mean=16.58px, max=22.97px
  Marker 72: mean=3.24px, max=6.24px
  Marker 73: mean=26.71px, max=34.55px
  Marker 75: mean=5.12px, max=9.43px
  Marker 76: mean=49.67px, max=59.66px
  Marker 77: mean=25.96px, max=33.84px
  Marker 78: mean=79.61px, max=91.64px
  Marker 80: mean=8.31px, max=15.04px
  Homography calculated
  RANSAC inliers: 33/76
  Saved: image_11_registered.JPG
  Mean marker error: 15.24px
  Max marker error: 91.64px

Saved image scales: homographies\drawer_021\image_scales.json

Done.

============================================================
RUNNING: detect_trays.py
============================================================

Pipeline stopped at: detect_trays.py
