TRAYOPIA LOG
Started: 2026-10-01 18:25:54.817724
Deployment: roboflow
Distance mode: normalized
============================================================

============================================================
RUNNING: prepare_images.py
============================================================

Found 231 images.

Looking for reference images...
DSC_0001.jpg: detected 61 ArUco markers
Reference found: DSC_0001.jpg (61 markers detected)
DSC_0002.jpg: detected 14 ArUco markers
DSC_0003.jpg: detected 14 ArUco markers
DSC_0004.jpg: detected 19 ArUco markers
DSC_0005.jpg: detected 14 ArUco markers
DSC_0006.jpg: detected 18 ArUco markers
DSC_0007.jpg: detected 20 ArUco markers
DSC_0008.jpg: detected 22 ArUco markers
DSC_0009.jpg: detected 19 ArUco markers
DSC_0010.jpg: detected 19 ArUco markers
DSC_0011.jpg: detected 21 ArUco markers
DSC_0013.jpg: detected 61 ArUco markers
Reference found: DSC_0013.jpg (61 markers detected)
DSC_0015.jpg: detected 19 ArUco markers
DSC_0016.jpg: detected 22 ArUco markers
DSC_0017.jpg: detected 20 ArUco markers
DSC_0018.jpg: detected 22 ArUco markers
DSC_0019.jpg: detected 21 ArUco markers
DSC_0020.jpg: detected 30 ArUco markers
DSC_0021.jpg: detected 21 ArUco markers
DSC_0022.jpg: detected 23 ArUco markers
DSC_0023.jpg: detected 22 ArUco markers
DSC_0024.jpg: detected 34 ArUco markers
DSC_0025.jpg: detected 61 ArUco markers
Reference found: DSC_0025.jpg (61 markers detected)
DSC_0029.jpg: detected 22 ArUco markers
DSC_0030.jpg: detected 17 ArUco markers
DSC_0031.jpg: detected 21 ArUco markers
DSC_0032.jpg: detected 20 ArUco markers
DSC_0033.jpg: detected 21 ArUco markers
DSC_0035.jpg: detected 25 ArUco markers
DSC_0036.jpg: detected 21 ArUco markers
DSC_0038.jpg: detected 25 ArUco markers
DSC_0041.jpg: detected 21 ArUco markers
DSC_0042.jpg: detected 26 ArUco markers
DSC_0043.jpg: detected 61 ArUco markers
Reference found: DSC_0043.jpg (61 markers detected)
DSC_0044.jpg: detected 31 ArUco markers
DSC_0045.jpg: detected 32 ArUco markers
DSC_0046.jpg: detected 23 ArUco markers
DSC_0051.jpg: detected 30 ArUco markers
DSC_0052.jpg: detected 20 ArUco markers
DSC_0053.jpg: detected 33 ArUco markers
DSC_0054.jpg: detected 21 ArUco markers
DSC_0055.jpg: detected 28 ArUco markers
DSC_0056.jpg: detected 21 ArUco markers
DSC_0057.jpg: detected 28 ArUco markers
DSC_0058.jpg: detected 61 ArUco markers
Reference found: DSC_0058.jpg (61 markers detected)
DSC_0059.jpg: detected 28 ArUco markers
DSC_0060.jpg: detected 23 ArUco markers
DSC_0061.jpg: detected 22 ArUco markers
DSC_0062.jpg: detected 24 ArUco markers
DSC_0063.jpg: detected 22 ArUco markers
DSC_0064.jpg: detected 31 ArUco markers
DSC_0065.jpg: detected 22 ArUco markers
DSC_0066.jpg: detected 27 ArUco markers
DSC_0067.jpg: detected 20 ArUco markers
DSC_0068.jpg: detected 26 ArUco markers
DSC_0069.jpg: detected 61 ArUco markers
Reference found: DSC_0069.jpg (61 markers detected)
DSC_0070.jpg: detected 23 ArUco markers
DSC_0071.jpg: detected 25 ArUco markers
DSC_0072.jpg: detected 21 ArUco markers
DSC_0073.jpg: detected 26 ArUco markers
DSC_0074.jpg: detected 23 ArUco markers
DSC_0075.jpg: detected 29 ArUco markers
DSC_0076.jpg: detected 22 ArUco markers
DSC_0077.jpg: detected 24 ArUco markers
DSC_0078.jpg: detected 20 ArUco markers
DSC_0079.jpg: detected 33 ArUco markers
DSC_0080.jpg: detected 61 ArUco markers
Reference found: DSC_0080.jpg (61 markers detected)
DSC_0081.jpg: detected 31 ArUco markers
DSC_0082.jpg: detected 24 ArUco markers
DSC_0083.jpg: detected 21 ArUco markers
DSC_0084.jpg: detected 24 ArUco markers
DSC_0085.jpg: detected 20 ArUco markers
DSC_0086.jpg: detected 27 ArUco markers
DSC_0087.jpg: detected 23 ArUco markers
DSC_0088.jpg: detected 26 ArUco markers
DSC_0089.jpg: detected 23 ArUco markers
DSC_0090.jpg: detected 32 ArUco markers
DSC_0091.jpg: detected 61 ArUco markers
Reference found: DSC_0091.jpg (61 markers detected)
DSC_0092.jpg: detected 25 ArUco markers
DSC_0093.jpg: detected 30 ArUco markers
DSC_0094.jpg: detected 22 ArUco markers
DSC_0095.jpg: detected 23 ArUco markers
DSC_0096.jpg: detected 20 ArUco markers
DSC_0097.jpg: detected 32 ArUco markers
DSC_0098.jpg: detected 23 ArUco markers
DSC_0099.jpg: detected 26 ArUco markers
DSC_0100.jpg: detected 22 ArUco markers
DSC_0101.jpg: detected 35 ArUco markers
DSC_0102.jpg: detected 61 ArUco markers
Reference found: DSC_0102.jpg (61 markers detected)
DSC_0103.jpg: detected 27 ArUco markers
DSC_0104.jpg: detected 26 ArUco markers
DSC_0105.jpg: detected 22 ArUco markers
DSC_0106.jpg: detected 30 ArUco markers
DSC_0107.jpg: detected 21 ArUco markers
DSC_0108.jpg: detected 32 ArUco markers
DSC_0109.jpg: detected 22 ArUco markers
DSC_0110.jpg: detected 27 ArUco markers
DSC_0111.jpg: detected 21 ArUco markers
DSC_0112.jpg: detected 31 ArUco markers
DSC_0113.jpg: detected 61 ArUco markers
Reference found: DSC_0113.jpg (61 markers detected)
DSC_0114.jpg: detected 31 ArUco markers
DSC_0115.jpg: detected 28 ArUco markers
DSC_0116.jpg: detected 22 ArUco markers
DSC_0117.jpg: detected 28 ArUco markers
DSC_0118.jpg: detected 21 ArUco markers
DSC_0119.jpg: detected 33 ArUco markers
DSC_0120.jpg: detected 23 ArUco markers
DSC_0121.jpg: detected 31 ArUco markers
DSC_0122.jpg: detected 24 ArUco markers
DSC_0123.jpg: detected 33 ArUco markers
DSC_0124.jpg: detected 61 ArUco markers
Reference found: DSC_0124.jpg (61 markers detected)
DSC_0125.jpg: detected 27 ArUco markers
DSC_0126.jpg: detected 24 ArUco markers
DSC_0127.jpg: detected 20 ArUco markers
DSC_0128.jpg: detected 24 ArUco markers
DSC_0129.jpg: detected 20 ArUco markers
DSC_0130.jpg: detected 34 ArUco markers
DSC_0131.jpg: detected 22 ArUco markers
DSC_0132.jpg: detected 26 ArUco markers
DSC_0133.jpg: detected 22 ArUco markers
DSC_0134.jpg: detected 33 ArUco markers
DSC_0135.jpg: detected 61 ArUco markers
Reference found: DSC_0135.jpg (61 markers detected)
DSC_0136.jpg: detected 26 ArUco markers
DSC_0137.jpg: detected 26 ArUco markers
DSC_0138.jpg: detected 21 ArUco markers
DSC_0139.jpg: detected 24 ArUco markers
DSC_0140.jpg: detected 20 ArUco markers
DSC_0141.jpg: detected 30 ArUco markers
DSC_0142.jpg: detected 21 ArUco markers
DSC_0143.jpg: detected 24 ArUco markers
DSC_0144.jpg: detected 23 ArUco markers
DSC_0145.jpg: detected 33 ArUco markers
DSC_0146.jpg: detected 61 ArUco markers
Reference found: DSC_0146.jpg (61 markers detected)
DSC_0147.jpg: detected 26 ArUco markers
DSC_0148.jpg: detected 24 ArUco markers
DSC_0149.jpg: detected 21 ArUco markers
DSC_0150.jpg: detected 23 ArUco markers
DSC_0151.jpg: detected 20 ArUco markers
DSC_0152.jpg: detected 30 ArUco markers
DSC_0153.jpg: detected 22 ArUco markers
DSC_0154.jpg: detected 25 ArUco markers
DSC_0155.jpg: detected 21 ArUco markers
DSC_0156.jpg: detected 32 ArUco markers
DSC_0157.jpg: detected 61 ArUco markers
Reference found: DSC_0157.jpg (61 markers detected)
DSC_0158.jpg: detected 30 ArUco markers
DSC_0159.jpg: detected 27 ArUco markers
DSC_0160.jpg: detected 21 ArUco markers
DSC_0161.jpg: detected 24 ArUco markers
DSC_0162.jpg: detected 20 ArUco markers
DSC_0163.jpg: detected 32 ArUco markers
DSC_0164.jpg: detected 22 ArUco markers
DSC_0165.jpg: detected 24 ArUco markers
DSC_0166.jpg: detected 21 ArUco markers
DSC_0167.jpg: detected 32 ArUco markers
DSC_0168.jpg: detected 61 ArUco markers
Reference found: DSC_0168.jpg (61 markers detected)
DSC_0169.jpg: detected 31 ArUco markers
DSC_0170.jpg: detected 28 ArUco markers
DSC_0171.jpg: detected 22 ArUco markers
DSC_0172.jpg: detected 24 ArUco markers
DSC_0173.jpg: detected 20 ArUco markers
DSC_0174.jpg: detected 32 ArUco markers
DSC_0175.jpg: detected 22 ArUco markers
DSC_0176.jpg: detected 25 ArUco markers
DSC_0177.jpg: detected 21 ArUco markers
DSC_0178.jpg: detected 33 ArUco markers
DSC_0179.jpg: detected 61 ArUco markers
Reference found: DSC_0179.jpg (61 markers detected)
DSC_0180.jpg: detected 26 ArUco markers
DSC_0181.jpg: detected 21 ArUco markers
DSC_0182.jpg: detected 21 ArUco markers
DSC_0183.jpg: detected 24 ArUco markers
DSC_0184.jpg: detected 20 ArUco markers
DSC_0185.jpg: detected 30 ArUco markers
DSC_0186.jpg: detected 23 ArUco markers
DSC_0187.jpg: detected 24 ArUco markers
DSC_0188.jpg: detected 22 ArUco markers
DSC_0189.jpg: detected 32 ArUco markers
DSC_0190.jpg: detected 61 ArUco markers
Reference found: DSC_0190.jpg (61 markers detected)
DSC_0191.jpg: detected 31 ArUco markers
DSC_0192.jpg: detected 25 ArUco markers
DSC_0193.jpg: detected 21 ArUco markers
DSC_0194.jpg: detected 26 ArUco markers
DSC_0195.jpg: detected 20 ArUco markers
DSC_0196.jpg: detected 30 ArUco markers
DSC_0197.jpg: detected 22 ArUco markers
DSC_0198.jpg: detected 24 ArUco markers
DSC_0199.jpg: detected 21 ArUco markers
DSC_0200.jpg: detected 27 ArUco markers
DSC_0201.jpg: detected 61 ArUco markers
Reference found: DSC_0201.jpg (61 markers detected)
DSC_0202.jpg: detected 28 ArUco markers
DSC_0203.jpg: detected 25 ArUco markers
DSC_0204.jpg: detected 21 ArUco markers
DSC_0205.jpg: detected 23 ArUco markers
DSC_0206.jpg: detected 20 ArUco markers
DSC_0207.jpg: detected 31 ArUco markers
DSC_0208.jpg: detected 22 ArUco markers
DSC_0209.jpg: detected 24 ArUco markers
DSC_0210.jpg: detected 22 ArUco markers
DSC_0211.jpg: detected 32 ArUco markers
DSC_0218.jpg: detected 61 ArUco markers
Reference found: DSC_0218.jpg (61 markers detected)
DSC_0219.jpg: detected 25 ArUco markers
DSC_0220.jpg: detected 25 ArUco markers
DSC_0221.jpg: detected 22 ArUco markers
DSC_0222.jpg: detected 24 ArUco markers
DSC_0223.jpg: detected 20 ArUco markers
DSC_0224.jpg: detected 34 ArUco markers
DSC_0225.jpg: detected 22 ArUco markers
DSC_0226.jpg: detected 24 ArUco markers
DSC_0227.jpg: detected 21 ArUco markers
DSC_0228.jpg: detected 32 ArUco markers
DSC_0316.jpg: detected 61 ArUco markers
Reference found: DSC_0316.jpg (61 markers detected)
DSC_0317.jpg: detected 21 ArUco markers
DSC_0318.jpg: detected 26 ArUco markers
DSC_0319.jpg: detected 20 ArUco markers
DSC_0320.jpg: detected 23 ArUco markers
DSC_0321.jpg: detected 20 ArUco markers
DSC_0322.jpg: detected 30 ArUco markers
DSC_0323.jpg: detected 22 ArUco markers
DSC_0324.jpg: detected 24 ArUco markers
DSC_0325.jpg: detected 21 ArUco markers
DSC_0326.jpg: detected 32 ArUco markers
DSC_0327.jpg: detected 61 ArUco markers
Reference found: DSC_0327.jpg (61 markers detected)
DSC_0328.jpg: detected 25 ArUco markers
DSC_0329.jpg: detected 19 ArUco markers
DSC_0330.jpg: detected 22 ArUco markers
DSC_0331.jpg: detected 25 ArUco markers
DSC_0332.jpg: detected 21 ArUco markers
DSC_0333.jpg: detected 32 ArUco markers
DSC_0334.jpg: detected 20 ArUco markers
DSC_0335.jpg: detected 23 ArUco markers
DSC_0336.jpg: detected 19 ArUco markers
DSC_0337.jpg: detected 30 ArUco markers

Detected 21 drawers.

WARNING: drawer_001: 11 images
WARNING: drawer_002: 11 images
WARNING: drawer_003: 11 images
WARNING: drawer_004: 11 images
WARNING: drawer_005: 11 images
WARNING: drawer_006: 11 images
WARNING: drawer_007: 11 images
WARNING: drawer_008: 11 images
WARNING: drawer_009: 11 images
WARNING: drawer_010: 11 images
WARNING: drawer_011: 11 images
WARNING: drawer_012: 11 images
WARNING: drawer_013: 11 images
WARNING: drawer_014: 11 images
WARNING: drawer_015: 11 images
WARNING: drawer_016: 11 images
WARNING: drawer_017: 11 images
WARNING: drawer_018: 11 images
WARNING: drawer_019: 11 images
WARNING: drawer_020: 11 images
WARNING: drawer_021: 11 images
Prepared drawer_001 (11 images)
Prepared drawer_002 (11 images)
Prepared drawer_003 (11 images)
Prepared drawer_004 (11 images)
Prepared drawer_005 (11 images)
Prepared drawer_006 (11 images)
Prepared drawer_007 (11 images)
Prepared drawer_008 (11 images)
Prepared drawer_009 (11 images)
Prepared drawer_010 (11 images)
Prepared drawer_011 (11 images)
Prepared drawer_012 (11 images)
Prepared drawer_013 (11 images)
Prepared drawer_014 (11 images)
Prepared drawer_015 (11 images)
Prepared drawer_016 (11 images)
Prepared drawer_017 (11 images)
Prepared drawer_018 (11 images)
Prepared drawer_019 (11 images)
Prepared drawer_020 (11 images)
Prepared drawer_021 (11 images)

Done.

============================================================
RUNNING: register_images.py
============================================================
Found 21 drawers.

==================================================
Processing drawer_001
==================================================
Reference image: image_01.JPG
Markers: [8, 9, 10, 11, 12, 13, 14, 15, 16, 19, 20, 21, 22, 23, 24, 25, 26, 27, 28, 29, 31, 32, 34, 35, 36, 37, 38, 39, 40, 41, 42, 43, 44, 45, 46, 47, 48, 49, 51, 52, 53, 54, 55, 56, 60, 62, 64, 65, 66, 67, 68, 70, 71, 72, 73, 74, 75, 76, 77, 78, 80]

image_02.JPG
  Shared markers: [42, 44, 46, 48, 52, 54, 55, 56, 73, 74, 75, 76, 77, 80]
  ArUco scale relative to reference: 1.977x
  Using 56 corresponding points
  Removing bad markers: [42, 52, 73, 76, 77]
  Recalculated using: [44, 46, 48, 54, 55, 56, 74, 75, 80]
  Marker 42: mean=23.11px, max=27.45px
  Marker 44: mean=3.91px, max=6.00px
  Marker 46: mean=0.80px, max=0.81px
  Marker 48: mean=6.14px, max=8.02px
  Marker 52: mean=15.42px, max=19.46px
  Marker 54: mean=1.04px, max=1.40px
  Marker 55: mean=2.50px, max=3.98px
  Marker 56: mean=0.91px, max=1.43px
  Marker 73: mean=22.84px, max=26.60px
  Marker 74: mean=7.81px, max=10.18px
  Marker 75: mean=0.72px, max=1.00px
  Marker 76: mean=40.35px, max=46.51px
  Marker 77: mean=14.10px, max=17.34px
  Marker 80: mean=0.98px, max=1.32px
  Homography calculated
  RANSAC inliers: 25/36
  Saved: image_02_registered.JPG
  Mean marker error: 10.05px
  Max marker error: 46.51px

image_03.JPG
  Shared markers: [16, 20, 22, 24, 26, 27, 28, 32, 34, 35, 37, 38, 39, 40]
  ArUco scale relative to reference: 2.006x
  Using 56 corresponding points
  Removing bad markers: [32, 35, 37, 38, 39]
  Recalculated using: [16, 20, 22, 24, 26, 27, 28, 34, 40]
  Marker 16: mean=1.85px, max=3.33px
  Marker 20: mean=1.40px, max=1.68px
  Marker 22: mean=0.74px, max=1.30px
  Marker 24: mean=0.47px, max=0.61px
  Marker 26: mean=0.88px, max=1.19px
  Marker 27: mean=5.57px, max=6.88px
  Marker 28: mean=1.27px, max=1.99px
  Marker 32: mean=98.10px, max=107.74px
  Marker 34: mean=6.14px, max=8.47px
  Marker 35: mean=40.73px, max=46.70px
  Marker 37: mean=26.07px, max=30.66px
  Marker 38: mean=54.23px, max=61.10px
  Marker 39: mean=18.69px, max=22.70px
  Marker 40: mean=9.98px, max=12.86px
  Homography calculated
  RANSAC inliers: 24/36
  Saved: image_03_registered.JPG
  Mean marker error: 19.01px
  Max marker error: 107.74px

image_04.JPG
  Shared markers: [10, 12, 19, 21, 23, 25, 29, 31, 42, 44, 46, 52, 53, 54, 55, 56, 74, 75, 80]
  ArUco scale relative to reference: 1.992x
  Using 76 corresponding points
  Removing bad markers: [12, 29, 55, 75, 80]
  Recalculated using: [10, 19, 21, 23, 25, 31, 42, 44, 46, 52, 53, 54, 56, 74]
  Marker 10: mean=5.16px, max=7.25px
  Marker 12: mean=14.84px, max=18.10px
  Marker 19: mean=3.77px, max=5.83px
  Marker 21: mean=2.01px, max=4.07px
  Marker 23: mean=1.13px, max=1.52px
  Marker 25: mean=1.26px, max=2.23px
  Marker 29: mean=12.09px, max=15.44px
  Marker 31: mean=0.83px, max=1.46px
  Marker 42: mean=1.46px, max=2.44px
  Marker 44: mean=1.30px, max=1.77px
  Marker 46: mean=2.33px, max=4.51px
  Marker 52: mean=1.18px, max=1.65px
  Marker 53: mean=2.10px, max=4.13px
  Marker 54: mean=1.49px, max=2.46px
  Marker 55: mean=28.33px, max=33.67px
  Marker 56: mean=2.61px, max=4.61px
  Marker 74: mean=2.16px, max=2.96px
  Marker 75: mean=13.24px, max=17.10px
  Marker 80: mean=10.07px, max=13.67px
  Homography calculated
  RANSAC inliers: 41/56
  Saved: image_04_registered.JPG
  Mean marker error: 5.65px
  Max marker error: 33.67px

image_05.JPG
  Shared markers: [42, 44, 46, 48, 52, 54, 55, 56, 73, 74, 75, 76, 77, 80]
  ArUco scale relative to reference: 1.977x
  Using 56 corresponding points
  Removing bad markers: [42, 44, 52, 74, 76]
  Recalculated using: [46, 48, 54, 55, 56, 73, 75, 77, 80]
  Marker 42: mean=47.78px, max=54.60px
  Marker 44: mean=10.97px, max=13.38px
  Marker 46: mean=0.75px, max=1.33px
  Marker 48: mean=0.65px, max=0.95px
  Marker 52: mean=29.66px, max=34.21px
  Marker 54: mean=6.25px, max=8.28px
  Marker 55: mean=2.33px, max=2.72px
  Marker 56: mean=1.77px, max=2.43px
  Marker 73: mean=7.12px, max=9.17px
  Marker 74: mean=21.81px, max=25.94px
  Marker 75: mean=1.05px, max=1.19px
  Marker 76: mean=13.66px, max=16.50px
  Marker 77: mean=1.45px, max=2.33px
  Marker 80: mean=1.98px, max=2.53px
  Homography calculated
  RANSAC inliers: 25/36
  Saved: image_05_registered.JPG
  Mean marker error: 10.52px
  Max marker error: 54.60px

image_06.JPG
  Shared markers: [46, 47, 48, 49, 54, 55, 56, 64, 66, 70, 71, 72, 73, 75, 76, 77, 78, 80]
  ArUco scale relative to reference: 1.999x
  Using 72 corresponding points
  Removing bad markers: [46, 54, 56]
  Recalculated using: [47, 48, 49, 55, 64, 66, 70, 71, 72, 73, 75, 76, 77, 78, 80]
  Marker 46: mean=11.08px, max=14.96px
  Marker 47: mean=0.98px, max=1.74px
  Marker 48: mean=1.45px, max=2.44px
  Marker 49: mean=1.07px, max=1.94px
  Marker 54: mean=32.39px, max=39.23px
  Marker 55: mean=2.51px, max=4.49px
  Marker 56: mean=25.10px, max=31.24px
  Marker 64: mean=1.13px, max=1.85px
  Marker 66: mean=1.30px, max=2.13px
  Marker 70: mean=5.69px, max=8.37px
  Marker 71: mean=3.53px, max=4.10px
  Marker 72: mean=6.26px, max=8.85px
  Marker 73: mean=1.82px, max=3.10px
  Marker 75: mean=2.06px, max=4.15px
  Marker 76: mean=1.48px, max=2.99px
  Marker 77: mean=1.37px, max=1.55px
  Marker 78: mean=6.55px, max=9.72px
  Marker 80: mean=8.51px, max=12.16px
  Homography calculated
  RANSAC inliers: 35/60
  Saved: image_06_registered.JPG
  Mean marker error: 6.35px
  Max marker error: 39.23px

image_07.JPG
  Shared markers: [41, 43, 45, 47, 48, 49, 55, 60, 62, 64, 66, 68, 70, 71, 72, 73, 75, 76, 77, 78]
  ArUco scale relative to reference: 2.020x
  Using 80 corresponding points
  Removing bad markers: [41, 43, 45, 60, 68]
  Recalculated using: [47, 48, 49, 55, 62, 64, 66, 70, 71, 72, 73, 75, 76, 77, 78]
  Marker 41: mean=27.35px, max=32.76px
  Marker 43: mean=46.85px, max=53.81px
  Marker 45: mean=57.17px, max=63.81px
  Marker 47: mean=3.72px, max=5.07px
  Marker 48: mean=2.69px, max=4.01px
  Marker 49: mean=3.11px, max=4.65px
  Marker 55: mean=2.75px, max=5.44px
  Marker 60: mean=23.18px, max=28.58px
  Marker 62: mean=8.50px, max=12.15px
  Marker 64: mean=1.56px, max=2.81px
  Marker 66: mean=1.75px, max=2.86px
  Marker 68: mean=10.02px, max=13.71px
  Marker 70: mean=1.85px, max=3.73px
  Marker 71: mean=5.51px, max=6.54px
  Marker 72: mean=1.52px, max=2.92px
  Marker 73: mean=2.82px, max=4.44px
  Marker 75: mean=2.30px, max=4.77px
  Marker 76: mean=2.21px, max=4.50px
  Marker 77: mean=1.79px, max=2.35px
  Marker 78: mean=9.16px, max=13.60px
  Homography calculated
  RANSAC inliers: 31/60
  Saved: image_07_registered.JPG
  Mean marker error: 10.79px
  Max marker error: 63.81px

image_08.JPG
  Shared markers: [16, 20, 22, 24, 26, 32, 34, 35, 36, 37, 38, 39, 40, 41, 43, 45, 51, 60, 62, 67, 68, 72]
  ArUco scale relative to reference: 2.036x
  Using 88 corresponding points
  Removing bad markers: [16, 20, 22, 24, 26, 34]
  Recalculated using: [32, 35, 36, 37, 38, 39, 40, 41, 43, 45, 51, 60, 62, 67, 68, 72]
  Marker 16: mean=19.62px, max=24.72px
  Marker 20: mean=67.12px, max=76.39px
  Marker 22: mean=35.79px, max=42.65px
  Marker 24: mean=81.02px, max=90.17px
  Marker 26: mean=43.60px, max=50.87px
  Marker 32: mean=1.54px, max=2.99px
  Marker 34: mean=18.18px, max=22.98px
  Marker 35: mean=3.09px, max=5.17px
  Marker 36: mean=1.79px, max=3.32px
  Marker 37: mean=1.89px, max=3.55px
  Marker 38: mean=1.56px, max=3.00px
  Marker 39: mean=7.89px, max=11.19px
  Marker 40: mean=7.42px, max=10.88px
  Marker 41: mean=2.65px, max=3.59px
  Marker 43: mean=1.67px, max=2.74px
  Marker 45: mean=1.36px, max=2.28px
  Marker 51: mean=9.29px, max=13.02px
  Marker 60: mean=1.89px, max=3.58px
  Marker 62: mean=7.69px, max=10.97px
  Marker 67: mean=3.65px, max=6.14px
  Marker 68: mean=1.12px, max=1.88px
  Marker 72: mean=7.57px, max=10.73px
  Homography calculated
  RANSAC inliers: 35/64
  Saved: image_08_registered.JPG
  Mean marker error: 14.88px
  Max marker error: 90.17px

image_09.JPG
  Shared markers: [8, 11, 12, 15, 16, 20, 22, 24, 26, 27, 28, 32, 34, 35, 36, 37, 38, 39, 40]
  ArUco scale relative to reference: 1.997x
  Using 76 corresponding points
  Removing bad markers: [32, 35, 36, 38]
  Recalculated using: [8, 11, 12, 15, 16, 20, 22, 24, 26, 27, 28, 34, 37, 39, 40]
  Marker 8: mean=1.08px, max=2.47px
  Marker 11: mean=2.50px, max=4.63px
  Marker 12: mean=8.45px, max=10.40px
  Marker 15: mean=1.74px, max=2.48px
  Marker 16: mean=5.11px, max=7.14px
  Marker 20: mean=2.31px, max=4.28px
  Marker 22: mean=2.33px, max=4.10px
  Marker 24: mean=4.46px, max=6.29px
  Marker 26: mean=5.44px, max=6.98px
  Marker 27: mean=1.97px, max=3.92px
  Marker 28: mean=1.86px, max=3.11px
  Marker 32: mean=61.42px, max=71.29px
  Marker 34: mean=2.51px, max=4.87px
  Marker 35: mean=24.56px, max=30.97px
  Marker 36: mean=51.63px, max=60.74px
  Marker 37: mean=9.71px, max=14.37px
  Marker 38: mean=28.72px, max=35.61px
  Marker 39: mean=9.43px, max=14.09px
  Marker 40: mean=2.27px, max=3.53px
  Homography calculated
  RANSAC inliers: 31/60
  Saved: image_09_registered.JPG
  Mean marker error: 11.97px
  Max marker error: 71.29px

image_10.JPG
  Shared markers: [8, 9, 11, 12, 13, 14, 15, 16, 20, 22, 24, 26, 27, 28, 34, 37, 39, 40, 65]
  ArUco scale relative to reference: 2.001x
  Using 76 corresponding points
  Removing bad markers: [37, 39]
  Recalculated using: [8, 9, 11, 12, 13, 14, 15, 16, 20, 22, 24, 26, 27, 28, 34, 40, 65]
  Marker 8: mean=2.49px, max=4.22px
  Marker 9: mean=1.78px, max=2.61px
  Marker 11: mean=1.48px, max=3.02px
  Marker 12: mean=2.42px, max=4.94px
  Marker 13: mean=1.57px, max=2.94px
  Marker 14: mean=3.96px, max=6.75px
  Marker 15: mean=3.77px, max=5.09px
  Marker 16: mean=1.96px, max=3.75px
  Marker 20: mean=1.49px, max=2.25px
  Marker 22: mean=2.48px, max=4.44px
  Marker 24: mean=3.15px, max=4.40px
  Marker 26: mean=1.76px, max=3.25px
  Marker 27: mean=1.63px, max=3.17px
  Marker 28: mean=1.41px, max=2.31px
  Marker 34: mean=8.56px, max=11.95px
  Marker 37: mean=26.33px, max=32.07px
  Marker 39: mean=21.36px, max=26.82px
  Marker 40: mean=9.90px, max=13.49px
  Marker 65: mean=6.86px, max=9.58px
  Homography calculated
  RANSAC inliers: 42/68
  Saved: image_10_registered.JPG
  Mean marker error: 5.49px
  Max marker error: 32.07px

image_11.JPG
  Shared markers: [8, 9, 10, 11, 12, 13, 14, 15, 16, 19, 20, 22, 23, 24, 25, 26, 27, 28, 29, 31, 65]
  ArUco scale relative to reference: 1.993x
  Using 84 corresponding points
  Removing bad markers: [10, 19, 23, 25, 29, 31, 65]
  Recalculated using: [8, 9, 11, 12, 13, 14, 15, 16, 20, 22, 24, 26, 27, 28]
  Marker 8: mean=0.87px, max=1.64px
  Marker 9: mean=1.55px, max=2.43px
  Marker 10: mean=16.21px, max=18.67px
  Marker 11: mean=1.48px, max=2.78px
  Marker 12: mean=7.06px, max=8.86px
  Marker 13: mean=1.48px, max=2.72px
  Marker 14: mean=5.51px, max=7.59px
  Marker 15: mean=3.24px, max=4.59px
  Marker 16: mean=3.36px, max=6.78px
  Marker 19: mean=24.14px, max=27.47px
  Marker 20: mean=2.68px, max=4.89px
  Marker 22: mean=6.02px, max=10.25px
  Marker 23: mean=41.45px, max=46.83px
  Marker 24: mean=2.53px, max=4.41px
  Marker 25: mean=47.08px, max=52.83px
  Marker 26: mean=2.36px, max=4.13px
  Marker 27: mean=1.86px, max=3.27px
  Marker 28: mean=2.51px, max=4.91px
  Marker 29: mean=14.00px, max=16.66px
  Marker 31: mean=28.38px, max=31.96px
  Marker 65: mean=10.30px, max=14.19px
  Homography calculated
  RANSAC inliers: 33/56
  Saved: image_11_registered.JPG
  Mean marker error: 10.67px
  Max marker error: 52.83px

Saved image scales: homographies\drawer_001\image_scales.json

==================================================
Processing drawer_002
==================================================
Reference image: image_01.JPG
Markers: [8, 9, 10, 11, 12, 13, 14, 15, 16, 19, 20, 21, 22, 23, 24, 25, 26, 27, 28, 29, 31, 32, 34, 35, 36, 37, 38, 39, 40, 41, 42, 43, 44, 45, 46, 47, 48, 49, 51, 52, 53, 54, 55, 56, 60, 62, 64, 65, 66, 67, 68, 70, 71, 72, 73, 74, 75, 76, 77, 78, 80]

image_02.JPG
  Shared markers: [8, 10, 12, 25, 31, 42, 44, 46, 48, 52, 54, 55, 56, 73, 74, 75, 76, 77, 80]
  ArUco scale relative to reference: 1.826x
  Using 76 corresponding points
  Removing bad markers: [8, 12, 48, 55, 73, 75, 76, 77]
  Recalculated using: [10, 25, 31, 42, 44, 46, 52, 54, 56, 74, 80]
  Marker 8: mean=27.60px, max=33.62px
  Marker 10: mean=2.50px, max=4.86px
  Marker 12: mean=10.92px, max=14.67px
  Marker 25: mean=1.59px, max=2.47px
  Marker 31: mean=1.55px, max=2.74px
  Marker 42: mean=1.54px, max=2.94px
  Marker 44: mean=1.29px, max=2.06px
  Marker 46: mean=3.49px, max=5.40px
  Marker 48: mean=31.65px, max=37.14px
  Marker 52: mean=1.39px, max=2.01px
  Marker 54: mean=1.05px, max=2.06px
  Marker 55: mean=23.35px, max=28.07px
  Marker 56: mean=3.02px, max=4.73px
  Marker 73: mean=69.89px, max=78.12px
  Marker 74: mean=2.88px, max=3.80px
  Marker 75: mean=12.25px, max=15.48px
  Marker 76: mean=103.29px, max=113.26px
  Marker 77: mean=52.60px, max=59.99px
  Marker 80: mean=9.85px, max=12.98px
  Homography calculated
  RANSAC inliers: 28/44
  Saved: image_02_registered.JPG
  Mean marker error: 19.04px
  Max marker error: 113.26px

image_03.JPG
  Shared markers: [8, 16, 20, 22, 24, 26, 27, 28, 32, 34, 35, 36, 37, 38, 39, 40, 41, 45, 47, 67, 68, 72]
  ArUco scale relative to reference: 1.849x
  Using 88 corresponding points
  Removing bad markers: [8, 20, 24, 26, 27, 28, 47, 67]
  Recalculated using: [16, 22, 32, 34, 35, 36, 37, 38, 39, 40, 41, 45, 68, 72]
  Marker 8: mean=50.24px, max=55.38px
  Marker 16: mean=2.05px, max=3.97px
  Marker 20: mean=21.69px, max=26.96px
  Marker 22: mean=8.90px, max=12.54px
  Marker 24: mean=25.79px, max=31.43px
  Marker 26: mean=10.77px, max=14.60px
  Marker 27: mean=53.47px, max=60.99px
  Marker 28: mean=43.15px, max=50.44px
  Marker 32: mean=1.98px, max=3.74px
  Marker 34: mean=2.46px, max=4.83px
  Marker 35: mean=2.70px, max=4.54px
  Marker 36: mean=2.12px, max=4.30px
  Marker 37: mean=5.83px, max=7.52px
  Marker 38: mean=5.40px, max=7.38px
  Marker 39: mean=1.96px, max=3.91px
  Marker 40: mean=3.34px, max=5.29px
  Marker 41: mean=2.49px, max=3.15px
  Marker 45: mean=6.48px, max=11.05px
  Marker 47: mean=12.02px, max=17.53px
  Marker 67: mean=11.18px, max=16.11px
  Marker 68: mean=2.50px, max=3.50px
  Marker 72: mean=3.56px, max=7.08px
  Homography calculated
  RANSAC inliers: 27/56
  Saved: image_03_registered.JPG
  Mean marker error: 12.73px
  Max marker error: 60.99px

image_04.JPG
  Shared markers: [10, 12, 19, 21, 23, 25, 29, 31, 42, 44, 46, 48, 52, 53, 54, 55, 56, 74, 75, 80]
  ArUco scale relative to reference: 1.825x
  Using 80 corresponding points
  Removing bad markers: [12, 48, 55, 75, 80]
  Recalculated using: [10, 19, 21, 23, 25, 29, 31, 42, 44, 46, 52, 53, 54, 56, 74]
  Marker 10: mean=2.27px, max=4.28px
  Marker 12: mean=10.69px, max=14.04px
  Marker 19: mean=1.96px, max=3.54px
  Marker 21: mean=1.19px, max=2.30px
  Marker 23: mean=1.15px, max=1.73px
  Marker 25: mean=1.74px, max=2.54px
  Marker 29: mean=8.55px, max=11.72px
  Marker 31: mean=1.63px, max=2.59px
  Marker 42: mean=1.50px, max=2.43px
  Marker 44: mean=1.36px, max=2.32px
  Marker 46: mean=6.30px, max=8.39px
  Marker 48: mean=45.42px, max=51.34px
  Marker 52: mean=1.14px, max=1.58px
  Marker 53: mean=1.31px, max=2.37px
  Marker 54: mean=1.23px, max=2.39px
  Marker 55: mean=31.76px, max=36.95px
  Marker 56: mean=4.91px, max=6.77px
  Marker 74: mean=1.17px, max=2.12px
  Marker 75: mean=18.11px, max=21.74px
  Marker 80: mean=13.52px, max=16.93px
  Homography calculated
  RANSAC inliers: 43/60
  Saved: image_04_registered.JPG
  Mean marker error: 7.85px
  Max marker error: 51.34px

image_05.JPG
  Shared markers: [10, 12, 19, 21, 23, 25, 29, 31, 42, 44, 46, 48, 52, 53, 54, 55, 56, 73, 74, 75, 77, 80]
  ArUco scale relative to reference: 1.833x
  Using 88 corresponding points
  Removing bad markers: [12, 29, 48, 55, 73, 75, 77]
  Recalculated using: [10, 19, 21, 23, 25, 31, 42, 44, 46, 52, 53, 54, 56, 74, 80]
  Marker 10: mean=4.35px, max=7.01px
  Marker 12: mean=14.87px, max=19.09px
  Marker 19: mean=4.63px, max=7.28px
  Marker 21: mean=3.39px, max=5.84px
  Marker 23: mean=2.01px, max=3.40px
  Marker 25: mean=1.34px, max=2.24px
  Marker 29: mean=13.65px, max=17.84px
  Marker 31: mean=1.23px, max=2.05px
  Marker 42: mean=1.78px, max=2.98px
  Marker 44: mean=1.39px, max=2.22px
  Marker 46: mean=2.07px, max=3.74px
  Marker 48: mean=30.89px, max=36.03px
  Marker 52: mean=1.33px, max=2.32px
  Marker 53: mean=2.35px, max=4.61px
  Marker 54: mean=1.38px, max=2.31px
  Marker 55: mean=21.24px, max=25.56px
  Marker 56: mean=1.99px, max=3.37px
  Marker 73: mean=71.21px, max=78.71px
  Marker 74: mean=2.56px, max=3.43px
  Marker 75: mean=10.58px, max=13.49px
  Marker 77: mean=51.71px, max=58.65px
  Marker 80: mean=7.73px, max=10.56px
  Homography calculated
  RANSAC inliers: 39/60
  Saved: image_05_registered.JPG
  Mean marker error: 11.53px
  Max marker error: 78.71px

image_06.JPG
  Shared markers: [44, 46, 47, 48, 49, 54, 55, 56, 62, 64, 66, 70, 71, 72, 73, 74, 75, 76, 77, 78, 80]
  ArUco scale relative to reference: 1.823x
  Using 84 corresponding points
  Removing bad markers: [44, 54, 56, 62, 74, 78]
  Recalculated using: [46, 47, 48, 49, 55, 64, 66, 70, 71, 72, 73, 75, 76, 77, 80]
  Marker 44: mean=29.02px, max=35.73px
  Marker 46: mean=2.47px, max=5.00px
  Marker 47: mean=3.75px, max=4.62px
  Marker 48: mean=2.85px, max=3.96px
  Marker 49: mean=2.05px, max=2.79px
  Marker 54: mean=12.56px, max=16.84px
  Marker 55: mean=1.63px, max=2.13px
  Marker 56: mean=10.89px, max=14.93px
  Marker 62: mean=10.12px, max=13.31px
  Marker 64: mean=2.08px, max=4.06px
  Marker 66: mean=1.89px, max=3.68px
  Marker 70: mean=1.89px, max=3.90px
  Marker 71: mean=4.66px, max=5.41px
  Marker 72: mean=1.30px, max=2.58px
  Marker 73: mean=2.04px, max=3.49px
  Marker 74: mean=37.36px, max=44.64px
  Marker 75: mean=1.59px, max=2.78px
  Marker 76: mean=2.77px, max=5.37px
  Marker 77: mean=1.47px, max=1.97px
  Marker 78: mean=10.81px, max=14.43px
  Marker 80: mean=3.06px, max=5.30px
  Homography calculated
  RANSAC inliers: 38/60
  Saved: image_06_registered.JPG
  Mean marker error: 6.96px
  Max marker error: 44.64px

image_07.JPG
  Shared markers: [32, 35, 36, 37, 38, 39, 40, 41, 43, 45, 47, 48, 49, 51, 55, 60, 62, 64, 66, 67, 68, 70, 71, 72, 73, 75, 76, 77, 78, 80]
  ArUco scale relative to reference: 1.842x
  Using 120 corresponding points
  Removing bad markers: [49, 51, 64, 66, 71, 73, 76, 77, 78]
  Recalculated using: [32, 35, 36, 37, 38, 39, 40, 41, 43, 45, 47, 48, 55, 60, 62, 67, 68, 70, 72, 75, 80]
  Marker 32: mean=1.54px, max=2.84px
  Marker 35: mean=1.45px, max=2.41px
  Marker 36: mean=1.95px, max=3.66px
  Marker 37: mean=4.13px, max=5.59px
  Marker 38: mean=4.69px, max=5.81px
  Marker 39: mean=1.82px, max=3.68px
  Marker 40: mean=1.57px, max=2.04px
  Marker 41: mean=2.70px, max=4.55px
  Marker 43: mean=5.39px, max=8.69px
  Marker 45: mean=3.47px, max=6.73px
  Marker 47: mean=4.66px, max=6.96px
  Marker 48: mean=8.30px, max=11.24px
  Marker 49: mean=15.35px, max=20.01px
  Marker 51: mean=19.90px, max=24.47px
  Marker 55: mean=8.95px, max=13.48px
  Marker 60: mean=2.83px, max=4.88px
  Marker 62: mean=3.39px, max=6.38px
  Marker 64: mean=39.64px, max=47.61px
  Marker 66: mean=36.90px, max=44.53px
  Marker 67: mean=9.25px, max=12.58px
  Marker 68: mean=3.23px, max=4.78px
  Marker 70: mean=7.74px, max=11.31px
  Marker 71: mean=14.49px, max=19.20px
  Marker 72: mean=1.99px, max=3.55px
  Marker 73: mean=22.00px, max=28.31px
  Marker 75: mean=4.02px, max=7.14px
  Marker 76: mean=40.63px, max=49.19px
  Marker 77: mean=21.05px, max=27.31px
  Marker 78: mean=66.88px, max=77.77px
  Marker 80: mean=7.49px, max=12.66px
  Homography calculated
  RANSAC inliers: 36/84
  Saved: image_07_registered.JPG
  Mean marker error: 12.25px
  Max marker error: 77.77px

image_08.JPG
  Shared markers: [16, 22, 26, 32, 34, 35, 36, 37, 38, 39, 40, 41, 43, 45, 51, 60, 62, 67, 68, 70, 72]
  ArUco scale relative to reference: 1.840x
  Using 84 corresponding points
  Removing bad markers: [16, 22, 26, 34, 70]
  Recalculated using: [32, 35, 36, 37, 38, 39, 40, 41, 43, 45, 51, 60, 62, 67, 68, 72]
  Marker 16: mean=11.00px, max=14.35px
  Marker 22: mean=22.71px, max=27.29px
  Marker 26: mean=28.39px, max=33.00px
  Marker 32: mean=1.82px, max=3.36px
  Marker 34: mean=10.32px, max=13.71px
  Marker 35: mean=1.52px, max=2.30px
  Marker 36: mean=1.33px, max=1.65px
  Marker 37: mean=1.47px, max=2.72px
  Marker 38: mean=2.51px, max=3.74px
  Marker 39: mean=3.78px, max=6.01px
  Marker 40: mean=3.09px, max=5.60px
  Marker 41: mean=2.59px, max=3.65px
  Marker 43: mean=1.58px, max=2.46px
  Marker 45: mean=1.44px, max=2.43px
  Marker 51: mean=6.14px, max=8.83px
  Marker 60: mean=1.69px, max=2.92px
  Marker 62: mean=5.18px, max=8.06px
  Marker 67: mean=2.26px, max=4.16px
  Marker 68: mean=1.27px, max=2.41px
  Marker 70: mean=13.14px, max=17.06px
  Marker 72: mean=4.17px, max=6.72px
  Homography calculated
  RANSAC inliers: 40/64
  Saved: image_08_registered.JPG
  Mean marker error: 6.07px
  Max marker error: 33.00px

image_09.JPG
  Shared markers: [8, 11, 12, 15, 16, 20, 22, 24, 26, 27, 28, 32, 34, 35, 36, 37, 38, 39, 40, 41, 45, 67, 68]
  ArUco scale relative to reference: 1.852x
  Using 92 corresponding points
  Removing bad markers: [32, 34, 35, 36, 37, 38, 39, 40, 41, 45, 67, 68]
  Recalculated using: [8, 11, 12, 15, 16, 20, 22, 24, 26, 27, 28]
  Marker 8: mean=0.99px, max=2.24px
  Marker 11: mean=0.99px, max=1.72px
  Marker 12: mean=7.52px, max=10.33px
  Marker 15: mean=1.53px, max=1.97px
  Marker 16: mean=4.88px, max=6.99px
  Marker 20: mean=1.26px, max=1.95px
  Marker 22: mean=4.47px, max=6.52px
  Marker 24: mean=2.30px, max=3.43px
  Marker 26: mean=1.02px, max=1.94px
  Marker 27: mean=1.03px, max=1.76px
  Marker 28: mean=1.28px, max=1.62px
  Marker 32: mean=78.47px, max=87.05px
  Marker 34: mean=11.29px, max=14.16px
  Marker 35: mean=38.68px, max=44.17px
  Marker 36: mean=65.75px, max=73.38px
  Marker 37: mean=25.36px, max=29.69px
  Marker 38: mean=46.04px, max=52.17px
  Marker 39: mean=21.91px, max=25.82px
  Marker 40: mean=12.97px, max=16.03px
  Marker 41: mean=102.68px, max=111.36px
  Marker 45: mean=110.27px, max=120.96px
  Marker 67: mean=105.44px, max=116.03px
  Marker 68: mean=106.30px, max=116.71px
  Homography calculated
  RANSAC inliers: 33/44
  Saved: image_09_registered.JPG
  Mean marker error: 32.71px
  Max marker error: 120.96px

image_10.JPG
  Shared markers: [8, 9, 10, 11, 12, 13, 14, 15, 16, 20, 22, 24, 26, 27, 28, 29, 34, 35, 37, 39, 40, 65]
  ArUco scale relative to reference: 1.838x
  Using 88 corresponding points
  Removing bad markers: [10, 29, 34, 35, 37, 39, 40]
  Recalculated using: [8, 9, 11, 12, 13, 14, 15, 16, 20, 22, 24, 26, 27, 28, 65]
  Marker 8: mean=0.81px, max=1.35px
  Marker 9: mean=1.43px, max=2.65px
  Marker 10: mean=15.67px, max=19.02px
  Marker 11: mean=1.80px, max=2.69px
  Marker 12: mean=5.51px, max=7.56px
  Marker 13: mean=0.88px, max=1.12px
  Marker 14: mean=5.49px, max=7.39px
  Marker 15: mean=2.23px, max=3.07px
  Marker 16: mean=7.74px, max=10.59px
  Marker 20: mean=2.01px, max=3.73px
  Marker 22: mean=6.85px, max=9.51px
  Marker 24: mean=1.31px, max=2.54px
  Marker 26: mean=1.99px, max=3.88px
  Marker 27: mean=1.54px, max=2.64px
  Marker 28: mean=1.19px, max=1.80px
  Marker 29: mean=14.38px, max=17.64px
  Marker 34: mean=16.31px, max=20.34px
  Marker 35: mean=63.34px, max=72.16px
  Marker 37: mean=41.51px, max=47.89px
  Marker 39: mean=33.60px, max=39.46px
  Marker 40: mean=20.14px, max=24.39px
  Marker 65: mean=2.04px, max=3.55px
  Homography calculated
  RANSAC inliers: 41/60
  Saved: image_10_registered.JPG
  Mean marker error: 11.26px
  Max marker error: 72.16px

image_11.JPG
  Shared markers: [8, 9, 10, 11, 12, 13, 14, 15, 16, 19, 20, 21, 22, 23, 24, 25, 26, 27, 28, 29, 31, 34, 40, 42, 44, 46, 52, 53, 54, 56, 65, 74, 80]
  ArUco scale relative to reference: 1.841x
  Using 132 corresponding points
  Removing bad markers: [9, 11, 13, 15, 16, 20, 22, 24, 26, 27, 28, 34, 40, 65]
  Recalculated using: [8, 10, 12, 14, 19, 21, 23, 25, 29, 31, 42, 44, 46, 52, 53, 54, 56, 74, 80]
  Marker 8: mean=9.96px, max=13.30px
  Marker 9: mean=21.85px, max=26.80px
  Marker 10: mean=2.90px, max=4.31px
  Marker 11: mean=50.89px, max=58.37px
  Marker 12: mean=1.72px, max=3.57px
  Marker 13: mean=43.73px, max=50.75px
  Marker 14: mean=9.05px, max=12.46px
  Marker 15: mean=24.99px, max=30.40px
  Marker 16: mean=51.00px, max=58.35px
  Marker 19: mean=1.56px, max=2.98px
  Marker 20: mean=62.99px, max=69.99px
  Marker 21: mean=6.95px, max=10.59px
  Marker 22: mean=64.80px, max=72.63px
  Marker 23: mean=1.63px, max=2.34px
  Marker 24: mean=50.96px, max=57.74px
  Marker 25: mean=1.74px, max=3.34px
  Marker 26: mean=49.56px, max=55.52px
  Marker 27: mean=60.28px, max=68.38px
  Marker 28: mean=67.71px, max=75.96px
  Marker 29: mean=2.19px, max=4.33px
  Marker 31: mean=4.34px, max=5.43px
  Marker 34: mean=75.50px, max=85.90px
  Marker 40: mean=66.19px, max=76.18px
  Marker 42: mean=1.78px, max=3.21px
  Marker 44: mean=1.71px, max=2.57px
  Marker 46: mean=1.21px, max=1.83px
  Marker 52: mean=1.30px, max=2.38px
  Marker 53: mean=7.66px, max=11.01px
  Marker 54: mean=4.04px, max=4.79px
  Marker 56: mean=1.23px, max=2.48px
  Marker 65: mean=87.60px, max=98.30px
  Marker 74: mean=4.53px, max=5.31px
  Marker 80: mean=9.32px, max=12.56px
  Homography calculated
  RANSAC inliers: 38/76
  Saved: image_11_registered.JPG
  Mean marker error: 25.84px
  Max marker error: 98.30px

Saved image scales: homographies\drawer_002\image_scales.json

==================================================
Processing drawer_003
==================================================
Reference image: image_01.JPG
Markers: [8, 9, 10, 11, 12, 13, 14, 15, 16, 19, 20, 21, 22, 23, 24, 25, 26, 27, 28, 29, 31, 32, 34, 35, 36, 37, 38, 39, 40, 41, 42, 43, 44, 45, 46, 47, 48, 49, 51, 52, 53, 54, 55, 56, 60, 62, 64, 65, 66, 67, 68, 70, 71, 72, 73, 74, 75, 76, 77, 78, 80]

image_02.JPG
  Shared markers: [8, 10, 12, 19, 21, 23, 25, 31, 42, 44, 46, 48, 52, 54, 55, 56, 73, 74, 75, 76, 77, 80]
  ArUco scale relative to reference: 1.840x
  Using 88 corresponding points
  Removing bad markers: [8, 12, 46, 48, 55, 56, 73, 75, 76, 77, 80]
  Recalculated using: [10, 19, 21, 23, 25, 31, 42, 44, 52, 54, 74]
  Marker 8: mean=35.17px, max=40.17px
  Marker 10: mean=5.95px, max=7.73px
  Marker 12: mean=16.65px, max=19.73px
  Marker 19: mean=3.96px, max=5.75px
  Marker 21: mean=2.52px, max=4.78px
  Marker 23: mean=1.22px, max=1.65px
  Marker 25: mean=1.53px, max=2.32px
  Marker 31: mean=0.77px, max=1.09px
  Marker 42: mean=1.34px, max=2.47px
  Marker 44: mean=3.12px, max=5.13px
  Marker 46: mean=11.78px, max=15.39px
  Marker 48: mean=68.06px, max=77.09px
  Marker 52: mean=1.55px, max=2.36px
  Marker 54: mean=2.79px, max=4.94px
  Marker 55: mean=50.83px, max=58.62px
  Marker 56: mean=10.01px, max=13.31px
  Marker 73: mean=133.59px, max=146.59px
  Marker 74: mean=1.16px, max=2.06px
  Marker 75: mean=30.64px, max=36.39px
  Marker 76: mean=185.27px, max=201.55px
  Marker 77: mean=103.09px, max=114.71px
  Marker 80: mean=24.41px, max=29.52px
  Homography calculated
  RANSAC inliers: 31/44
  Saved: image_02_registered.JPG
  Mean marker error: 31.61px
  Max marker error: 201.55px

image_03.JPG
  Shared markers: [16, 20, 22, 24, 26, 27, 28, 32, 34, 37, 38, 40, 41, 45, 47, 68, 72]
  ArUco scale relative to reference: 1.850x
  Using 68 corresponding points
  Removing bad markers: [32, 37, 38, 41, 45, 47, 68, 72]
  Recalculated using: [16, 20, 22, 24, 26, 27, 28, 34, 40]
  Marker 16: mean=0.99px, max=1.86px
  Marker 20: mean=1.08px, max=1.78px
  Marker 22: mean=0.74px, max=1.48px
  Marker 24: mean=0.85px, max=1.46px
  Marker 26: mean=1.07px, max=1.34px
  Marker 27: mean=6.86px, max=8.21px
  Marker 28: mean=2.65px, max=3.85px
  Marker 32: mean=81.71px, max=90.41px
  Marker 34: mean=4.00px, max=6.05px
  Marker 37: mean=20.87px, max=24.85px
  Marker 38: mean=44.78px, max=50.73px
  Marker 40: mean=7.49px, max=10.00px
  Marker 41: mean=113.80px, max=123.56px
  Marker 45: mean=118.86px, max=129.95px
  Marker 47: mean=152.90px, max=169.34px
  Marker 68: mean=119.02px, max=130.45px
  Marker 72: mean=131.76px, max=145.51px
  Homography calculated
  RANSAC inliers: 24/36
  Saved: image_03_registered.JPG
  Mean marker error: 47.61px
  Max marker error: 169.34px

image_04.JPG
  Shared markers: [10, 12, 14, 19, 21, 23, 25, 29, 31, 42, 44, 46, 48, 52, 53, 54, 55, 56, 74, 75, 80]
  ArUco scale relative to reference: 1.826x
  Using 84 corresponding points
  Removing bad markers: [14, 48, 55]
  Recalculated using: [10, 12, 19, 21, 23, 25, 29, 31, 42, 44, 46, 52, 53, 54, 56, 74, 75, 80]
  Marker 10: mean=2.51px, max=4.10px
  Marker 12: mean=2.32px, max=4.74px
  Marker 14: mean=11.51px, max=15.71px
  Marker 19: mean=1.58px, max=2.36px
  Marker 21: mean=5.01px, max=8.08px
  Marker 23: mean=1.59px, max=2.43px
  Marker 25: mean=1.41px, max=2.56px
  Marker 29: mean=3.07px, max=5.91px
  Marker 31: mean=3.31px, max=4.37px
  Marker 42: mean=1.44px, max=2.73px
  Marker 44: mean=1.14px, max=2.02px
  Marker 46: mean=1.27px, max=2.65px
  Marker 48: mean=26.85px, max=31.34px
  Marker 52: mean=1.40px, max=2.25px
  Marker 53: mean=4.90px, max=7.79px
  Marker 54: mean=1.77px, max=2.55px
  Marker 55: mean=18.55px, max=22.65px
  Marker 56: mean=1.44px, max=2.61px
  Marker 74: mean=2.64px, max=3.52px
  Marker 75: mean=7.85px, max=10.51px
  Marker 80: mean=6.18px, max=8.70px
  Homography calculated
  RANSAC inliers: 46/72
  Saved: image_04_registered.JPG
  Mean marker error: 5.13px
  Max marker error: 31.34px

image_05.JPG
  Shared markers: [10, 12, 21, 25, 31, 42, 44, 46, 48, 52, 53, 54, 55, 56, 73, 74, 75, 76, 77, 80]
  ArUco scale relative to reference: 1.834x
  Using 80 corresponding points
  Removing bad markers: [12, 46, 48, 55, 73, 75, 76, 77, 80]
  Recalculated using: [10, 21, 25, 31, 42, 44, 52, 53, 54, 56, 74]
  Marker 10: mean=8.67px, max=11.23px
  Marker 12: mean=23.11px, max=27.41px
  Marker 21: mean=1.30px, max=2.30px
  Marker 25: mean=1.66px, max=2.17px
  Marker 31: mean=1.34px, max=2.36px
  Marker 42: mean=1.78px, max=2.46px
  Marker 44: mean=2.25px, max=3.78px
  Marker 46: mean=12.41px, max=15.56px
  Marker 48: mean=71.85px, max=80.05px
  Marker 52: mean=1.15px, max=1.48px
  Marker 53: mean=0.95px, max=1.79px
  Marker 54: mean=2.89px, max=4.73px
  Marker 55: mean=51.29px, max=58.38px
  Marker 56: mean=8.98px, max=11.84px
  Marker 73: mean=139.64px, max=151.52px
  Marker 74: mean=0.91px, max=1.77px
  Marker 75: mean=32.54px, max=37.75px
  Marker 76: mean=188.87px, max=202.76px
  Marker 77: mean=105.16px, max=115.45px
  Marker 80: mean=23.98px, max=28.53px
  Homography calculated
  RANSAC inliers: 31/44
  Saved: image_05_registered.JPG
  Mean marker error: 34.04px
  Max marker error: 202.76px

image_06.JPG
  Shared markers: [44, 46, 47, 48, 49, 54, 55, 56, 62, 64, 66, 68, 70, 71, 72, 73, 75, 76, 77, 78, 80]
  ArUco scale relative to reference: 1.825x
  Using 84 corresponding points
  Removing bad markers: [44, 54, 56, 68, 78]
  Recalculated using: [46, 47, 48, 49, 55, 62, 64, 66, 70, 71, 72, 73, 75, 76, 77, 80]
  Marker 44: mean=35.47px, max=44.77px
  Marker 46: mean=2.17px, max=3.53px
  Marker 47: mean=2.25px, max=3.24px
  Marker 48: mean=4.34px, max=5.62px
  Marker 49: mean=2.36px, max=3.46px
  Marker 54: mean=12.93px, max=18.68px
  Marker 55: mean=2.06px, max=3.16px
  Marker 56: mean=11.77px, max=17.35px
  Marker 62: mean=8.49px, max=10.80px
  Marker 64: mean=1.92px, max=3.80px
  Marker 66: mean=1.44px, max=2.68px
  Marker 68: mean=11.52px, max=13.94px
  Marker 70: mean=1.62px, max=3.22px
  Marker 71: mean=4.56px, max=5.39px
  Marker 72: mean=2.79px, max=4.15px
  Marker 73: mean=2.26px, max=4.07px
  Marker 75: mean=4.08px, max=5.73px
  Marker 76: mean=3.06px, max=5.70px
  Marker 77: mean=1.64px, max=2.54px
  Marker 78: mean=10.04px, max=13.89px
  Marker 80: mean=2.58px, max=5.02px
  Homography calculated
  RANSAC inliers: 35/64
  Saved: image_06_registered.JPG
  Mean marker error: 6.16px
  Max marker error: 44.77px

image_07.JPG
  Shared markers: [32, 37, 38, 40, 41, 43, 45, 47, 48, 49, 55, 60, 62, 64, 66, 68, 70, 71, 72, 73, 75, 76, 77, 78, 80]
  ArUco scale relative to reference: 1.836x
  Using 100 corresponding points
  Removing bad markers: [32, 37, 38, 40, 41, 43, 45, 60, 62, 68]
  Recalculated using: [47, 48, 49, 55, 64, 66, 70, 71, 72, 73, 75, 76, 77, 78, 80]
  Marker 32: mean=63.50px, max=69.91px
  Marker 37: mean=58.96px, max=64.26px
  Marker 38: mean=58.45px, max=63.62px
  Marker 40: mean=65.36px, max=72.39px
  Marker 41: mean=32.74px, max=37.32px
  Marker 43: mean=49.36px, max=55.76px
  Marker 45: mean=59.62px, max=66.38px
  Marker 47: mean=0.78px, max=1.40px
  Marker 48: mean=2.91px, max=4.23px
  Marker 49: mean=1.16px, max=1.91px
  Marker 55: mean=2.17px, max=4.29px
  Marker 60: mean=27.45px, max=32.08px
  Marker 62: mean=12.95px, max=16.03px
  Marker 64: mean=1.24px, max=2.55px
  Marker 66: mean=1.46px, max=2.55px
  Marker 68: mean=15.85px, max=19.15px
  Marker 70: mean=4.80px, max=6.98px
  Marker 71: mean=3.41px, max=4.11px
  Marker 72: mean=5.71px, max=7.72px
  Marker 73: mean=2.81px, max=4.25px
  Marker 75: mean=1.62px, max=3.30px
  Marker 76: mean=1.90px, max=3.86px
  Marker 77: mean=1.65px, max=2.46px
  Marker 78: mean=8.15px, max=11.97px
  Marker 80: mean=8.80px, max=13.06px
  Homography calculated
  RANSAC inliers: 30/60
  Saved: image_07_registered.JPG
  Mean marker error: 19.71px
  Max marker error: 72.39px

image_08.JPG
  Shared markers: [16, 22, 26, 32, 34, 35, 36, 37, 38, 39, 40, 41, 43, 45, 51, 60, 62, 67, 68, 70, 72]
  ArUco scale relative to reference: 1.841x
  Using 84 corresponding points
  Removing bad markers: [16, 22, 26, 34, 70]
  Recalculated using: [32, 35, 36, 37, 38, 39, 40, 41, 43, 45, 51, 60, 62, 67, 68, 72]
  Marker 16: mean=10.94px, max=14.44px
  Marker 22: mean=22.88px, max=27.78px
  Marker 26: mean=28.25px, max=33.00px
  Marker 32: mean=1.72px, max=3.29px
  Marker 34: mean=10.45px, max=13.86px
  Marker 35: mean=1.37px, max=2.10px
  Marker 36: mean=1.15px, max=1.48px
  Marker 37: mean=1.38px, max=2.76px
  Marker 38: mean=2.55px, max=3.64px
  Marker 39: mean=3.82px, max=5.95px
  Marker 40: mean=3.06px, max=5.54px
  Marker 41: mean=2.45px, max=3.42px
  Marker 43: mean=1.57px, max=2.75px
  Marker 45: mean=1.25px, max=2.11px
  Marker 51: mean=6.79px, max=9.45px
  Marker 60: mean=1.60px, max=2.91px
  Marker 62: mean=5.16px, max=7.93px
  Marker 67: mean=2.44px, max=4.35px
  Marker 68: mean=1.30px, max=2.46px
  Marker 70: mean=12.87px, max=16.80px
  Marker 72: mean=3.91px, max=6.45px
  Homography calculated
  RANSAC inliers: 43/64
  Saved: image_08_registered.JPG
  Mean marker error: 6.04px
  Max marker error: 33.00px

image_09.JPG
  Shared markers: [16, 20, 22, 24, 26, 28, 32, 34, 35, 36, 37, 38, 39, 40, 41, 43, 45, 47, 51, 60, 62, 67, 68, 70, 72]
  ArUco scale relative to reference: 1.853x
  Using 100 corresponding points
  Removing bad markers: [16, 20, 22, 24, 26, 28, 34, 47, 70]
  Recalculated using: [32, 35, 36, 37, 38, 39, 40, 41, 43, 45, 51, 60, 62, 67, 68, 72]
  Marker 16: mean=14.82px, max=18.35px
  Marker 20: mean=44.93px, max=51.45px
  Marker 22: mean=25.55px, max=30.26px
  Marker 24: mean=52.85px, max=59.78px
  Marker 26: mean=29.79px, max=34.79px
  Marker 28: mean=76.14px, max=84.63px
  Marker 32: mean=1.73px, max=3.31px
  Marker 34: mean=14.33px, max=17.69px
  Marker 35: mean=2.55px, max=4.24px
  Marker 36: mean=1.51px, max=2.55px
  Marker 37: mean=1.73px, max=3.36px
  Marker 38: mean=1.69px, max=2.91px
  Marker 39: mean=6.94px, max=9.31px
  Marker 40: mean=6.77px, max=9.38px
  Marker 41: mean=3.31px, max=4.69px
  Marker 43: mean=2.23px, max=4.28px
  Marker 45: mean=1.52px, max=2.42px
  Marker 47: mean=13.97px, max=19.13px
  Marker 51: mean=9.99px, max=13.71px
  Marker 60: mean=2.18px, max=3.59px
  Marker 62: mean=5.80px, max=9.58px
  Marker 67: mean=3.51px, max=6.04px
  Marker 68: mean=2.30px, max=4.29px
  Marker 70: mean=15.64px, max=21.17px
  Marker 72: mean=3.25px, max=6.52px
  Homography calculated
  RANSAC inliers: 33/64
  Saved: image_09_registered.JPG
  Mean marker error: 13.80px
  Max marker error: 84.63px

image_10.JPG
  Shared markers: [8, 9, 11, 12, 13, 14, 15, 16, 20, 22, 24, 26, 27, 28, 29, 34, 35, 37, 39, 40, 65]
  ArUco scale relative to reference: 1.846x
  Using 84 corresponding points
  Removing bad markers: [35, 37, 65]
  Recalculated using: [8, 9, 11, 12, 13, 14, 15, 16, 20, 22, 24, 26, 27, 28, 29, 34, 39, 40]
  Marker 8: mean=2.22px, max=3.54px
  Marker 9: mean=1.79px, max=3.32px
  Marker 11: mean=1.82px, max=3.52px
  Marker 12: mean=1.65px, max=3.20px
  Marker 13: mean=3.59px, max=5.91px
  Marker 14: mean=3.32px, max=5.47px
  Marker 15: mean=2.76px, max=4.09px
  Marker 16: mean=5.37px, max=7.08px
  Marker 20: mean=3.01px, max=4.90px
  Marker 22: mean=3.06px, max=4.91px
  Marker 24: mean=4.66px, max=6.56px
  Marker 26: mean=5.88px, max=7.23px
  Marker 27: mean=1.52px, max=2.95px
  Marker 28: mean=1.65px, max=2.41px
  Marker 29: mean=9.33px, max=12.32px
  Marker 34: mean=2.01px, max=3.30px
  Marker 35: mean=26.15px, max=32.86px
  Marker 37: mean=10.56px, max=15.19px
  Marker 39: mean=8.86px, max=13.24px
  Marker 40: mean=1.88px, max=3.05px
  Marker 65: mean=12.20px, max=15.64px
  Homography calculated
  RANSAC inliers: 40/72
  Saved: image_10_registered.JPG
  Mean marker error: 5.40px
  Max marker error: 32.86px

image_11.JPG
  Shared markers: [8, 9, 10, 11, 12, 13, 14, 15, 16, 19, 20, 21, 22, 23, 24, 25, 26, 27, 28, 29, 31, 42, 46, 54, 65, 74]
  ArUco scale relative to reference: 1.852x
  Using 104 corresponding points
  Removing bad markers: [11, 13, 21, 23, 25, 27, 28, 42, 65]
  Recalculated using: [8, 9, 10, 12, 14, 15, 16, 19, 20, 22, 24, 26, 29, 31, 46, 54, 74]
  Marker 8: mean=4.55px, max=6.65px
  Marker 9: mean=3.70px, max=7.28px
  Marker 10: mean=4.42px, max=6.29px
  Marker 11: mean=12.70px, max=17.80px
  Marker 12: mean=5.84px, max=7.40px
  Marker 13: mean=13.43px, max=18.43px
  Marker 14: mean=2.29px, max=3.22px
  Marker 15: mean=2.20px, max=4.54px
  Marker 16: mean=3.90px, max=6.82px
  Marker 19: mean=2.34px, max=4.66px
  Marker 20: mean=6.27px, max=10.46px
  Marker 21: mean=25.84px, max=31.92px
  Marker 22: mean=3.74px, max=7.17px
  Marker 23: mean=10.40px, max=14.90px
  Marker 24: mean=3.57px, max=7.09px
  Marker 25: mean=10.56px, max=14.93px
  Marker 26: mean=2.81px, max=5.24px
  Marker 27: mean=13.78px, max=19.21px
  Marker 28: mean=13.99px, max=19.33px
  Marker 29: mean=2.26px, max=2.98px
  Marker 31: mean=1.80px, max=3.04px
  Marker 42: mean=10.85px, max=15.00px
  Marker 46: mean=1.42px, max=2.90px
  Marker 54: mean=1.47px, max=2.38px
  Marker 65: mean=36.41px, max=43.66px
  Marker 74: mean=2.79px, max=5.22px
  Homography calculated
  RANSAC inliers: 36/68
  Saved: image_11_registered.JPG
  Mean marker error: 7.82px
  Max marker error: 43.66px

Saved image scales: homographies\drawer_003\image_scales.json

==================================================
Processing drawer_004
==================================================
Reference image: image_01.JPG
Markers: [8, 9, 10, 11, 12, 13, 14, 15, 16, 19, 20, 21, 22, 23, 24, 25, 26, 27, 28, 29, 31, 32, 34, 35, 36, 37, 38, 39, 40, 41, 42, 43, 44, 45, 46, 47, 48, 49, 51, 52, 53, 54, 55, 56, 60, 62, 64, 65, 66, 67, 68, 70, 71, 72, 73, 74, 75, 76, 77, 78, 80]

image_02.JPG
  Shared markers: [8, 9, 10, 12, 14, 19, 21, 23, 25, 29, 31, 42, 44, 46, 47, 48, 52, 53, 54, 55, 56, 64, 68, 71, 72, 73, 74, 75, 76, 77, 80]
  ArUco scale relative to reference: 1.707x
  Using 124 corresponding points
  Removing bad markers: [9, 21, 23, 25, 42, 52, 53, 64, 71, 73, 76, 77]
  Recalculated using: [8, 10, 12, 14, 19, 29, 31, 44, 46, 47, 48, 54, 55, 56, 68, 72, 74, 75, 80]
  Marker 8: mean=3.27px, max=5.93px
  Marker 9: mean=11.12px, max=16.76px
  Marker 10: mean=3.55px, max=6.12px
  Marker 12: mean=4.94px, max=7.22px
  Marker 14: mean=4.22px, max=8.28px
  Marker 19: mean=5.39px, max=9.11px
  Marker 21: mean=31.32px, max=39.18px
  Marker 23: mean=15.28px, max=20.90px
  Marker 25: mean=13.06px, max=18.68px
  Marker 29: mean=3.44px, max=6.59px
  Marker 31: mean=2.73px, max=5.50px
  Marker 42: mean=11.07px, max=16.22px
  Marker 44: mean=2.75px, max=5.64px
  Marker 46: mean=4.90px, max=6.13px
  Marker 47: mean=3.01px, max=5.11px
  Marker 48: mean=1.98px, max=3.13px
  Marker 52: mean=11.19px, max=16.38px
  Marker 53: mean=29.53px, max=37.28px
  Marker 54: mean=4.22px, max=5.99px
  Marker 55: mean=2.15px, max=4.37px
  Marker 56: mean=2.16px, max=3.55px
  Marker 64: mean=35.04px, max=41.97px
  Marker 68: mean=4.58px, max=7.92px
  Marker 71: mean=11.92px, max=16.10px
  Marker 72: mean=2.25px, max=3.15px
  Marker 73: mean=12.82px, max=17.79px
  Marker 74: mean=2.02px, max=3.91px
  Marker 75: mean=4.04px, max=5.54px
  Marker 76: mean=30.71px, max=37.73px
  Marker 77: mean=10.51px, max=15.13px
  Marker 80: mean=1.99px, max=3.54px
  Homography calculated
  RANSAC inliers: 41/76
  Saved: image_02_registered.JPG
  Mean marker error: 9.26px
  Max marker error: 41.97px

image_03.JPG
  Shared markers: [8, 9, 10, 11, 12, 13, 14, 15, 16, 19, 20, 22, 24, 26, 27, 28, 29, 32, 34, 35, 36, 37, 38, 39, 40, 41, 45, 47, 65, 67, 68, 72]
  ArUco scale relative to reference: 1.719x
  Using 128 corresponding points
  Removing bad markers: [19, 32, 34, 35, 36, 37, 38, 39, 40, 41, 45, 47, 65, 67, 68, 72]
  Recalculated using: [8, 9, 10, 11, 12, 13, 14, 15, 16, 20, 22, 24, 26, 27, 28, 29]
  Marker 8: mean=4.32px, max=4.82px
  Marker 9: mean=1.46px, max=1.99px
  Marker 10: mean=7.07px, max=9.29px
  Marker 11: mean=1.42px, max=2.54px
  Marker 12: mean=0.97px, max=1.53px
  Marker 13: mean=1.24px, max=1.92px
  Marker 14: mean=1.26px, max=2.63px
  Marker 15: mean=4.79px, max=5.26px
  Marker 16: mean=3.25px, max=5.95px
  Marker 19: mean=18.56px, max=22.05px
  Marker 20: mean=1.70px, max=2.78px
  Marker 22: mean=4.36px, max=7.06px
  Marker 24: mean=2.90px, max=4.37px
  Marker 26: mean=1.47px, max=2.75px
  Marker 27: mean=1.45px, max=2.38px
  Marker 28: mean=1.57px, max=2.38px
  Marker 29: mean=7.86px, max=10.23px
  Marker 32: mean=82.27px, max=92.03px
  Marker 34: mean=11.56px, max=15.28px
  Marker 35: mean=42.56px, max=49.30px
  Marker 36: mean=72.02px, max=81.18px
  Marker 37: mean=26.08px, max=31.38px
  Marker 38: mean=48.35px, max=55.63px
  Marker 39: mean=23.72px, max=28.78px
  Marker 40: mean=12.29px, max=16.14px
  Marker 41: mean=96.00px, max=105.61px
  Marker 45: mean=111.92px, max=123.68px
  Marker 47: mean=104.05px, max=115.64px
  Marker 65: mean=11.67px, max=14.32px
  Marker 67: mean=114.03px, max=126.29px
  Marker 68: mean=90.83px, max=99.34px
  Marker 72: mean=93.58px, max=103.51px
  Homography calculated
  RANSAC inliers: 36/64
  Saved: image_03_registered.JPG
  Mean marker error: 31.46px
  Max marker error: 126.29px

image_04.JPG
  Shared markers: [8, 10, 12, 14, 19, 21, 23, 25, 29, 31, 42, 44, 46, 48, 52, 53, 54, 55, 56, 74, 75, 77, 80]
  ArUco scale relative to reference: 1.700x
  Using 92 corresponding points
  Removing bad markers: [8, 14, 48, 55, 77]
  Recalculated using: [10, 12, 19, 21, 23, 25, 29, 31, 42, 44, 46, 52, 53, 54, 56, 74, 75, 80]
  Marker 8: mean=17.05px, max=20.86px
  Marker 10: mean=0.92px, max=1.70px
  Marker 12: mean=6.00px, max=8.40px
  Marker 14: mean=14.45px, max=18.20px
  Marker 19: mean=1.06px, max=1.80px
  Marker 21: mean=2.78px, max=5.17px
  Marker 23: mean=1.14px, max=1.73px
  Marker 25: mean=1.62px, max=2.80px
  Marker 29: mean=5.15px, max=7.55px
  Marker 31: mean=2.52px, max=3.36px
  Marker 42: mean=1.63px, max=2.86px
  Marker 44: mean=1.26px, max=2.13px
  Marker 46: mean=1.18px, max=2.39px
  Marker 48: mean=25.04px, max=29.86px
  Marker 52: mean=1.21px, max=1.85px
  Marker 53: mean=2.88px, max=5.17px
  Marker 54: mean=1.90px, max=2.84px
  Marker 55: mean=17.94px, max=22.28px
  Marker 56: mean=1.57px, max=2.88px
  Marker 74: mean=2.67px, max=3.52px
  Marker 75: mean=7.55px, max=10.33px
  Marker 77: mean=45.79px, max=52.68px
  Marker 80: mean=6.20px, max=8.89px
  Homography calculated
  RANSAC inliers: 48/72
  Saved: image_04_registered.JPG
  Mean marker error: 7.37px
  Max marker error: 52.68px

image_05.JPG
  Shared markers: [8, 10, 12, 25, 31, 42, 44, 46, 47, 48, 49, 52, 53, 54, 55, 56, 62, 64, 66, 68, 70, 71, 72, 73, 74, 75, 76, 77, 78, 80]
  ArUco scale relative to reference: 1.715x
  Using 120 corresponding points
  Removing bad markers: [25, 31, 42, 49, 52, 53, 64, 66, 76, 78]
  Recalculated using: [8, 10, 12, 44, 46, 47, 48, 54, 55, 56, 62, 68, 70, 71, 72, 73, 74, 75, 77, 80]
  Marker 8: mean=7.10px, max=12.60px
  Marker 10: mean=3.73px, max=7.43px
  Marker 12: mean=3.50px, max=6.11px
  Marker 25: mean=23.31px, max=30.17px
  Marker 31: mean=10.04px, max=15.02px
  Marker 42: mean=19.47px, max=25.63px
  Marker 44: mean=6.64px, max=10.70px
  Marker 46: mean=2.86px, max=4.22px
  Marker 47: mean=2.01px, max=3.20px
  Marker 48: mean=1.80px, max=2.94px
  Marker 49: mean=10.78px, max=14.34px
  Marker 52: mean=18.41px, max=24.41px
  Marker 53: mean=41.29px, max=50.34px
  Marker 54: mean=1.91px, max=3.24px
  Marker 55: mean=2.05px, max=3.78px
  Marker 56: mean=2.05px, max=4.15px
  Marker 62: mean=9.65px, max=13.47px
  Marker 64: mean=24.29px, max=30.15px
  Marker 66: mean=26.14px, max=31.68px
  Marker 68: mean=2.62px, max=4.89px
  Marker 70: mean=8.13px, max=10.88px
  Marker 71: mean=6.21px, max=9.88px
  Marker 72: mean=2.15px, max=4.13px
  Marker 73: mean=8.27px, max=12.41px
  Marker 74: mean=5.82px, max=9.81px
  Marker 75: mean=3.10px, max=4.38px
  Marker 76: mean=21.77px, max=27.57px
  Marker 77: mean=7.24px, max=11.26px
  Marker 78: mean=46.70px, max=54.66px
  Marker 80: mean=1.83px, max=2.11px
  Homography calculated
  RANSAC inliers: 31/80
  Saved: image_05_registered.JPG
  Mean marker error: 11.03px
  Max marker error: 54.66px

image_06.JPG
  Shared markers: [46, 47, 48, 49, 54, 55, 56, 62, 64, 66, 68, 70, 71, 72, 73, 75, 76, 77, 78, 80]
  ArUco scale relative to reference: 1.689x
  Using 80 corresponding points
  Removing bad markers: [54, 78]
  Recalculated using: [46, 47, 48, 49, 55, 56, 62, 64, 66, 68, 70, 71, 72, 73, 75, 76, 77, 80]
  Marker 46: mean=1.91px, max=3.88px
  Marker 47: mean=5.78px, max=6.97px
  Marker 48: mean=3.21px, max=4.22px
  Marker 49: mean=2.95px, max=4.39px
  Marker 54: mean=11.90px, max=16.13px
  Marker 55: mean=1.42px, max=2.28px
  Marker 56: mean=9.57px, max=13.45px
  Marker 62: mean=3.23px, max=6.13px
  Marker 64: mean=2.63px, max=5.35px
  Marker 66: mean=2.47px, max=5.10px
  Marker 68: mean=2.88px, max=5.56px
  Marker 70: mean=1.62px, max=2.98px
  Marker 71: mean=4.95px, max=6.37px
  Marker 72: mean=3.56px, max=5.34px
  Marker 73: mean=1.83px, max=3.60px
  Marker 75: mean=1.90px, max=3.09px
  Marker 76: mean=3.42px, max=6.13px
  Marker 77: mean=1.40px, max=2.22px
  Marker 78: mean=11.32px, max=15.40px
  Marker 80: mean=2.13px, max=3.99px
  Homography calculated
  RANSAC inliers: 43/72
  Saved: image_06_registered.JPG
  Mean marker error: 4.00px
  Max marker error: 16.13px

image_07.JPG
  Shared markers: [16, 32, 34, 35, 36, 37, 38, 39, 40, 41, 43, 45, 46, 47, 48, 49, 51, 55, 60, 62, 64, 66, 67, 68, 70, 71, 72, 73, 75, 76, 77, 78, 80]
  ArUco scale relative to reference: 1.705x
  Using 132 corresponding points
  Removing bad markers: [51, 64, 66, 67, 76, 78]
  Recalculated using: [16, 32, 34, 35, 36, 37, 38, 39, 40, 41, 43, 45, 46, 47, 48, 49, 55, 60, 62, 68, 70, 71, 72, 73, 75, 77, 80]
  Marker 16: mean=2.09px, max=3.68px
  Marker 32: mean=3.44px, max=6.89px
  Marker 34: mean=2.87px, max=5.90px
  Marker 35: mean=2.13px, max=3.28px
  Marker 36: mean=5.94px, max=9.67px
  Marker 37: mean=5.67px, max=7.45px
  Marker 38: mean=3.25px, max=5.77px
  Marker 39: mean=2.11px, max=2.54px
  Marker 40: mean=4.89px, max=7.07px
  Marker 41: mean=3.68px, max=6.46px
  Marker 43: mean=6.34px, max=10.63px
  Marker 45: mean=6.57px, max=10.94px
  Marker 46: mean=3.83px, max=6.27px
  Marker 47: mean=7.67px, max=9.63px
  Marker 48: mean=2.57px, max=4.71px
  Marker 49: mean=2.19px, max=3.80px
  Marker 51: mean=27.21px, max=33.39px
  Marker 55: mean=2.74px, max=4.64px
  Marker 60: mean=2.33px, max=4.30px
  Marker 62: mean=4.41px, max=6.59px
  Marker 64: mean=14.36px, max=19.88px
  Marker 66: mean=12.64px, max=18.01px
  Marker 67: mean=15.70px, max=20.65px
  Marker 68: mean=8.19px, max=10.15px
  Marker 70: mean=3.92px, max=6.40px
  Marker 71: mean=2.57px, max=4.92px
  Marker 72: mean=9.18px, max=10.80px
  Marker 73: mean=4.30px, max=8.11px
  Marker 75: mean=3.23px, max=5.24px
  Marker 76: mean=15.76px, max=21.47px
  Marker 77: mean=5.24px, max=9.15px
  Marker 78: mean=33.20px, max=41.19px
  Marker 80: mean=4.71px, max=8.44px
  Homography calculated
  RANSAC inliers: 47/108
  Saved: image_07_registered.JPG
  Mean marker error: 7.12px
  Max marker error: 41.19px

image_08.JPG
  Shared markers: [16, 20, 22, 26, 32, 34, 35, 36, 37, 38, 39, 40, 41, 43, 45, 51, 60, 62, 67, 68, 72]
  ArUco scale relative to reference: 1.710x
  Using 84 corresponding points
  Removing bad markers: [20, 22, 26, 51]
  Recalculated using: [16, 32, 34, 35, 36, 37, 38, 39, 40, 41, 43, 45, 60, 62, 67, 68, 72]
  Marker 16: mean=5.44px, max=8.31px
  Marker 20: mean=27.96px, max=32.94px
  Marker 22: mean=13.32px, max=17.01px
  Marker 26: mean=15.84px, max=19.64px
  Marker 32: mean=1.50px, max=2.23px
  Marker 34: mean=6.07px, max=8.65px
  Marker 35: mean=1.45px, max=1.94px
  Marker 36: mean=1.80px, max=3.59px
  Marker 37: mean=1.89px, max=3.61px
  Marker 38: mean=2.36px, max=3.87px
  Marker 39: mean=2.29px, max=4.01px
  Marker 40: mean=1.66px, max=2.88px
  Marker 41: mean=2.04px, max=3.58px
  Marker 43: mean=3.30px, max=5.66px
  Marker 45: mean=2.30px, max=4.61px
  Marker 51: mean=11.72px, max=15.15px
  Marker 60: mean=1.99px, max=3.50px
  Marker 62: mean=3.64px, max=6.41px
  Marker 67: mean=5.87px, max=8.39px
  Marker 68: mean=2.13px, max=3.86px
  Marker 72: mean=1.70px, max=3.42px
  Homography calculated
  RANSAC inliers: 43/68
  Saved: image_08_registered.JPG
  Mean marker error: 5.54px
  Max marker error: 32.94px

image_09.JPG
  Shared markers: [8, 11, 12, 13, 15, 16, 20, 22, 24, 26, 27, 28, 32, 34, 35, 36, 37, 38, 39, 40, 41, 43, 45, 51, 60, 67, 68, 72]
  ArUco scale relative to reference: 1.719x
  Using 112 corresponding points
  Removing bad markers: [8, 11, 12, 13, 15, 16, 20, 22, 24, 26, 27, 28, 34, 39, 40]
  Recalculated using: [32, 35, 36, 37, 38, 41, 43, 45, 51, 60, 67, 68, 72]
  Marker 8: mean=163.13px, max=175.92px
  Marker 11: mean=164.35px, max=176.35px
  Marker 12: mean=180.49px, max=195.88px
  Marker 13: mean=196.71px, max=208.75px
  Marker 15: mean=158.57px, max=169.47px
  Marker 16: mean=25.13px, max=30.19px
  Marker 20: mean=70.79px, max=79.29px
  Marker 22: mean=40.68px, max=47.03px
  Marker 24: mean=84.68px, max=93.69px
  Marker 26: mean=49.50px, max=56.37px
  Marker 27: mean=138.54px, max=149.91px
  Marker 28: mean=114.53px, max=125.52px
  Marker 32: mean=1.21px, max=2.28px
  Marker 34: mean=22.40px, max=27.11px
  Marker 35: mean=4.98px, max=7.29px
  Marker 36: mean=2.15px, max=3.49px
  Marker 37: mean=3.82px, max=6.33px
  Marker 38: mean=1.36px, max=1.87px
  Marker 39: mean=11.00px, max=14.39px
  Marker 40: mean=11.33px, max=15.02px
  Marker 41: mean=2.59px, max=3.26px
  Marker 43: mean=1.31px, max=1.94px
  Marker 45: mean=1.78px, max=2.92px
  Marker 51: mean=3.44px, max=5.71px
  Marker 60: mean=1.79px, max=3.25px
  Marker 67: mean=1.65px, max=2.72px
  Marker 68: mean=1.30px, max=2.33px
  Marker 72: mean=8.47px, max=11.65px
  Homography calculated
  RANSAC inliers: 35/52
  Saved: image_09_registered.JPG
  Mean marker error: 52.42px
  Max marker error: 208.75px

image_10.JPG
  Shared markers: [8, 9, 11, 12, 13, 14, 15, 16, 20, 22, 24, 26, 27, 28, 29, 34, 35, 37, 39, 40, 65]
  ArUco scale relative to reference: 1.713x
  Using 84 corresponding points
  Removing bad markers: [29, 34, 35, 37, 39, 40]
  Recalculated using: [8, 9, 11, 12, 13, 14, 15, 16, 20, 22, 24, 26, 27, 28, 65]
  Marker 8: mean=0.63px, max=1.10px
  Marker 9: mean=1.30px, max=2.55px
  Marker 11: mean=0.97px, max=1.87px
  Marker 12: mean=4.89px, max=6.59px
  Marker 13: mean=1.23px, max=2.38px
  Marker 14: mean=4.77px, max=6.46px
  Marker 15: mean=2.09px, max=3.08px
  Marker 16: mean=3.20px, max=5.73px
  Marker 20: mean=1.95px, max=3.56px
  Marker 22: mean=4.61px, max=7.16px
  Marker 24: mean=1.45px, max=2.82px
  Marker 26: mean=1.57px, max=1.91px
  Marker 27: mean=1.21px, max=1.73px
  Marker 28: mean=1.44px, max=2.56px
  Marker 29: mean=11.65px, max=14.30px
  Marker 34: mean=10.91px, max=14.51px
  Marker 35: mean=44.20px, max=51.78px
  Marker 37: mean=25.93px, max=31.60px
  Marker 39: mean=22.94px, max=28.12px
  Marker 40: mean=11.47px, max=15.29px
  Marker 65: mean=5.35px, max=7.28px
  Homography calculated
  RANSAC inliers: 41/60
  Saved: image_10_registered.JPG
  Mean marker error: 7.80px
  Max marker error: 51.78px

image_11.JPG
  Shared markers: [8, 9, 10, 11, 12, 13, 14, 15, 16, 19, 20, 21, 22, 23, 24, 25, 26, 27, 28, 29, 31, 34, 40, 42, 46, 54, 65, 74]
  ArUco scale relative to reference: 1.707x
  Using 112 corresponding points
  Removing bad markers: [11, 13, 21, 23, 25, 27, 28, 42, 65]
  Recalculated using: [8, 9, 10, 12, 14, 15, 16, 19, 20, 22, 24, 26, 29, 31, 34, 40, 46, 54, 74]
  Marker 8: mean=4.26px, max=6.26px
  Marker 9: mean=3.48px, max=6.86px
  Marker 10: mean=3.95px, max=6.07px
  Marker 11: mean=11.37px, max=15.69px
  Marker 12: mean=5.50px, max=7.13px
  Marker 13: mean=12.12px, max=16.49px
  Marker 14: mean=2.27px, max=2.73px
  Marker 15: mean=2.11px, max=4.36px
  Marker 16: mean=2.50px, max=4.70px
  Marker 19: mean=2.77px, max=5.53px
  Marker 20: mean=5.95px, max=9.41px
  Marker 21: mean=28.44px, max=34.81px
  Marker 22: mean=3.53px, max=6.46px
  Marker 23: mean=11.87px, max=16.38px
  Marker 24: mean=3.36px, max=6.66px
  Marker 25: mean=11.98px, max=16.63px
  Marker 26: mean=2.32px, max=3.67px
  Marker 27: mean=12.23px, max=16.85px
  Marker 28: mean=12.36px, max=16.86px
  Marker 29: mean=2.25px, max=2.58px
  Marker 31: mean=2.12px, max=4.05px
  Marker 34: mean=5.32px, max=9.17px
  Marker 40: mean=2.76px, max=5.01px
  Marker 42: mean=12.27px, max=16.51px
  Marker 46: mean=0.92px, max=2.02px
  Marker 54: mean=1.38px, max=2.18px
  Marker 65: mean=31.53px, max=37.89px
  Marker 74: mean=3.50px, max=6.07px
  Homography calculated
  RANSAC inliers: 43/76
  Saved: image_11_registered.JPG
  Mean marker error: 7.30px
  Max marker error: 37.89px

Saved image scales: homographies\drawer_004\image_scales.json

==================================================
Processing drawer_005
==================================================
Reference image: image_01.JPG
Markers: [8, 9, 10, 11, 12, 13, 14, 15, 16, 19, 20, 21, 22, 23, 24, 25, 26, 27, 28, 29, 31, 32, 34, 35, 36, 37, 38, 39, 40, 41, 42, 43, 44, 45, 46, 47, 48, 49, 51, 52, 53, 54, 55, 56, 60, 62, 64, 65, 66, 67, 68, 70, 71, 72, 73, 74, 75, 76, 77, 78, 80]

image_02.JPG
  Shared markers: [8, 11, 15, 16, 20, 22, 24, 26, 27, 28, 32, 34, 35, 36, 37, 38, 39, 40, 41, 43, 45, 47, 49, 60, 62, 68, 70, 72]
  ArUco scale relative to reference: 1.779x
  Using 112 corresponding points
  Removing bad markers: [8, 11, 15, 20, 22, 24, 26, 27, 28, 47, 49, 70]
  Recalculated using: [16, 32, 34, 35, 36, 37, 38, 39, 40, 41, 43, 45, 60, 62, 68, 72]
  Marker 8: mean=98.48px, max=107.41px
  Marker 11: mean=113.90px, max=125.57px
  Marker 15: mean=100.36px, max=108.61px
  Marker 16: mean=7.94px, max=11.48px
  Marker 20: mean=42.21px, max=49.80px
  Marker 22: mean=20.13px, max=25.34px
  Marker 24: mean=50.52px, max=58.41px
  Marker 26: mean=24.18px, max=29.74px
  Marker 27: mean=95.80px, max=107.04px
  Marker 28: mean=78.25px, max=88.59px
  Marker 32: mean=1.95px, max=3.81px
  Marker 34: mean=8.47px, max=12.15px
  Marker 35: mean=1.84px, max=2.09px
  Marker 36: mean=2.00px, max=3.29px
  Marker 37: mean=2.58px, max=4.17px
  Marker 38: mean=3.44px, max=4.76px
  Marker 39: mean=2.51px, max=4.92px
  Marker 40: mean=1.77px, max=3.14px
  Marker 41: mean=4.01px, max=5.25px
  Marker 43: mean=2.11px, max=4.27px
  Marker 45: mean=1.65px, max=3.32px
  Marker 47: mean=10.83px, max=14.11px
  Marker 49: mean=25.55px, max=31.02px
  Marker 60: mean=1.60px, max=2.18px
  Marker 62: mean=2.58px, max=4.99px
  Marker 68: mean=3.04px, max=4.25px
  Marker 70: mean=10.18px, max=13.89px
  Marker 72: mean=1.97px, max=3.88px
  Homography calculated
  RANSAC inliers: 35/64
  Saved: image_02_registered.JPG
  Mean marker error: 25.71px
  Max marker error: 125.57px

image_03.JPG
  Shared markers: [8, 10, 12, 25, 31, 42, 44, 46, 47, 48, 54, 55, 56, 64, 68, 71, 72, 73, 74, 75, 76, 77, 80]
  ArUco scale relative to reference: 1.797x
  Using 92 corresponding points
  Removing bad markers: [25, 42, 64, 71, 73, 76, 77]
  Recalculated using: [8, 10, 12, 31, 44, 46, 47, 48, 54, 55, 56, 68, 72, 74, 75, 80]
  Marker 8: mean=3.51px, max=6.36px
  Marker 10: mean=3.19px, max=5.15px
  Marker 12: mean=4.14px, max=7.29px
  Marker 25: mean=23.62px, max=31.11px
  Marker 31: mean=7.13px, max=12.60px
  Marker 42: mean=21.73px, max=28.81px
  Marker 44: mean=9.50px, max=14.50px
  Marker 46: mean=4.02px, max=6.69px
  Marker 47: mean=2.67px, max=5.34px
  Marker 48: mean=2.82px, max=5.79px
  Marker 54: mean=2.74px, max=4.81px
  Marker 55: mean=4.49px, max=8.47px
  Marker 56: mean=3.49px, max=7.10px
  Marker 64: mean=35.54px, max=42.71px
  Marker 68: mean=2.63px, max=5.54px
  Marker 71: mean=11.60px, max=16.33px
  Marker 72: mean=2.15px, max=2.30px
  Marker 73: mean=15.12px, max=20.99px
  Marker 74: mean=7.03px, max=12.23px
  Marker 75: mean=3.36px, max=6.23px
  Marker 76: mean=33.27px, max=41.21px
  Marker 77: mean=13.98px, max=19.49px
  Marker 80: mean=3.10px, max=4.64px
  Homography calculated
  RANSAC inliers: 28/64
  Saved: image_03_registered.JPG
  Mean marker error: 9.60px
  Max marker error: 42.71px

image_04.JPG
  Shared markers: [16, 20, 22, 26, 32, 34, 35, 36, 37, 38, 39, 40, 41, 43, 45, 51, 60, 62, 67, 68, 70, 72]
  ArUco scale relative to reference: 1.773x
  Using 88 corresponding points
  Removing bad markers: [20, 26, 51]
  Recalculated using: [16, 22, 32, 34, 35, 36, 37, 38, 39, 40, 41, 43, 45, 60, 62, 67, 68, 70, 72]
  Marker 16: mean=2.29px, max=4.36px
  Marker 20: mean=26.78px, max=31.54px
  Marker 22: mean=9.74px, max=13.03px
  Marker 26: mean=13.07px, max=16.48px
  Marker 32: mean=2.10px, max=4.06px
  Marker 34: mean=2.52px, max=4.69px
  Marker 35: mean=1.93px, max=3.06px
  Marker 36: mean=1.55px, max=2.77px
  Marker 37: mean=3.20px, max=4.23px
  Marker 38: mean=3.84px, max=4.95px
  Marker 39: mean=1.36px, max=2.43px
  Marker 40: mean=1.56px, max=2.70px
  Marker 41: mean=3.55px, max=5.07px
  Marker 43: mean=2.10px, max=4.01px
  Marker 45: mean=1.66px, max=2.87px
  Marker 51: mean=11.49px, max=15.66px
  Marker 60: mean=1.85px, max=2.15px
  Marker 62: mean=2.26px, max=4.58px
  Marker 67: mean=4.09px, max=6.96px
  Marker 68: mean=3.62px, max=5.08px
  Marker 70: mean=8.47px, max=12.62px
  Marker 72: mean=1.71px, max=2.87px
  Homography calculated
  RANSAC inliers: 48/76
  Saved: image_04_registered.JPG
  Mean marker error: 5.03px
  Max marker error: 31.54px

image_05.JPG
  Shared markers: [8, 11, 12, 15, 16, 20, 22, 24, 26, 27, 28, 32, 34, 35, 36, 37, 38, 39, 40, 41, 45, 67, 68, 72]
  ArUco scale relative to reference: 1.783x
  Using 96 corresponding points
  Removing bad markers: [11, 27, 28, 32, 36, 41, 45, 67]
  Recalculated using: [8, 12, 15, 16, 20, 22, 24, 26, 34, 35, 37, 38, 39, 40, 68, 72]
  Marker 8: mean=2.45px, max=4.60px
  Marker 11: mean=18.63px, max=23.85px
  Marker 12: mean=2.57px, max=5.36px
  Marker 15: mean=7.36px, max=11.00px
  Marker 16: mean=4.10px, max=5.46px
  Marker 20: mean=3.79px, max=7.11px
  Marker 22: mean=1.99px, max=2.39px
  Marker 24: mean=2.95px, max=5.99px
  Marker 26: mean=2.52px, max=4.35px
  Marker 27: mean=16.14px, max=21.33px
  Marker 28: mean=13.42px, max=18.39px
  Marker 32: mean=15.22px, max=21.00px
  Marker 34: mean=1.94px, max=2.37px
  Marker 35: mean=5.41px, max=9.14px
  Marker 36: mean=15.34px, max=20.92px
  Marker 37: mean=2.19px, max=3.77px
  Marker 38: mean=3.86px, max=7.36px
  Marker 39: mean=2.05px, max=3.68px
  Marker 40: mean=3.06px, max=4.67px
  Marker 41: mean=11.52px, max=16.78px
  Marker 45: mean=25.48px, max=32.77px
  Marker 67: mean=34.06px, max=41.99px
  Marker 68: mean=4.72px, max=8.87px
  Marker 72: mean=4.03px, max=7.95px
  Homography calculated
  RANSAC inliers: 29/64
  Saved: image_05_registered.JPG
  Mean marker error: 8.53px
  Max marker error: 41.99px

image_06.JPG
  Shared markers: [8, 9, 10, 11, 12, 13, 14, 15, 16, 20, 22, 24, 26, 27, 28, 29, 34, 35, 37, 39, 40, 65]
  ArUco scale relative to reference: 1.771x
  Using 88 corresponding points
  Removing bad markers: [10, 29, 35, 37, 39, 40]
  Recalculated using: [8, 9, 11, 12, 13, 14, 15, 16, 20, 22, 24, 26, 27, 28, 34, 65]
  Marker 8: mean=1.70px, max=3.35px
  Marker 9: mean=1.75px, max=3.28px
  Marker 10: mean=23.59px, max=28.03px
  Marker 11: mean=1.59px, max=2.59px
  Marker 12: mean=9.52px, max=12.28px
  Marker 13: mean=1.08px, max=1.39px
  Marker 14: mean=7.53px, max=10.07px
  Marker 15: mean=1.85px, max=3.04px
  Marker 16: mean=3.56px, max=5.24px
  Marker 20: mean=1.31px, max=2.19px
  Marker 22: mean=3.69px, max=5.55px
  Marker 24: mean=1.35px, max=2.29px
  Marker 26: mean=1.01px, max=1.69px
  Marker 27: mean=1.22px, max=2.20px
  Marker 28: mean=0.97px, max=1.24px
  Marker 29: mean=19.65px, max=23.74px
  Marker 34: mean=9.34px, max=12.42px
  Marker 35: mean=44.90px, max=52.64px
  Marker 37: mean=27.35px, max=32.52px
  Marker 39: mean=21.44px, max=26.24px
  Marker 40: mean=11.60px, max=14.76px
  Marker 65: mean=2.32px, max=4.01px
  Homography calculated
  RANSAC inliers: 44/64
  Saved: image_06_registered.JPG
  Mean marker error: 9.01px
  Max marker error: 52.64px

image_07.JPG
  Shared markers: [8, 9, 10, 11, 12, 13, 14, 15, 16, 19, 20, 21, 22, 23, 24, 25, 26, 27, 28, 29, 31, 34, 42, 44, 46, 52, 53, 54, 56, 65, 74]
  ArUco scale relative to reference: 1.782x
  Using 124 corresponding points
  Removing bad markers: [8, 9, 11, 13, 14, 15, 16, 20, 22, 24, 26, 27, 28, 34, 65]
  Recalculated using: [10, 12, 19, 21, 23, 25, 29, 31, 42, 44, 46, 52, 53, 54, 56, 74]
  Marker 8: mean=19.72px, max=24.18px
  Marker 9: mean=34.45px, max=40.60px
  Marker 10: mean=2.53px, max=4.52px
  Marker 11: mean=68.52px, max=77.56px
  Marker 12: mean=8.67px, max=11.67px
  Marker 13: mean=60.32px, max=68.58px
  Marker 14: mean=18.59px, max=23.07px
  Marker 15: mean=37.95px, max=44.53px
  Marker 16: mean=66.05px, max=74.76px
  Marker 19: mean=3.26px, max=5.13px
  Marker 20: mean=79.69px, max=87.82px
  Marker 21: mean=2.04px, max=3.91px
  Marker 22: mean=81.71px, max=91.07px
  Marker 23: mean=1.53px, max=2.33px
  Marker 24: mean=66.04px, max=73.91px
  Marker 25: mean=1.21px, max=2.26px
  Marker 26: mean=63.46px, max=70.40px
  Marker 27: mean=78.81px, max=88.46px
  Marker 28: mean=86.80px, max=96.45px
  Marker 29: mean=9.06px, max=12.24px
  Marker 31: mean=1.31px, max=2.23px
  Marker 34: mean=95.96px, max=108.68px
  Marker 42: mean=1.61px, max=2.53px
  Marker 44: mean=1.26px, max=2.23px
  Marker 46: mean=8.01px, max=10.53px
  Marker 52: mean=1.02px, max=1.14px
  Marker 53: mean=1.83px, max=3.27px
  Marker 54: mean=1.20px, max=2.28px
  Marker 56: mean=6.65px, max=9.02px
  Marker 65: mean=111.65px, max=124.10px
  Marker 74: mean=2.31px, max=3.17px
  Homography calculated
  RANSAC inliers: 38/64
  Saved: image_07_registered.JPG
  Mean marker error: 33.01px
  Max marker error: 124.10px

image_08.JPG
  Shared markers: [10, 12, 14, 19, 21, 23, 25, 29, 31, 42, 44, 46, 48, 52, 53, 54, 55, 56, 74, 75, 77, 80]
  ArUco scale relative to reference: 1.784x
  Using 88 corresponding points
  Removing bad markers: [14, 48, 55, 75, 77]
  Recalculated using: [10, 12, 19, 21, 23, 25, 29, 31, 42, 44, 46, 52, 53, 54, 56, 74, 80]
  Marker 10: mean=1.55px, max=2.81px
  Marker 12: mean=7.18px, max=9.60px
  Marker 14: mean=15.60px, max=19.54px
  Marker 19: mean=1.60px, max=3.07px
  Marker 21: mean=2.17px, max=4.34px
  Marker 23: mean=1.38px, max=1.85px
  Marker 25: mean=1.80px, max=3.20px
  Marker 29: mean=6.63px, max=9.36px
  Marker 31: mean=2.25px, max=3.30px
  Marker 42: mean=1.78px, max=3.12px
  Marker 44: mean=1.43px, max=1.87px
  Marker 46: mean=2.20px, max=4.46px
  Marker 48: mean=30.20px, max=35.98px
  Marker 52: mean=1.40px, max=1.79px
  Marker 53: mean=2.31px, max=4.26px
  Marker 54: mean=2.03px, max=3.70px
  Marker 55: mean=23.24px, max=28.41px
  Marker 56: mean=2.89px, max=5.29px
  Marker 74: mean=3.15px, max=4.43px
  Marker 75: mean=10.74px, max=14.60px
  Marker 77: mean=53.03px, max=60.27px
  Marker 80: mean=9.65px, max=13.34px
  Homography calculated
  RANSAC inliers: 40/68
  Saved: image_08_registered.JPG
  Mean marker error: 8.37px
  Max marker error: 60.27px

image_09.JPG
  Shared markers: [10, 12, 14, 19, 21, 23, 25, 29, 31, 42, 44, 46, 47, 48, 52, 53, 54, 55, 56, 64, 71, 73, 74, 75, 76, 77, 80]
  ArUco scale relative to reference: 1.801x
  Using 108 corresponding points
  Removing bad markers: [14, 47, 48, 55, 64, 71, 73, 75, 76, 77, 80]
  Recalculated using: [10, 12, 19, 21, 23, 25, 29, 31, 42, 44, 46, 52, 53, 54, 56, 74]
  Marker 10: mean=1.86px, max=3.42px
  Marker 12: mean=9.59px, max=13.09px
  Marker 14: mean=22.70px, max=28.48px
  Marker 19: mean=2.08px, max=3.98px
  Marker 21: mean=2.04px, max=3.89px
  Marker 23: mean=1.71px, max=2.66px
  Marker 25: mean=2.91px, max=4.41px
  Marker 29: mean=9.18px, max=12.97px
  Marker 31: mean=3.03px, max=4.41px
  Marker 42: mean=2.90px, max=4.25px
  Marker 44: mean=1.66px, max=1.99px
  Marker 46: mean=3.85px, max=6.66px
  Marker 47: mean=123.94px, max=135.11px
  Marker 48: mean=37.18px, max=43.70px
  Marker 52: mean=1.45px, max=2.52px
  Marker 53: mean=1.81px, max=3.38px
  Marker 54: mean=1.85px, max=3.38px
  Marker 55: mean=28.54px, max=34.27px
  Marker 56: mean=4.24px, max=7.02px
  Marker 64: mean=137.16px, max=148.27px
  Marker 71: mean=119.08px, max=127.64px
  Marker 73: mean=77.58px, max=86.68px
  Marker 74: mean=3.46px, max=4.85px
  Marker 75: mean=14.80px, max=19.18px
  Marker 76: mean=111.22px, max=122.47px
  Marker 77: mean=60.41px, max=68.52px
  Marker 80: mean=12.68px, max=16.87px
  Homography calculated
  RANSAC inliers: 39/64
  Saved: image_09_registered.JPG
  Mean marker error: 29.59px
  Max marker error: 148.27px

image_10.JPG
  Shared markers: [44, 46, 47, 48, 49, 54, 55, 56, 62, 64, 66, 70, 71, 72, 73, 75, 76, 77, 78, 80]
  ArUco scale relative to reference: 1.795x
  Using 80 corresponding points
  Removing bad markers: [44, 54, 56]
  Recalculated using: [46, 47, 48, 49, 55, 62, 64, 66, 70, 71, 72, 73, 75, 76, 77, 78, 80]
  Marker 44: mean=41.09px, max=48.08px
  Marker 46: mean=9.03px, max=12.31px
  Marker 47: mean=2.70px, max=4.08px
  Marker 48: mean=2.40px, max=3.79px
  Marker 49: mean=1.32px, max=2.28px
  Marker 54: mean=23.22px, max=28.13px
  Marker 55: mean=2.00px, max=4.00px
  Marker 56: mean=18.93px, max=23.54px
  Marker 62: mean=9.74px, max=13.36px
  Marker 64: mean=1.20px, max=2.26px
  Marker 66: mean=1.61px, max=2.97px
  Marker 70: mean=2.95px, max=5.32px
  Marker 71: mean=3.89px, max=5.07px
  Marker 72: mean=1.52px, max=3.11px
  Marker 73: mean=2.52px, max=4.21px
  Marker 75: mean=1.90px, max=3.74px
  Marker 76: mean=1.50px, max=2.95px
  Marker 77: mean=1.55px, max=2.34px
  Marker 78: mean=5.91px, max=8.76px
  Marker 80: mean=7.36px, max=10.46px
  Homography calculated
  RANSAC inliers: 38/68
  Saved: image_10_registered.JPG
  Mean marker error: 7.12px
  Max marker error: 48.08px

image_11.JPG
  Shared markers: [32, 34, 35, 36, 37, 38, 39, 40, 41, 43, 45, 47, 48, 49, 51, 60, 62, 64, 66, 67, 68, 70, 71, 72, 73, 75]
  ArUco scale relative to reference: 1.784x
  Using 104 corresponding points
  Removing bad markers: [48, 51, 64, 66, 71, 73, 75]
  Recalculated using: [32, 34, 35, 36, 37, 38, 39, 40, 41, 43, 45, 47, 49, 60, 62, 67, 68, 70, 72]
  Marker 32: mean=1.50px, max=2.67px
  Marker 34: mean=7.46px, max=10.71px
  Marker 35: mean=1.51px, max=1.94px
  Marker 36: mean=2.46px, max=4.89px
  Marker 37: mean=2.52px, max=3.72px
  Marker 38: mean=2.75px, max=4.10px
  Marker 39: mean=1.92px, max=3.81px
  Marker 40: mean=1.09px, max=1.95px
  Marker 41: mean=3.65px, max=5.41px
  Marker 43: mean=2.74px, max=5.56px
  Marker 45: mean=2.72px, max=5.51px
  Marker 47: mean=1.55px, max=2.86px
  Marker 48: mean=27.31px, max=32.06px
  Marker 49: mean=9.41px, max=13.28px
  Marker 51: mean=17.59px, max=22.69px
  Marker 60: mean=1.78px, max=3.45px
  Marker 62: mean=1.94px, max=3.78px
  Marker 64: mean=39.03px, max=46.28px
  Marker 66: mean=30.89px, max=37.45px
  Marker 67: mean=8.64px, max=12.29px
  Marker 68: mean=5.20px, max=6.33px
  Marker 70: mean=2.33px, max=4.71px
  Marker 71: mean=11.75px, max=16.07px
  Marker 72: mean=4.00px, max=5.69px
  Marker 73: mean=32.52px, max=38.70px
  Marker 75: mean=30.87px, max=37.35px
  Homography calculated
  RANSAC inliers: 41/76
  Saved: image_11_registered.JPG
  Mean marker error: 9.81px
  Max marker error: 46.28px

Saved image scales: homographies\drawer_005\image_scales.json

==================================================
Processing drawer_006
==================================================
Reference image: image_01.JPG
Markers: [8, 9, 10, 11, 12, 13, 14, 15, 16, 19, 20, 21, 22, 23, 24, 25, 26, 27, 28, 29, 31, 32, 34, 35, 36, 37, 38, 39, 40, 41, 42, 43, 44, 45, 46, 47, 48, 49, 51, 52, 53, 54, 55, 56, 60, 62, 64, 65, 66, 67, 68, 70, 71, 72, 73, 74, 75, 76, 77, 78, 80]

image_02.JPG
  Shared markers: [11, 15, 16, 24, 26, 27, 32, 35, 36, 37, 38, 39, 40, 41, 43, 45, 47, 49, 60, 62, 68, 70, 72]
  ArUco scale relative to reference: 1.795x
  Using 92 corresponding points
  Removing bad markers: [11, 15, 24, 26, 27, 47, 49, 70]
  Recalculated using: [16, 32, 35, 36, 37, 38, 39, 40, 41, 43, 45, 60, 62, 68, 72]
  Marker 11: mean=91.12px, max=101.45px
  Marker 15: mean=77.17px, max=84.69px
  Marker 16: mean=3.53px, max=6.46px
  Marker 24: mean=37.37px, max=44.60px
  Marker 26: mean=15.93px, max=20.81px
  Marker 27: mean=76.52px, max=86.57px
  Marker 32: mean=2.04px, max=3.85px
  Marker 35: mean=1.71px, max=2.98px
  Marker 36: mean=1.93px, max=3.27px
  Marker 37: mean=3.60px, max=4.96px
  Marker 38: mean=4.03px, max=5.33px
  Marker 39: mean=1.79px, max=2.48px
  Marker 40: mean=1.95px, max=3.48px
  Marker 41: mean=2.50px, max=4.09px
  Marker 43: mean=3.97px, max=7.36px
  Marker 45: mean=2.64px, max=5.40px
  Marker 47: mean=13.50px, max=17.44px
  Marker 49: mean=29.90px, max=36.27px
  Marker 60: mean=2.29px, max=4.30px
  Marker 62: mean=5.57px, max=8.92px
  Marker 68: mean=1.57px, max=3.11px
  Marker 70: mean=13.94px, max=18.28px
  Marker 72: mean=4.10px, max=6.66px
  Homography calculated
  RANSAC inliers: 35/60
  Saved: image_02_registered.JPG
  Mean marker error: 17.33px
  Max marker error: 101.45px

image_03.JPG
  Shared markers: [8, 10, 12, 25, 31, 42, 44, 46, 47, 48, 52, 53, 54, 55, 56, 64, 68, 71, 72, 73, 74, 75, 76, 77, 80]
  ArUco scale relative to reference: 1.804x
  Using 100 corresponding points
  Removing bad markers: [25, 31, 42, 44, 52, 53, 64, 71, 73, 74, 76, 77]
  Recalculated using: [8, 10, 12, 46, 47, 48, 54, 55, 56, 68, 72, 75, 80]
  Marker 8: mean=4.58px, max=9.11px
  Marker 10: mean=4.23px, max=8.37px
  Marker 12: mean=3.34px, max=5.14px
  Marker 25: mean=28.65px, max=36.32px
  Marker 31: mean=12.18px, max=17.93px
  Marker 42: mean=25.98px, max=33.12px
  Marker 44: mean=12.15px, max=17.28px
  Marker 46: mean=2.91px, max=5.59px
  Marker 47: mean=2.32px, max=3.82px
  Marker 48: mean=2.77px, max=5.46px
  Marker 52: mean=25.96px, max=33.12px
  Marker 53: mean=50.26px, max=60.05px
  Marker 54: mean=2.50px, max=4.23px
  Marker 55: mean=4.64px, max=8.58px
  Marker 56: mean=4.83px, max=8.77px
  Marker 64: mean=34.54px, max=41.49px
  Marker 68: mean=2.45px, max=3.71px
  Marker 71: mean=10.21px, max=14.76px
  Marker 72: mean=2.19px, max=4.29px
  Marker 73: mean=14.46px, max=20.13px
  Marker 74: mean=10.14px, max=15.39px
  Marker 75: mean=3.01px, max=5.54px
  Marker 76: mean=32.33px, max=39.97px
  Marker 77: mean=13.46px, max=18.79px
  Marker 80: mean=2.95px, max=5.40px
  Homography calculated
  RANSAC inliers: 25/52
  Saved: image_03_registered.JPG
  Mean marker error: 12.52px
  Max marker error: 60.05px

image_04.JPG
  Shared markers: [16, 22, 26, 32, 34, 35, 36, 37, 38, 39, 40, 41, 43, 45, 51, 60, 62, 67, 68, 70, 72]
  ArUco scale relative to reference: 1.781x
  Using 84 corresponding points
  Removing bad markers: [22, 26, 70]
  Recalculated using: [16, 32, 34, 35, 36, 37, 38, 39, 40, 41, 43, 45, 51, 60, 62, 67, 68, 72]
  Marker 16: mean=8.50px, max=11.28px
  Marker 22: mean=18.67px, max=23.16px
  Marker 26: mean=24.81px, max=29.51px
  Marker 32: mean=1.46px, max=2.89px
  Marker 34: mean=7.49px, max=10.30px
  Marker 35: mean=1.17px, max=1.32px
  Marker 36: mean=1.19px, max=1.82px
  Marker 37: mean=1.10px, max=1.90px
  Marker 38: mean=1.90px, max=2.71px
  Marker 39: mean=2.43px, max=4.02px
  Marker 40: mean=2.03px, max=3.74px
  Marker 41: mean=2.31px, max=3.29px
  Marker 43: mean=1.60px, max=2.60px
  Marker 45: mean=1.17px, max=1.84px
  Marker 51: mean=7.85px, max=11.07px
  Marker 60: mean=1.52px, max=2.46px
  Marker 62: mean=4.70px, max=7.60px
  Marker 67: mean=2.83px, max=4.98px
  Marker 68: mean=1.24px, max=2.26px
  Marker 70: mean=13.27px, max=17.29px
  Marker 72: mean=4.44px, max=7.03px
  Homography calculated
  RANSAC inliers: 45/72
  Saved: image_04_registered.JPG
  Mean marker error: 5.32px
  Max marker error: 29.51px

image_05.JPG
  Shared markers: [16, 20, 22, 24, 26, 27, 28, 32, 34, 35, 36, 37, 38, 39, 40, 41, 43, 45, 47, 51, 60, 62, 67, 68, 70, 72]
  ArUco scale relative to reference: 1.792x
  Using 104 corresponding points
  Removing bad markers: [20, 24, 27, 28, 51, 67]
  Recalculated using: [16, 22, 26, 32, 34, 35, 36, 37, 38, 39, 40, 41, 43, 45, 47, 60, 62, 68, 70, 72]
  Marker 16: mean=1.92px, max=3.66px
  Marker 20: mean=20.14px, max=24.98px
  Marker 22: mean=8.25px, max=11.49px
  Marker 24: mean=23.95px, max=29.04px
  Marker 26: mean=9.48px, max=12.79px
  Marker 27: mean=52.52px, max=59.74px
  Marker 28: mean=42.01px, max=48.99px
  Marker 32: mean=2.55px, max=5.12px
  Marker 34: mean=3.06px, max=4.98px
  Marker 35: mean=1.61px, max=2.10px
  Marker 36: mean=3.39px, max=6.66px
  Marker 37: mean=2.75px, max=4.01px
  Marker 38: mean=2.54px, max=4.18px
  Marker 39: mean=1.47px, max=1.97px
  Marker 40: mean=1.31px, max=2.51px
  Marker 41: mean=2.12px, max=3.96px
  Marker 43: mean=8.43px, max=12.89px
  Marker 45: mean=6.37px, max=10.61px
  Marker 47: mean=5.19px, max=9.79px
  Marker 51: mean=26.25px, max=33.16px
  Marker 60: mean=3.57px, max=6.92px
  Marker 62: mean=3.81px, max=7.54px
  Marker 67: mean=12.43px, max=17.34px
  Marker 68: mean=3.89px, max=5.91px
  Marker 70: mean=9.99px, max=15.15px
  Marker 72: mean=2.64px, max=5.04px
  Homography calculated
  RANSAC inliers: 39/80
  Saved: image_05_registered.JPG
  Mean marker error: 10.06px
  Max marker error: 59.74px

image_06.JPG
  Shared markers: [8, 9, 10, 11, 12, 13, 14, 15, 16, 19, 20, 22, 24, 26, 27, 28, 29, 34, 35, 37, 39, 40, 65]
  ArUco scale relative to reference: 1.769x
  Using 92 corresponding points
  Removing bad markers: [10, 19, 29, 35, 37, 39, 65]
  Recalculated using: [8, 9, 11, 12, 13, 14, 15, 16, 20, 22, 24, 26, 27, 28, 34, 40]
  Marker 8: mean=0.79px, max=1.63px
  Marker 9: mean=1.29px, max=1.89px
  Marker 10: mean=14.44px, max=16.99px
  Marker 11: mean=1.25px, max=2.13px
  Marker 12: mean=5.38px, max=7.12px
  Marker 13: mean=1.52px, max=2.84px
  Marker 14: mean=4.33px, max=6.18px
  Marker 15: mean=2.77px, max=3.70px
  Marker 16: mean=2.78px, max=4.32px
  Marker 19: mean=23.71px, max=27.41px
  Marker 20: mean=1.55px, max=1.97px
  Marker 22: mean=1.86px, max=2.16px
  Marker 24: mean=2.66px, max=4.09px
  Marker 26: mean=3.03px, max=4.27px
  Marker 27: mean=1.42px, max=2.48px
  Marker 28: mean=1.82px, max=3.43px
  Marker 29: mean=12.32px, max=14.95px
  Marker 34: mean=3.53px, max=6.79px
  Marker 35: mean=31.18px, max=39.30px
  Marker 37: mean=13.08px, max=18.21px
  Marker 39: mean=12.19px, max=17.28px
  Marker 40: mean=2.50px, max=5.08px
  Marker 65: mean=10.19px, max=13.81px
  Homography calculated
  RANSAC inliers: 42/64
  Saved: image_06_registered.JPG
  Mean marker error: 6.76px
  Max marker error: 39.30px

image_07.JPG
  Shared markers: [8, 9, 10, 11, 12, 13, 14, 15, 16, 19, 21, 23, 24, 25, 26, 27, 29, 31, 40, 42, 44, 46, 52, 53, 54, 56, 74, 75, 80]
  ArUco scale relative to reference: 1.791x
  Using 116 corresponding points
  Removing bad markers: [9, 11, 13, 15, 21, 24, 27]
  Recalculated using: [8, 10, 12, 14, 16, 19, 23, 25, 26, 29, 31, 40, 42, 44, 46, 52, 53, 54, 56, 74, 75, 80]
  Marker 8: mean=3.78px, max=6.54px
  Marker 9: mean=15.57px, max=21.21px
  Marker 10: mean=4.53px, max=6.56px
  Marker 11: mean=33.19px, max=41.25px
  Marker 12: mean=2.69px, max=5.01px
  Marker 13: mean=32.89px, max=40.67px
  Marker 14: mean=6.28px, max=10.36px
  Marker 15: mean=13.46px, max=18.86px
  Marker 16: mean=3.97px, max=7.04px
  Marker 19: mean=2.40px, max=2.65px
  Marker 21: mean=10.56px, max=14.87px
  Marker 23: mean=3.47px, max=6.55px
  Marker 24: mean=16.20px, max=22.25px
  Marker 25: mean=2.26px, max=4.42px
  Marker 26: mean=6.65px, max=10.30px
  Marker 27: mean=34.82px, max=43.08px
  Marker 29: mean=2.56px, max=4.99px
  Marker 31: mean=3.83px, max=6.15px
  Marker 40: mean=8.95px, max=11.14px
  Marker 42: mean=1.61px, max=3.10px
  Marker 44: mean=1.80px, max=3.04px
  Marker 46: mean=1.35px, max=2.03px
  Marker 52: mean=1.95px, max=3.99px
  Marker 53: mean=9.94px, max=13.86px
  Marker 54: mean=4.20px, max=5.45px
  Marker 56: mean=1.25px, max=2.00px
  Marker 74: mean=4.43px, max=6.05px
  Marker 75: mean=7.86px, max=10.35px
  Marker 80: mean=6.65px, max=9.30px
  Homography calculated
  RANSAC inliers: 39/88
  Saved: image_07_registered.JPG
  Mean marker error: 8.59px
  Max marker error: 43.08px

image_08.JPG
  Shared markers: [10, 12, 14, 19, 21, 23, 25, 29, 31, 42, 44, 46, 48, 52, 53, 54, 55, 56, 74, 75, 77, 80]
  ArUco scale relative to reference: 1.786x
  Using 88 corresponding points
  Removing bad markers: [14, 48, 55, 75, 77, 80]
  Recalculated using: [10, 12, 19, 21, 23, 25, 29, 31, 42, 44, 46, 52, 53, 54, 56, 74]
  Marker 10: mean=2.11px, max=4.02px
  Marker 12: mean=8.25px, max=11.66px
  Marker 14: mean=19.79px, max=24.99px
  Marker 19: mean=2.87px, max=5.02px
  Marker 21: mean=2.29px, max=4.30px
  Marker 23: mean=1.75px, max=2.74px
  Marker 25: mean=1.23px, max=2.05px
  Marker 29: mean=8.85px, max=12.37px
  Marker 31: mean=1.45px, max=2.58px
  Marker 42: mean=1.28px, max=2.35px
  Marker 44: mean=1.35px, max=2.24px
  Marker 46: mean=6.01px, max=8.18px
  Marker 48: mean=34.96px, max=40.11px
  Marker 52: mean=1.22px, max=1.49px
  Marker 53: mean=1.86px, max=3.28px
  Marker 54: mean=1.19px, max=2.22px
  Marker 55: mean=26.50px, max=31.14px
  Marker 56: mean=5.17px, max=7.07px
  Marker 74: mean=1.78px, max=2.86px
  Marker 75: mean=15.54px, max=18.82px
  Marker 77: mean=55.90px, max=62.47px
  Marker 80: mean=12.90px, max=15.85px
  Homography calculated
  RANSAC inliers: 44/64
  Saved: image_08_registered.JPG
  Mean marker error: 9.74px
  Max marker error: 62.47px

image_09.JPG
  Shared markers: [10, 12, 21, 25, 31, 42, 44, 46, 47, 48, 52, 53, 54, 55, 56, 64, 71, 72, 73, 74, 75, 76, 77, 80]
  ArUco scale relative to reference: 1.799x
  Using 96 corresponding points
  Removing bad markers: [12, 47, 48, 55, 64, 71, 72, 73, 75, 76, 77, 80]
  Recalculated using: [10, 21, 25, 31, 42, 44, 46, 52, 53, 54, 56, 74]
  Marker 10: mean=2.24px, max=4.45px
  Marker 12: mean=10.23px, max=14.44px
  Marker 21: mean=4.55px, max=7.20px
  Marker 25: mean=1.41px, max=2.52px
  Marker 31: mean=1.96px, max=3.43px
  Marker 42: mean=1.81px, max=3.26px
  Marker 44: mean=1.33px, max=2.02px
  Marker 46: mean=5.44px, max=7.82px
  Marker 47: mean=115.50px, max=125.47px
  Marker 48: mean=34.30px, max=39.53px
  Marker 52: mean=1.37px, max=1.99px
  Marker 53: mean=3.25px, max=5.48px
  Marker 54: mean=1.13px, max=1.63px
  Marker 55: mean=26.31px, max=31.09px
  Marker 56: mean=4.83px, max=6.99px
  Marker 64: mean=121.97px, max=131.50px
  Marker 71: mean=108.69px, max=116.52px
  Marker 72: mean=131.35px, max=143.54px
  Marker 73: mean=69.26px, max=76.70px
  Marker 74: mean=2.77px, max=3.89px
  Marker 75: mean=15.11px, max=18.58px
  Marker 76: mean=97.94px, max=107.35px
  Marker 77: mean=53.63px, max=60.30px
  Marker 80: mean=12.77px, max=16.01px
  Homography calculated
  RANSAC inliers: 30/48
  Saved: image_09_registered.JPG
  Mean marker error: 34.55px
  Max marker error: 143.54px

image_10.JPG
  Shared markers: [44, 46, 47, 48, 49, 54, 55, 56, 62, 64, 66, 70, 71, 72, 73, 75, 76, 77, 78, 80]
  ArUco scale relative to reference: 1.795x
  Using 80 corresponding points
  Removing bad markers: [44, 54, 56]
  Recalculated using: [46, 47, 48, 49, 55, 62, 64, 66, 70, 71, 72, 73, 75, 76, 77, 78, 80]
  Marker 44: mean=41.46px, max=48.73px
  Marker 46: mean=8.26px, max=11.46px
  Marker 47: mean=2.81px, max=4.11px
  Marker 48: mean=3.04px, max=4.50px
  Marker 49: mean=1.44px, max=2.60px
  Marker 54: mean=22.66px, max=27.70px
  Marker 55: mean=1.73px, max=3.15px
  Marker 56: mean=18.55px, max=23.20px
  Marker 62: mean=9.56px, max=13.11px
  Marker 64: mean=1.20px, max=2.38px
  Marker 66: mean=1.68px, max=3.31px
  Marker 70: mean=2.93px, max=5.24px
  Marker 71: mean=4.19px, max=5.25px
  Marker 72: mean=1.52px, max=3.08px
  Marker 73: mean=2.85px, max=4.51px
  Marker 75: mean=1.47px, max=2.77px
  Marker 76: mean=1.48px, max=2.90px
  Marker 77: mean=1.59px, max=2.65px
  Marker 78: mean=6.56px, max=9.54px
  Marker 80: mean=6.79px, max=9.85px
  Homography calculated
  RANSAC inliers: 33/68
  Saved: image_10_registered.JPG
  Mean marker error: 7.09px
  Max marker error: 48.73px

image_11.JPG
  Shared markers: [16, 32, 34, 35, 36, 37, 38, 39, 40, 41, 43, 45, 46, 47, 48, 49, 51, 55, 60, 62, 64, 66, 67, 68, 70, 71, 72, 73, 75, 76, 77, 78, 80]
  ArUco scale relative to reference: 1.795x
  Using 132 corresponding points
  Removing bad markers: [51, 64, 66, 67, 76, 78]
  Recalculated using: [16, 32, 34, 35, 36, 37, 38, 39, 40, 41, 43, 45, 46, 47, 48, 49, 55, 60, 62, 68, 70, 71, 72, 73, 75, 77, 80]
  Marker 16: mean=1.60px, max=2.60px
  Marker 32: mean=2.78px, max=5.67px
  Marker 34: mean=2.95px, max=5.56px
  Marker 35: mean=1.70px, max=2.62px
  Marker 36: mean=4.62px, max=8.20px
  Marker 37: mean=5.58px, max=6.64px
  Marker 38: mean=3.97px, max=5.83px
  Marker 39: mean=1.47px, max=2.77px
  Marker 40: mean=4.46px, max=5.62px
  Marker 41: mean=3.86px, max=6.62px
  Marker 43: mean=6.25px, max=10.77px
  Marker 45: mean=6.09px, max=10.58px
  Marker 46: mean=3.64px, max=5.12px
  Marker 47: mean=8.21px, max=10.37px
  Marker 48: mean=3.34px, max=6.23px
  Marker 49: mean=2.39px, max=3.86px
  Marker 51: mean=29.82px, max=36.84px
  Marker 55: mean=3.67px, max=6.29px
  Marker 60: mean=2.37px, max=4.34px
  Marker 62: mean=4.50px, max=6.83px
  Marker 64: mean=17.01px, max=23.19px
  Marker 66: mean=14.64px, max=20.49px
  Marker 67: mean=15.51px, max=20.91px
  Marker 68: mean=8.20px, max=10.06px
  Marker 70: mean=4.06px, max=6.71px
  Marker 71: mean=2.82px, max=5.31px
  Marker 72: mean=9.59px, max=11.16px
  Marker 73: mean=5.87px, max=10.63px
  Marker 75: mean=4.91px, max=7.98px
  Marker 76: mean=19.11px, max=25.56px
  Marker 77: mean=7.42px, max=12.28px
  Marker 78: mean=37.27px, max=45.64px
  Marker 80: mean=4.44px, max=8.85px
  Homography calculated
  RANSAC inliers: 44/108
  Saved: image_11_registered.JPG
  Mean marker error: 7.70px
  Max marker error: 45.64px

Saved image scales: homographies\drawer_006\image_scales.json

==================================================
Processing drawer_007
==================================================
Reference image: image_01.JPG
Markers: [8, 9, 10, 11, 12, 13, 14, 15, 16, 19, 20, 21, 22, 23, 24, 25, 26, 27, 28, 29, 31, 32, 34, 35, 36, 37, 38, 39, 40, 41, 42, 43, 44, 45, 46, 47, 48, 49, 51, 52, 53, 54, 55, 56, 60, 62, 64, 65, 66, 67, 68, 70, 71, 72, 73, 74, 75, 76, 77, 78, 80]

image_02.JPG
  Shared markers: [8, 9, 10, 12, 14, 19, 21, 23, 25, 29, 31, 42, 44, 46, 47, 48, 52, 53, 54, 55, 56, 64, 68, 71, 72, 73, 74, 75, 76, 77, 80]
  ArUco scale relative to reference: 1.765x
  Using 124 corresponding points
  Removing bad markers: [9, 21, 23, 25, 42, 52, 53, 64, 71, 73, 76, 77]
  Recalculated using: [8, 10, 12, 14, 19, 29, 31, 44, 46, 47, 48, 54, 55, 56, 68, 72, 74, 75, 80]
  Marker 8: mean=3.56px, max=6.77px
  Marker 9: mean=11.65px, max=18.09px
  Marker 10: mean=2.98px, max=5.78px
  Marker 12: mean=4.95px, max=7.70px
  Marker 14: mean=4.75px, max=9.31px
  Marker 19: mean=7.58px, max=12.31px
  Marker 21: mean=37.91px, max=46.86px
  Marker 23: mean=19.40px, max=26.13px
  Marker 25: mean=17.29px, max=23.82px
  Marker 29: mean=4.72px, max=8.66px
  Marker 31: mean=4.23px, max=8.57px
  Marker 42: mean=15.37px, max=21.56px
  Marker 44: mean=5.31px, max=9.30px
  Marker 46: mean=3.67px, max=5.25px
  Marker 47: mean=2.58px, max=3.97px
  Marker 48: mean=2.46px, max=4.18px
  Marker 52: mean=15.63px, max=21.74px
  Marker 53: mean=36.11px, max=44.94px
  Marker 54: mean=2.71px, max=4.75px
  Marker 55: mean=2.98px, max=5.94px
  Marker 56: mean=2.39px, max=3.89px
  Marker 64: mean=35.69px, max=43.01px
  Marker 68: mean=2.70px, max=5.33px
  Marker 71: mean=10.97px, max=15.63px
  Marker 72: mean=2.29px, max=4.00px
  Marker 73: mean=13.35px, max=19.00px
  Marker 74: mean=3.72px, max=7.53px
  Marker 75: mean=3.23px, max=5.22px
  Marker 76: mean=31.89px, max=39.35px
  Marker 77: mean=11.45px, max=16.61px
  Marker 80: mean=2.17px, max=2.32px
  Homography calculated
  RANSAC inliers: 41/76
  Saved: image_02_registered.JPG
  Mean marker error: 10.51px
  Max marker error: 46.86px

image_03.JPG
  Shared markers: [8, 10, 11, 12, 15, 16, 20, 22, 24, 26, 27, 28, 32, 34, 35, 37, 38, 39, 40, 41, 45, 47, 68, 72]
  ArUco scale relative to reference: 1.766x
  Using 96 corresponding points
  Removing bad markers: [10, 32, 35, 37, 38, 39, 40, 41, 45, 47, 68, 72]
  Recalculated using: [8, 11, 12, 15, 16, 20, 22, 24, 26, 27, 28, 34]
  Marker 8: mean=0.99px, max=1.82px
  Marker 10: mean=18.09px, max=21.67px
  Marker 11: mean=1.85px, max=3.08px
  Marker 12: mean=6.60px, max=8.76px
  Marker 15: mean=1.44px, max=1.76px
  Marker 16: mean=1.99px, max=4.18px
  Marker 20: mean=1.39px, max=2.34px
  Marker 22: mean=2.33px, max=4.28px
  Marker 24: mean=3.31px, max=4.43px
  Marker 26: mean=1.90px, max=3.30px
  Marker 27: mean=1.23px, max=2.01px
  Marker 28: mean=1.29px, max=1.77px
  Marker 32: mean=77.94px, max=86.86px
  Marker 34: mean=8.65px, max=11.74px
  Marker 35: mean=37.61px, max=43.40px
  Marker 37: mean=23.35px, max=27.84px
  Marker 38: mean=44.76px, max=51.18px
  Marker 39: mean=19.81px, max=24.05px
  Marker 40: mean=10.24px, max=13.50px
  Marker 41: mean=99.16px, max=108.00px
  Marker 45: mean=109.03px, max=119.89px
  Marker 47: mean=129.27px, max=143.13px
  Marker 68: mean=100.59px, max=110.12px
  Marker 72: mean=110.67px, max=122.38px
  Homography calculated
  RANSAC inliers: 31/48
  Saved: image_03_registered.JPG
  Mean marker error: 33.90px
  Max marker error: 143.13px

image_04.JPG
  Shared markers: [10, 12, 14, 19, 21, 23, 25, 29, 31, 42, 44, 46, 48, 52, 53, 54, 55, 56, 74, 75, 80]
  ArUco scale relative to reference: 1.755x
  Using 84 corresponding points
  Removing bad markers: [14, 48, 55]
  Recalculated using: [10, 12, 19, 21, 23, 25, 29, 31, 42, 44, 46, 52, 53, 54, 56, 74, 75, 80]
  Marker 10: mean=2.24px, max=3.97px
  Marker 12: mean=2.93px, max=5.57px
  Marker 14: mean=12.40px, max=16.93px
  Marker 19: mean=1.56px, max=2.30px
  Marker 21: mean=4.13px, max=6.91px
  Marker 23: mean=1.56px, max=1.98px
  Marker 25: mean=1.57px, max=2.91px
  Marker 29: mean=3.58px, max=6.44px
  Marker 31: mean=3.34px, max=4.47px
  Marker 42: mean=1.53px, max=2.90px
  Marker 44: mean=1.28px, max=2.03px
  Marker 46: mean=1.31px, max=2.62px
  Marker 48: mean=22.80px, max=27.43px
  Marker 52: mean=1.44px, max=1.96px
  Marker 53: mean=4.12px, max=6.63px
  Marker 54: mean=1.66px, max=2.69px
  Marker 55: mean=15.83px, max=19.94px
  Marker 56: mean=1.58px, max=2.70px
  Marker 74: mean=2.64px, max=3.75px
  Marker 75: mean=6.86px, max=9.52px
  Marker 80: mean=5.55px, max=7.98px
  Homography calculated
  RANSAC inliers: 46/72
  Saved: image_04_registered.JPG
  Mean marker error: 4.76px
  Max marker error: 27.43px

image_05.JPG
  Shared markers: [10, 12, 21, 25, 31, 42, 44, 46, 47, 48, 52, 53, 54, 55, 56, 64, 71, 72, 73, 74, 75, 76, 77, 80]
  ArUco scale relative to reference: 1.763x
  Using 96 corresponding points
  Removing bad markers: [47, 48, 55, 64, 71, 72, 73, 76, 77]
  Recalculated using: [10, 12, 21, 25, 31, 42, 44, 46, 52, 53, 54, 56, 74, 75, 80]
  Marker 10: mean=1.83px, max=3.51px
  Marker 12: mean=5.32px, max=8.83px
  Marker 21: mean=9.66px, max=14.11px
  Marker 25: mean=2.07px, max=3.57px
  Marker 31: mean=2.92px, max=4.51px
  Marker 42: mean=1.74px, max=2.98px
  Marker 44: mean=1.65px, max=2.82px
  Marker 46: mean=2.06px, max=3.57px
  Marker 47: mean=73.94px, max=81.99px
  Marker 48: mean=15.85px, max=20.52px
  Marker 52: mean=1.96px, max=3.81px
  Marker 53: mean=8.73px, max=13.04px
  Marker 54: mean=3.60px, max=4.82px
  Marker 55: mean=11.79px, max=16.07px
  Marker 56: mean=1.89px, max=2.29px
  Marker 64: mean=87.97px, max=97.67px
  Marker 71: mean=70.62px, max=77.52px
  Marker 72: mean=86.98px, max=96.86px
  Marker 73: mean=43.74px, max=51.05px
  Marker 74: mean=3.50px, max=5.07px
  Marker 75: mean=2.96px, max=5.69px
  Marker 76: mean=70.14px, max=79.59px
  Marker 77: mean=32.57px, max=39.19px
  Marker 80: mean=3.32px, max=6.02px
  Homography calculated
  RANSAC inliers: 32/60
  Saved: image_05_registered.JPG
  Mean marker error: 22.78px
  Max marker error: 97.67px

image_06.JPG
  Shared markers: [44, 46, 47, 48, 49, 54, 55, 56, 62, 64, 66, 70, 71, 72, 73, 75, 76, 77, 78, 80]
  ArUco scale relative to reference: 1.740x
  Using 80 corresponding points
  Removing bad markers: [44, 54, 56, 62, 72]
  Recalculated using: [46, 47, 48, 49, 55, 64, 66, 70, 71, 73, 75, 76, 77, 78, 80]
  Marker 44: mean=39.63px, max=47.11px
  Marker 46: mean=6.65px, max=9.08px
  Marker 47: mean=2.35px, max=4.31px
  Marker 48: mean=1.71px, max=2.34px
  Marker 49: mean=2.25px, max=4.16px
  Marker 54: mean=20.87px, max=25.59px
  Marker 55: mean=1.37px, max=2.25px
  Marker 56: mean=15.40px, max=19.54px
  Marker 62: mean=21.45px, max=26.16px
  Marker 64: mean=1.11px, max=2.04px
  Marker 66: mean=1.73px, max=3.15px
  Marker 70: mean=9.65px, max=12.80px
  Marker 71: mean=2.05px, max=3.03px
  Marker 72: mean=10.13px, max=13.34px
  Marker 73: mean=1.95px, max=3.06px
  Marker 75: mean=1.09px, max=2.05px
  Marker 76: mean=1.08px, max=2.19px
  Marker 77: mean=1.26px, max=1.81px
  Marker 78: mean=5.25px, max=7.77px
  Marker 80: mean=4.76px, max=6.95px
  Homography calculated
  RANSAC inliers: 31/60
  Saved: image_06_registered.JPG
  Mean marker error: 7.59px
  Max marker error: 47.11px

image_07.JPG
  Shared markers: [32, 34, 35, 36, 37, 38, 39, 40, 41, 43, 45, 46, 47, 48, 49, 51, 60, 62, 64, 66, 67, 68, 70, 71, 72, 73, 75]
  ArUco scale relative to reference: 1.766x
  Using 108 corresponding points
  Removing bad markers: [34, 46, 48, 49, 64, 66, 71, 73, 75]
  Recalculated using: [32, 35, 36, 37, 38, 39, 40, 41, 43, 45, 47, 51, 60, 62, 67, 68, 70, 72]
  Marker 32: mean=2.62px, max=4.36px
  Marker 34: mean=10.62px, max=14.03px
  Marker 35: mean=1.36px, max=2.14px
  Marker 36: mean=1.21px, max=2.12px
  Marker 37: mean=2.26px, max=3.84px
  Marker 38: mean=4.06px, max=5.18px
  Marker 39: mean=2.95px, max=5.07px
  Marker 40: mean=2.32px, max=4.69px
  Marker 41: mean=3.93px, max=5.21px
  Marker 43: mean=1.67px, max=2.36px
  Marker 45: mean=1.66px, max=3.15px
  Marker 46: mean=50.77px, max=60.12px
  Marker 47: mean=8.75px, max=12.00px
  Marker 48: mean=38.27px, max=44.13px
  Marker 49: mean=21.02px, max=25.91px
  Marker 51: mean=8.11px, max=11.29px
  Marker 60: mean=1.64px, max=2.25px
  Marker 62: mean=2.86px, max=5.33px
  Marker 64: mean=58.72px, max=67.68px
  Marker 66: mean=48.84px, max=56.98px
  Marker 67: mean=2.62px, max=4.86px
  Marker 68: mean=2.72px, max=4.31px
  Marker 70: mean=9.54px, max=13.07px
  Marker 71: mean=24.57px, max=30.04px
  Marker 72: mean=1.94px, max=3.93px
  Marker 73: mean=48.21px, max=55.79px
  Marker 75: mean=38.29px, max=44.86px
  Homography calculated
  RANSAC inliers: 41/72
  Saved: image_07_registered.JPG
  Mean marker error: 14.87px
  Max marker error: 67.68px

image_08.JPG
  Shared markers: [16, 20, 22, 26, 32, 34, 35, 36, 37, 38, 39, 40, 41, 43, 45, 47, 51, 60, 62, 67, 68, 70, 72]
  ArUco scale relative to reference: 1.760x
  Using 92 corresponding points
  Removing bad markers: [20, 22, 26, 70]
  Recalculated using: [16, 32, 34, 35, 36, 37, 38, 39, 40, 41, 43, 45, 47, 51, 60, 62, 67, 68, 72]
  Marker 16: mean=3.55px, max=6.44px
  Marker 20: mean=32.19px, max=38.25px
  Marker 22: mean=13.02px, max=17.56px
  Marker 26: mean=16.50px, max=21.18px
  Marker 32: mean=2.28px, max=4.27px
  Marker 34: mean=3.88px, max=7.04px
  Marker 35: mean=2.24px, max=3.71px
  Marker 36: mean=1.58px, max=2.78px
  Marker 37: mean=4.62px, max=6.24px
  Marker 38: mean=4.82px, max=6.31px
  Marker 39: mean=1.96px, max=3.10px
  Marker 40: mean=2.39px, max=4.55px
  Marker 41: mean=3.35px, max=4.94px
  Marker 43: mean=2.05px, max=3.72px
  Marker 45: mean=1.60px, max=2.61px
  Marker 47: mean=9.24px, max=12.60px
  Marker 51: mean=9.50px, max=13.07px
  Marker 60: mean=1.83px, max=2.30px
  Marker 62: mean=3.36px, max=6.01px
  Marker 67: mean=3.45px, max=6.12px
  Marker 68: mean=2.36px, max=4.03px
  Marker 70: mean=10.11px, max=13.86px
  Marker 72: mean=2.24px, max=4.38px
  Homography calculated
  RANSAC inliers: 41/76
  Saved: image_08_registered.JPG
  Mean marker error: 6.01px
  Max marker error: 38.25px

image_09.JPG
  Shared markers: [8, 10, 11, 12, 15, 16, 20, 22, 24, 26, 27, 28, 32, 34, 35, 36, 37, 38, 39, 40, 41, 45, 47, 67, 68, 72]
  ArUco scale relative to reference: 1.774x
  Using 104 corresponding points
  Removing bad markers: [11, 15, 27, 28, 32, 36, 45, 67]
  Recalculated using: [8, 10, 12, 16, 20, 22, 24, 26, 34, 35, 37, 38, 39, 40, 41, 47, 68, 72]
  Marker 8: mean=2.73px, max=4.96px
  Marker 10: mean=2.73px, max=5.46px
  Marker 11: mean=24.97px, max=30.92px
  Marker 12: mean=1.80px, max=2.22px
  Marker 15: mean=10.03px, max=14.15px
  Marker 16: mean=4.59px, max=7.37px
  Marker 20: mean=8.81px, max=13.50px
  Marker 22: mean=3.31px, max=6.57px
  Marker 24: mean=6.95px, max=11.74px
  Marker 26: mean=2.60px, max=3.77px
  Marker 27: mean=23.25px, max=29.49px
  Marker 28: mean=20.78px, max=26.94px
  Marker 32: mean=16.37px, max=22.64px
  Marker 34: mean=2.96px, max=4.57px
  Marker 35: mean=7.87px, max=12.32px
  Marker 36: mean=18.27px, max=24.25px
  Marker 37: mean=2.75px, max=4.89px
  Marker 38: mean=4.29px, max=8.68px
  Marker 39: mean=3.19px, max=6.54px
  Marker 40: mean=4.06px, max=6.79px
  Marker 41: mean=8.27px, max=13.64px
  Marker 45: mean=24.71px, max=32.08px
  Marker 47: mean=3.33px, max=6.33px
  Marker 67: mean=36.12px, max=44.28px
  Marker 68: mean=3.16px, max=4.47px
  Marker 72: mean=3.92px, max=7.06px
  Homography calculated
  RANSAC inliers: 32/72
  Saved: image_09_registered.JPG
  Mean marker error: 9.69px
  Max marker error: 44.28px

image_10.JPG
  Shared markers: [8, 9, 10, 11, 12, 13, 14, 15, 16, 20, 22, 24, 26, 27, 28, 29, 34, 35, 37, 38, 39, 40, 65]
  ArUco scale relative to reference: 1.769x
  Using 92 corresponding points
  Removing bad markers: [34, 35, 37, 38, 39, 40]
  Recalculated using: [8, 9, 10, 11, 12, 13, 14, 15, 16, 20, 22, 24, 26, 27, 28, 29, 65]
  Marker 8: mean=2.35px, max=3.73px
  Marker 9: mean=1.67px, max=2.16px
  Marker 10: mean=8.56px, max=11.88px
  Marker 11: mean=1.23px, max=2.14px
  Marker 12: mean=1.71px, max=3.37px
  Marker 13: mean=1.79px, max=3.40px
  Marker 14: mean=3.04px, max=5.18px
  Marker 15: mean=2.99px, max=4.05px
  Marker 16: mean=3.46px, max=5.96px
  Marker 20: mean=1.75px, max=2.86px
  Marker 22: mean=4.08px, max=6.51px
  Marker 24: mean=1.85px, max=3.36px
  Marker 26: mean=1.35px, max=1.88px
  Marker 27: mean=1.33px, max=2.03px
  Marker 28: mean=1.59px, max=2.63px
  Marker 29: mean=9.51px, max=12.88px
  Marker 34: mean=10.39px, max=13.86px
  Marker 35: mean=42.73px, max=49.90px
  Marker 37: mean=26.01px, max=31.16px
  Marker 38: mean=51.94px, max=59.87px
  Marker 39: mean=22.12px, max=27.07px
  Marker 40: mean=11.80px, max=15.39px
  Marker 65: mean=7.27px, max=9.76px
  Homography calculated
  RANSAC inliers: 42/68
  Saved: image_10_registered.JPG
  Mean marker error: 9.59px
  Max marker error: 59.87px

image_11.JPG
  Shared markers: [8, 9, 10, 11, 12, 13, 14, 15, 16, 19, 20, 21, 22, 23, 24, 25, 26, 27, 28, 29, 31, 34, 42, 44, 46, 52, 53, 54, 56, 65, 74, 80]
  ArUco scale relative to reference: 1.768x
  Using 128 corresponding points
  Removing bad markers: [8, 9, 11, 13, 15, 16, 20, 22, 24, 26, 27, 28, 34, 65, 80]
  Recalculated using: [10, 12, 14, 19, 21, 23, 25, 29, 31, 42, 44, 46, 52, 53, 54, 56, 74]
  Marker 8: mean=10.42px, max=13.56px
  Marker 9: mean=20.84px, max=25.30px
  Marker 10: mean=1.98px, max=3.49px
  Marker 11: mean=48.53px, max=55.13px
  Marker 12: mean=2.25px, max=4.15px
  Marker 13: mean=41.04px, max=47.14px
  Marker 14: mean=8.87px, max=12.07px
  Marker 15: mean=24.52px, max=29.47px
  Marker 16: mean=52.69px, max=60.04px
  Marker 19: mean=1.27px, max=2.22px
  Marker 20: mean=62.66px, max=69.07px
  Marker 21: mean=6.46px, max=9.74px
  Marker 22: mean=65.58px, max=73.35px
  Marker 23: mean=1.44px, max=2.40px
  Marker 24: mean=50.80px, max=56.99px
  Marker 25: mean=1.30px, max=2.08px
  Marker 26: mean=50.45px, max=56.20px
  Marker 27: mean=57.99px, max=65.40px
  Marker 28: mean=65.78px, max=73.14px
  Marker 29: mean=2.32px, max=4.33px
  Marker 31: mean=3.14px, max=4.23px
  Marker 34: mean=76.82px, max=87.22px
  Marker 42: mean=1.38px, max=2.67px
  Marker 44: mean=2.05px, max=3.54px
  Marker 46: mean=4.57px, max=7.01px
  Marker 52: mean=2.86px, max=4.92px
  Marker 53: mean=7.86px, max=10.94px
  Marker 54: mean=0.99px, max=1.58px
  Marker 56: mean=5.50px, max=7.73px
  Marker 65: mean=80.48px, max=89.52px
  Marker 74: mean=1.54px, max=2.67px
  Marker 80: mean=14.73px, max=18.64px
  Homography calculated
  RANSAC inliers: 39/68
  Saved: image_11_registered.JPG
  Mean marker error: 24.35px
  Max marker error: 89.52px

Saved image scales: homographies\drawer_007\image_scales.json

==================================================
Processing drawer_008
==================================================
Reference image: image_01.JPG
Markers: [8, 9, 10, 11, 12, 13, 14, 15, 16, 19, 20, 21, 22, 23, 24, 25, 26, 27, 28, 29, 31, 32, 34, 35, 36, 37, 38, 39, 40, 41, 42, 43, 44, 45, 46, 47, 48, 49, 51, 52, 53, 54, 55, 56, 60, 62, 64, 65, 66, 67, 68, 70, 71, 72, 73, 74, 75, 76, 77, 78, 80]

image_02.JPG
  Shared markers: [8, 9, 10, 12, 14, 19, 21, 23, 25, 29, 31, 42, 44, 46, 48, 52, 54, 55, 56, 73, 74, 75, 76, 77, 80]
  ArUco scale relative to reference: 1.763x
  Using 100 corresponding points
  Removing bad markers: [8, 9, 14, 21, 48, 55, 73, 76, 77]
  Recalculated using: [10, 12, 19, 23, 25, 29, 31, 42, 44, 46, 52, 54, 56, 74, 75, 80]
  Marker 8: mean=10.22px, max=14.76px
  Marker 9: mean=26.41px, max=33.25px
  Marker 10: mean=2.56px, max=4.31px
  Marker 12: mean=2.05px, max=3.93px
  Marker 14: mean=11.25px, max=15.88px
  Marker 19: mean=2.29px, max=3.53px
  Marker 21: mean=12.88px, max=17.99px
  Marker 23: mean=4.49px, max=7.89px
  Marker 25: mean=2.89px, max=5.87px
  Marker 29: mean=4.11px, max=7.25px
  Marker 31: mean=2.45px, max=4.19px
  Marker 42: mean=2.37px, max=4.72px
  Marker 44: mean=1.64px, max=1.82px
  Marker 46: mean=1.15px, max=2.06px
  Marker 48: mean=18.80px, max=23.35px
  Marker 52: mean=2.78px, max=5.58px
  Marker 54: mean=2.26px, max=3.48px
  Marker 55: mean=14.48px, max=18.68px
  Marker 56: mean=1.59px, max=2.98px
  Marker 73: mean=46.91px, max=54.14px
  Marker 74: mean=2.41px, max=4.01px
  Marker 75: mean=5.81px, max=8.58px
  Marker 76: mean=74.92px, max=84.89px
  Marker 77: mean=35.71px, max=42.27px
  Marker 80: mean=5.30px, max=7.95px
  Homography calculated
  RANSAC inliers: 40/64
  Saved: image_02_registered.JPG
  Mean marker error: 11.91px
  Max marker error: 84.89px

image_03.JPG
  Shared markers: [8, 10, 11, 12, 15, 16, 20, 22, 24, 26, 27, 28, 32, 34, 35, 36, 37, 38, 39, 40, 41, 43, 45, 47, 49, 51, 60, 67, 68, 72]
  ArUco scale relative to reference: 1.779x
  Using 120 corresponding points
  Removing bad markers: [11, 15, 27, 28, 43, 45, 49, 51, 60, 67]
  Recalculated using: [8, 10, 12, 16, 20, 22, 24, 26, 32, 34, 35, 36, 37, 38, 39, 40, 41, 47, 68, 72]
  Marker 8: mean=2.68px, max=5.18px
  Marker 10: mean=2.81px, max=5.95px
  Marker 11: mean=25.69px, max=31.74px
  Marker 12: mean=2.02px, max=2.14px
  Marker 15: mean=10.27px, max=14.41px
  Marker 16: mean=8.53px, max=11.07px
  Marker 20: mean=6.02px, max=10.79px
  Marker 22: mean=2.68px, max=4.74px
  Marker 24: mean=5.24px, max=10.08px
  Marker 26: mean=3.61px, max=6.69px
  Marker 27: mean=23.36px, max=29.84px
  Marker 28: mean=19.62px, max=26.06px
  Marker 32: mean=7.64px, max=13.16px
  Marker 34: mean=4.20px, max=6.94px
  Marker 35: mean=2.77px, max=4.15px
  Marker 36: mean=8.68px, max=14.10px
  Marker 37: mean=8.16px, max=10.79px
  Marker 38: mean=3.68px, max=6.98px
  Marker 39: mean=4.12px, max=6.89px
  Marker 40: mean=9.35px, max=11.41px
  Marker 41: mean=4.05px, max=7.94px
  Marker 43: mean=19.43px, max=26.29px
  Marker 45: mean=16.27px, max=22.96px
  Marker 47: mean=3.21px, max=4.45px
  Marker 49: mean=15.86px, max=22.67px
  Marker 51: mean=46.95px, max=56.89px
  Marker 60: mean=10.03px, max=15.34px
  Marker 67: mean=25.35px, max=32.75px
  Marker 68: mean=3.25px, max=5.72px
  Marker 72: mean=3.31px, max=6.30px
  Homography calculated
  RANSAC inliers: 33/80
  Saved: image_03_registered.JPG
  Mean marker error: 10.29px
  Max marker error: 56.89px

image_04.JPG
  Shared markers: [10, 12, 14, 19, 21, 23, 25, 29, 31, 42, 44, 46, 48, 52, 53, 54, 55, 56, 74, 75, 77, 80]
  ArUco scale relative to reference: 1.753x
  Using 88 corresponding points
  Removing bad markers: [48, 55, 77]
  Recalculated using: [10, 12, 14, 19, 21, 23, 25, 29, 31, 42, 44, 46, 52, 53, 54, 56, 74, 75, 80]
  Marker 10: mean=3.08px, max=4.75px
  Marker 12: mean=1.84px, max=2.89px
  Marker 14: mean=9.55px, max=13.86px
  Marker 19: mean=1.84px, max=1.91px
  Marker 21: mean=7.36px, max=10.93px
  Marker 23: mean=2.27px, max=4.46px
  Marker 25: mean=1.65px, max=2.98px
  Marker 29: mean=2.80px, max=5.55px
  Marker 31: mean=2.98px, max=4.50px
  Marker 42: mean=1.39px, max=2.37px
  Marker 44: mean=1.36px, max=2.38px
  Marker 46: mean=0.83px, max=1.29px
  Marker 48: mean=17.79px, max=21.75px
  Marker 52: mean=1.60px, max=2.76px
  Marker 53: mean=6.82px, max=10.08px
  Marker 54: mean=2.43px, max=3.38px
  Marker 55: mean=12.55px, max=16.16px
  Marker 56: mean=1.13px, max=1.52px
  Marker 74: mean=2.90px, max=4.13px
  Marker 75: mean=4.86px, max=7.19px
  Marker 77: mean=35.18px, max=41.16px
  Marker 80: mean=3.90px, max=6.09px
  Homography calculated
  RANSAC inliers: 45/76
  Saved: image_04_registered.JPG
  Mean marker error: 5.73px
  Max marker error: 41.16px

image_05.JPG
  Shared markers: [10, 12, 25, 31, 42, 44, 46, 47, 48, 52, 53, 54, 55, 56, 64, 71, 72, 73, 74, 75, 76, 77, 80]
  ArUco scale relative to reference: 1.770x
  Using 92 corresponding points
  Removing bad markers: [25, 42, 52, 53, 64, 73, 76, 77]
  Recalculated using: [10, 12, 31, 44, 46, 47, 48, 54, 55, 56, 71, 72, 74, 75, 80]
  Marker 10: mean=3.28px, max=6.03px
  Marker 12: mean=3.61px, max=6.83px
  Marker 25: mean=17.14px, max=23.09px
  Marker 31: mean=7.07px, max=11.15px
  Marker 42: mean=13.56px, max=19.05px
  Marker 44: mean=3.60px, max=7.08px
  Marker 46: mean=3.47px, max=4.93px
  Marker 47: mean=2.91px, max=3.50px
  Marker 48: mean=2.54px, max=4.24px
  Marker 52: mean=12.84px, max=18.25px
  Marker 53: mean=32.47px, max=40.56px
  Marker 54: mean=2.84px, max=4.68px
  Marker 55: mean=2.83px, max=5.83px
  Marker 56: mean=2.24px, max=2.61px
  Marker 64: mean=32.37px, max=39.42px
  Marker 71: mean=9.89px, max=14.48px
  Marker 72: mean=2.75px, max=4.98px
  Marker 73: mean=12.59px, max=17.70px
  Marker 74: mean=2.89px, max=5.64px
  Marker 75: mean=2.92px, max=4.70px
  Marker 76: mean=29.03px, max=36.17px
  Marker 77: mean=11.01px, max=15.88px
  Marker 80: mean=2.11px, max=2.24px
  Homography calculated
  RANSAC inliers: 33/60
  Saved: image_05_registered.JPG
  Mean marker error: 9.39px
  Max marker error: 40.56px

image_06.JPG
  Shared markers: [44, 46, 47, 48, 49, 54, 55, 56, 62, 64, 66, 70, 71, 72, 73, 75, 76, 77, 78, 80]
  ArUco scale relative to reference: 1.758x
  Using 80 corresponding points
  Removing bad markers: [44, 54, 56, 62]
  Recalculated using: [46, 47, 48, 49, 55, 64, 66, 70, 71, 72, 73, 75, 76, 77, 78, 80]
  Marker 44: mean=33.44px, max=40.76px
  Marker 46: mean=4.76px, max=7.28px
  Marker 47: mean=2.47px, max=3.94px
  Marker 48: mean=2.34px, max=3.40px
  Marker 49: mean=1.48px, max=2.54px
  Marker 54: mean=15.99px, max=20.45px
  Marker 55: mean=1.44px, max=2.24px
  Marker 56: mean=12.89px, max=16.93px
  Marker 62: mean=10.01px, max=13.60px
  Marker 64: mean=1.70px, max=3.37px
  Marker 66: mean=1.89px, max=3.57px
  Marker 70: mean=2.89px, max=5.18px
  Marker 71: mean=3.65px, max=4.89px
  Marker 72: mean=2.15px, max=4.13px
  Marker 73: mean=2.11px, max=3.85px
  Marker 75: mean=1.07px, max=1.51px
  Marker 76: mean=1.99px, max=3.99px
  Marker 77: mean=1.38px, max=2.19px
  Marker 78: mean=7.76px, max=11.08px
  Marker 80: mean=4.07px, max=6.56px
  Homography calculated
  RANSAC inliers: 40/64
  Saved: image_06_registered.JPG
  Mean marker error: 5.77px
  Max marker error: 40.76px

image_07.JPG
  Shared markers: [32, 34, 35, 36, 37, 38, 39, 40, 41, 43, 45, 46, 47, 48, 49, 51, 55, 60, 62, 64, 66, 67, 68, 70, 71, 72, 73, 75, 76, 77, 78, 80]
  ArUco scale relative to reference: 1.768x
  Using 128 corresponding points
  Removing bad markers: [36, 43, 45, 51, 64, 66, 67, 76, 78]
  Recalculated using: [32, 34, 35, 37, 38, 39, 40, 41, 46, 47, 48, 49, 55, 60, 62, 68, 70, 71, 72, 73, 75, 77, 80]
  Marker 32: mean=9.22px, max=13.79px
  Marker 34: mean=5.23px, max=8.95px
  Marker 35: mean=5.42px, max=8.91px
  Marker 36: mean=12.62px, max=17.24px
  Marker 37: mean=3.47px, max=5.93px
  Marker 38: mean=2.41px, max=4.01px
  Marker 39: mean=2.99px, max=5.73px
  Marker 40: mean=3.74px, max=6.16px
  Marker 41: mean=2.33px, max=4.28px
  Marker 43: mean=13.16px, max=18.48px
  Marker 45: mean=13.67px, max=19.13px
  Marker 46: mean=2.14px, max=3.70px
  Marker 47: mean=6.34px, max=8.42px
  Marker 48: mean=3.88px, max=6.20px
  Marker 49: mean=2.56px, max=4.26px
  Marker 51: mean=39.43px, max=46.62px
  Marker 55: mean=2.62px, max=3.01px
  Marker 60: mean=3.66px, max=7.40px
  Marker 62: mean=2.58px, max=3.76px
  Marker 64: mean=13.80px, max=19.54px
  Marker 66: mean=13.20px, max=18.67px
  Marker 67: mean=25.12px, max=31.11px
  Marker 68: mean=5.43px, max=7.89px
  Marker 70: mean=2.44px, max=4.08px
  Marker 71: mean=2.45px, max=4.67px
  Marker 72: mean=7.28px, max=9.04px
  Marker 73: mean=3.30px, max=6.60px
  Marker 75: mean=4.57px, max=6.56px
  Marker 76: mean=14.19px, max=20.01px
  Marker 77: mean=3.64px, max=7.34px
  Marker 78: mean=32.54px, max=40.50px
  Marker 80: mean=2.69px, max=4.95px
  Homography calculated
  RANSAC inliers: 42/92
  Saved: image_07_registered.JPG
  Mean marker error: 8.38px
  Max marker error: 46.62px

image_08.JPG
  Shared markers: [16, 20, 22, 26, 32, 34, 35, 36, 37, 38, 39, 40, 41, 43, 45, 47, 51, 60, 62, 67, 68, 70, 72]
  ArUco scale relative to reference: 1.766x
  Using 92 corresponding points
  Removing bad markers: [20, 22, 26, 51]
  Recalculated using: [16, 32, 34, 35, 36, 37, 38, 39, 40, 41, 43, 45, 47, 60, 62, 67, 68, 70, 72]
  Marker 16: mean=2.51px, max=4.83px
  Marker 20: mean=26.02px, max=31.92px
  Marker 22: mean=10.96px, max=15.23px
  Marker 26: mean=12.11px, max=16.42px
  Marker 32: mean=2.05px, max=4.06px
  Marker 34: mean=4.01px, max=7.08px
  Marker 35: mean=1.89px, max=2.48px
  Marker 36: mean=3.10px, max=6.04px
  Marker 37: mean=3.79px, max=5.73px
  Marker 38: mean=3.08px, max=5.20px
  Marker 39: mean=2.17px, max=3.00px
  Marker 40: mean=2.35px, max=4.47px
  Marker 41: mean=2.47px, max=4.58px
  Marker 43: mean=4.85px, max=8.19px
  Marker 45: mean=3.98px, max=7.45px
  Marker 47: mean=2.82px, max=5.66px
  Marker 51: mean=17.81px, max=22.48px
  Marker 60: mean=2.24px, max=3.68px
  Marker 62: mean=2.27px, max=4.06px
  Marker 67: mean=9.47px, max=13.06px
  Marker 68: mean=3.97px, max=5.57px
  Marker 70: mean=5.50px, max=9.10px
  Marker 72: mean=2.39px, max=4.61px
  Homography calculated
  RANSAC inliers: 41/76
  Saved: image_08_registered.JPG
  Mean marker error: 5.73px
  Max marker error: 31.92px

image_09.JPG
  Shared markers: [8, 10, 11, 12, 15, 16, 20, 22, 24, 26, 27, 28, 32, 34, 35, 36, 37, 38, 39, 40, 41, 45, 47, 67, 68, 72]
  ArUco scale relative to reference: 1.779x
  Using 104 corresponding points
  Removing bad markers: [11, 27, 28, 32, 36, 41, 45, 67]
  Recalculated using: [8, 10, 12, 15, 16, 20, 22, 24, 26, 34, 35, 37, 38, 39, 40, 47, 68, 72]
  Marker 8: mean=1.69px, max=2.33px
  Marker 10: mean=2.44px, max=5.20px
  Marker 11: mean=19.56px, max=24.93px
  Marker 12: mean=1.49px, max=2.75px
  Marker 15: mean=6.50px, max=10.16px
  Marker 16: mean=6.26px, max=8.82px
  Marker 20: mean=5.60px, max=9.85px
  Marker 22: mean=2.69px, max=3.60px
  Marker 24: mean=4.11px, max=8.29px
  Marker 26: mean=2.78px, max=5.42px
  Marker 27: mean=18.21px, max=23.86px
  Marker 28: mean=16.04px, max=21.54px
  Marker 32: mean=16.56px, max=22.75px
  Marker 34: mean=2.66px, max=3.64px
  Marker 35: mean=5.89px, max=10.20px
  Marker 36: mean=17.18px, max=23.23px
  Marker 37: mean=3.44px, max=6.50px
  Marker 38: mean=3.73px, max=7.62px
  Marker 39: mean=2.81px, max=4.04px
  Marker 40: mean=5.82px, max=8.28px
  Marker 41: mean=11.49px, max=16.90px
  Marker 45: mean=26.83px, max=34.30px
  Marker 47: mean=4.23px, max=8.89px
  Marker 67: mean=36.41px, max=44.54px
  Marker 68: mean=4.03px, max=8.08px
  Marker 72: mean=3.62px, max=4.98px
  Homography calculated
  RANSAC inliers: 31/72
  Saved: image_09_registered.JPG
  Mean marker error: 8.93px
  Max marker error: 44.54px

image_10.JPG
  Shared markers: [8, 9, 10, 11, 12, 13, 14, 15, 16, 20, 22, 24, 26, 27, 28, 29, 34, 35, 37, 39, 40, 65]
  ArUco scale relative to reference: 1.766x
  Using 88 corresponding points
  Removing bad markers: [35, 37, 39, 65]
  Recalculated using: [8, 9, 10, 11, 12, 13, 14, 15, 16, 20, 22, 24, 26, 27, 28, 29, 34, 40]
  Marker 8: mean=3.47px, max=4.91px
  Marker 9: mean=2.04px, max=3.28px
  Marker 10: mean=4.21px, max=7.51px
  Marker 11: mean=1.57px, max=2.79px
  Marker 12: mean=1.94px, max=3.65px
  Marker 13: mean=3.29px, max=5.56px
  Marker 14: mean=2.61px, max=4.79px
  Marker 15: mean=3.02px, max=4.43px
  Marker 16: mean=1.09px, max=1.89px
  Marker 20: mean=2.24px, max=3.62px
  Marker 22: mean=1.31px, max=2.00px
  Marker 24: mean=4.12px, max=5.59px
  Marker 26: mean=3.31px, max=4.74px
  Marker 27: mean=1.34px, max=2.50px
  Marker 28: mean=1.53px, max=2.79px
  Marker 29: mean=7.32px, max=10.90px
  Marker 34: mean=5.01px, max=7.51px
  Marker 35: mean=32.01px, max=38.07px
  Marker 37: mean=18.41px, max=22.45px
  Marker 39: mean=14.61px, max=18.39px
  Marker 40: mean=6.99px, max=9.69px
  Marker 65: mean=10.20px, max=13.44px
  Homography calculated
  RANSAC inliers: 42/72
  Saved: image_10_registered.JPG
  Mean marker error: 5.98px
  Max marker error: 38.07px

image_11.JPG
  Shared markers: [8, 9, 10, 11, 12, 13, 14, 15, 16, 19, 20, 21, 22, 23, 24, 25, 26, 27, 28, 29, 31, 34, 39, 40, 42, 44, 46, 52, 53, 54, 56, 65, 74, 75, 80]
  ArUco scale relative to reference: 1.767x
  Using 140 corresponding points
  Removing bad markers: [11, 13, 21, 27, 28, 39, 53, 65]
  Recalculated using: [8, 9, 10, 12, 14, 15, 16, 19, 20, 22, 23, 24, 25, 26, 29, 31, 34, 40, 42, 44, 46, 52, 54, 56, 74, 75, 80]
  Marker 8: mean=6.58px, max=8.75px
  Marker 9: mean=2.69px, max=5.40px
  Marker 10: mean=7.40px, max=9.17px
  Marker 11: mean=12.35px, max=17.93px
  Marker 12: mean=8.30px, max=9.70px
  Marker 13: mean=12.43px, max=17.81px
  Marker 14: mean=3.14px, max=5.66px
  Marker 15: mean=2.38px, max=4.15px
  Marker 16: mean=3.11px, max=5.84px
  Marker 19: mean=2.43px, max=4.81px
  Marker 20: mean=7.00px, max=11.46px
  Marker 21: mean=19.89px, max=26.29px
  Marker 22: mean=4.43px, max=8.05px
  Marker 23: mean=5.81px, max=10.09px
  Marker 24: mean=3.82px, max=7.57px
  Marker 25: mean=5.70px, max=10.07px
  Marker 26: mean=2.87px, max=4.46px
  Marker 27: mean=14.04px, max=19.90px
  Marker 28: mean=14.60px, max=20.43px
  Marker 29: mean=3.73px, max=5.93px
  Marker 31: mean=3.67px, max=6.20px
  Marker 34: mean=7.10px, max=12.00px
  Marker 39: mean=16.53px, max=23.50px
  Marker 40: mean=3.65px, max=7.02px
  Marker 42: mean=5.81px, max=10.06px
  Marker 44: mean=2.06px, max=4.22px
  Marker 46: mean=3.14px, max=4.78px
  Marker 52: mean=7.81px, max=11.91px
  Marker 53: mean=21.07px, max=27.34px
  Marker 54: mean=3.95px, max=5.38px
  Marker 56: mean=1.68px, max=2.26px
  Marker 65: mean=38.63px, max=47.10px
  Marker 74: mean=1.94px, max=3.74px
  Marker 75: mean=2.08px, max=4.42px
  Marker 80: mean=3.42px, max=6.41px
  Homography calculated
  RANSAC inliers: 43/108
  Saved: image_11_registered.JPG
  Mean marker error: 7.58px
  Max marker error: 47.10px

Saved image scales: homographies\drawer_008\image_scales.json

==================================================
Processing drawer_009
==================================================
Reference image: image_01.JPG
Markers: [8, 9, 10, 11, 12, 13, 14, 15, 16, 19, 20, 21, 22, 23, 24, 25, 26, 27, 28, 29, 31, 32, 34, 35, 36, 37, 38, 39, 40, 41, 42, 43, 44, 45, 46, 47, 48, 49, 51, 52, 53, 54, 55, 56, 60, 62, 64, 65, 66, 67, 68, 70, 71, 72, 73, 74, 75, 76, 77, 78, 80]

image_02.JPG
  Shared markers: [8, 10, 12, 19, 21, 25, 31, 42, 44, 46, 47, 48, 52, 53, 54, 55, 56, 64, 68, 71, 72, 73, 74, 75, 76, 77, 80]
  ArUco scale relative to reference: 1.730x
  Using 108 corresponding points
  Removing bad markers: [21, 25, 42, 52, 53, 64, 71, 73, 76, 77]
  Recalculated using: [8, 10, 12, 19, 31, 44, 46, 47, 48, 54, 55, 56, 68, 72, 74, 75, 80]
  Marker 8: mean=3.28px, max=6.35px
  Marker 10: mean=2.71px, max=4.98px
  Marker 12: mean=4.32px, max=7.18px
  Marker 19: mean=9.62px, max=14.46px
  Marker 21: mean=42.79px, max=52.16px
  Marker 25: mean=20.83px, max=27.37px
  Marker 31: mean=6.00px, max=10.64px
  Marker 42: mean=18.64px, max=24.96px
  Marker 44: mean=7.55px, max=11.70px
  Marker 46: mean=2.19px, max=3.80px
  Marker 47: mean=2.81px, max=5.29px
  Marker 48: mean=2.98px, max=5.80px
  Marker 52: mean=18.88px, max=25.08px
  Marker 53: mean=40.94px, max=49.95px
  Marker 54: mean=2.07px, max=3.23px
  Marker 55: mean=4.50px, max=7.72px
  Marker 56: mean=2.95px, max=5.84px
  Marker 64: mean=35.64px, max=42.74px
  Marker 68: mean=2.68px, max=5.99px
  Marker 71: mean=12.12px, max=16.62px
  Marker 72: mean=2.25px, max=2.58px
  Marker 73: mean=14.80px, max=20.02px
  Marker 74: mean=5.72px, max=10.02px
  Marker 75: mean=1.85px, max=3.35px
  Marker 76: mean=32.65px, max=39.93px
  Marker 77: mean=13.14px, max=17.98px
  Marker 80: mean=2.23px, max=4.12px
  Homography calculated
  RANSAC inliers: 34/68
  Saved: image_02_registered.JPG
  Mean marker error: 11.71px
  Max marker error: 52.16px

image_03.JPG
  Shared markers: [8, 10, 11, 12, 15, 16, 20, 22, 24, 26, 27, 28, 32, 34, 35, 36, 37, 38, 39, 40, 41, 45, 47, 67, 68, 72]
  ArUco scale relative to reference: 1.741x
  Using 104 corresponding points
  Removing bad markers: [11, 27, 28, 32, 36, 41, 45, 67]
  Recalculated using: [8, 10, 12, 15, 16, 20, 22, 24, 26, 34, 35, 37, 38, 39, 40, 47, 68, 72]
  Marker 8: mean=1.98px, max=3.39px
  Marker 10: mean=2.14px, max=4.29px
  Marker 11: mean=21.44px, max=26.75px
  Marker 12: mean=1.72px, max=2.60px
  Marker 15: mean=7.71px, max=11.44px
  Marker 16: mean=6.70px, max=9.16px
  Marker 20: mean=5.87px, max=10.26px
  Marker 22: mean=2.75px, max=3.44px
  Marker 24: mean=4.42px, max=8.79px
  Marker 26: mean=3.05px, max=5.87px
  Marker 27: mean=19.87px, max=25.83px
  Marker 28: mean=17.40px, max=23.14px
  Marker 32: mean=16.92px, max=23.13px
  Marker 34: mean=2.73px, max=3.97px
  Marker 35: mean=6.01px, max=10.33px
  Marker 36: mean=17.86px, max=23.98px
  Marker 37: mean=3.51px, max=6.45px
  Marker 38: mean=3.69px, max=7.65px
  Marker 39: mean=2.73px, max=3.92px
  Marker 40: mean=6.17px, max=8.46px
  Marker 41: mean=10.39px, max=15.88px
  Marker 45: mean=26.90px, max=34.43px
  Marker 47: mean=3.27px, max=5.29px
  Marker 67: mean=37.94px, max=46.37px
  Marker 68: mean=3.29px, max=5.78px
  Marker 72: mean=3.09px, max=5.43px
  Homography calculated
  RANSAC inliers: 31/72
  Saved: image_03_registered.JPG
  Mean marker error: 9.21px
  Max marker error: 46.37px

image_04.JPG
  Shared markers: [10, 12, 14, 19, 21, 23, 25, 29, 31, 42, 44, 46, 48, 52, 53, 54, 55, 56, 74, 75, 77, 80]
  ArUco scale relative to reference: 1.730x
  Using 88 corresponding points
  Removing bad markers: [48, 55, 77]
  Recalculated using: [10, 12, 14, 19, 21, 23, 25, 29, 31, 42, 44, 46, 52, 53, 54, 56, 74, 75, 80]
  Marker 10: mean=3.05px, max=4.79px
  Marker 12: mean=1.72px, max=3.12px
  Marker 14: mean=9.61px, max=13.78px
  Marker 19: mean=1.63px, max=1.97px
  Marker 21: mean=7.04px, max=10.30px
  Marker 23: mean=1.92px, max=4.02px
  Marker 25: mean=1.45px, max=2.61px
  Marker 29: mean=2.78px, max=5.43px
  Marker 31: mean=3.15px, max=4.56px
  Marker 42: mean=1.30px, max=2.22px
  Marker 44: mean=1.26px, max=2.44px
  Marker 46: mean=0.81px, max=1.28px
  Marker 48: mean=16.64px, max=20.47px
  Marker 52: mean=1.58px, max=2.87px
  Marker 53: mean=6.63px, max=9.61px
  Marker 54: mean=2.60px, max=3.67px
  Marker 55: mean=11.81px, max=15.26px
  Marker 56: mean=1.23px, max=1.86px
  Marker 74: mean=2.97px, max=4.26px
  Marker 75: mean=4.62px, max=6.76px
  Marker 77: mean=33.52px, max=38.87px
  Marker 80: mean=3.81px, max=5.90px
  Homography calculated
  RANSAC inliers: 44/76
  Saved: image_04_registered.JPG
  Mean marker error: 5.51px
  Max marker error: 38.87px

image_05.JPG
  Shared markers: [8, 10, 12, 14, 19, 21, 23, 25, 29, 31, 42, 44, 46, 47, 48, 52, 53, 54, 55, 56, 64, 68, 71, 72, 73, 74, 75, 76, 77, 80]
  ArUco scale relative to reference: 1.745x
  Using 120 corresponding points
  Removing bad markers: [8, 14, 21, 47, 48, 55, 64, 68, 71, 72, 73, 76, 77]
  Recalculated using: [10, 12, 19, 23, 25, 29, 31, 42, 44, 46, 52, 53, 54, 56, 74, 75, 80]
  Marker 8: mean=14.60px, max=19.95px
  Marker 10: mean=2.30px, max=4.36px
  Marker 12: mean=3.01px, max=6.21px
  Marker 14: mean=15.33px, max=20.82px
  Marker 19: mean=2.27px, max=3.73px
  Marker 21: mean=10.52px, max=14.98px
  Marker 23: mean=3.36px, max=6.54px
  Marker 25: mean=2.17px, max=4.32px
  Marker 29: mean=5.64px, max=9.21px
  Marker 31: mean=2.93px, max=4.69px
  Marker 42: mean=1.63px, max=3.09px
  Marker 44: mean=1.44px, max=2.34px
  Marker 46: mean=1.07px, max=1.70px
  Marker 47: mean=66.80px, max=74.25px
  Marker 48: mean=15.67px, max=19.80px
  Marker 52: mean=1.96px, max=4.00px
  Marker 53: mean=9.47px, max=13.77px
  Marker 54: mean=2.72px, max=3.79px
  Marker 55: mean=11.98px, max=15.73px
  Marker 56: mean=1.53px, max=2.30px
  Marker 64: mean=81.18px, max=90.23px
  Marker 68: mean=100.36px, max=112.34px
  Marker 71: mean=64.68px, max=71.13px
  Marker 72: mean=77.61px, max=86.71px
  Marker 73: mean=40.59px, max=47.07px
  Marker 74: mean=3.06px, max=4.60px
  Marker 75: mean=4.36px, max=6.75px
  Marker 76: mean=64.74px, max=73.44px
  Marker 77: mean=30.50px, max=36.33px
  Marker 80: mean=4.15px, max=6.46px
  Homography calculated
  RANSAC inliers: 39/68
  Saved: image_05_registered.JPG
  Mean marker error: 21.59px
  Max marker error: 112.34px

image_06.JPG
  Shared markers: [44, 46, 47, 48, 49, 54, 55, 56, 62, 64, 66, 68, 70, 71, 72, 73, 75, 76, 77, 78, 80]
  ArUco scale relative to reference: 1.714x
  Using 84 corresponding points
  Removing bad markers: [44, 54, 56, 62, 68]
  Recalculated using: [46, 47, 48, 49, 55, 64, 66, 70, 71, 72, 73, 75, 76, 77, 78, 80]
  Marker 44: mean=39.52px, max=47.52px
  Marker 46: mean=5.54px, max=8.50px
  Marker 47: mean=1.52px, max=2.81px
  Marker 48: mean=2.18px, max=3.05px
  Marker 49: mean=1.17px, max=2.28px
  Marker 54: mean=19.41px, max=24.70px
  Marker 55: mean=1.57px, max=2.56px
  Marker 56: mean=15.87px, max=20.64px
  Marker 62: mean=14.73px, max=18.03px
  Marker 64: mean=1.13px, max=2.18px
  Marker 66: mean=1.29px, max=2.41px
  Marker 68: mean=17.88px, max=21.31px
  Marker 70: mean=6.30px, max=8.42px
  Marker 71: mean=2.06px, max=2.75px
  Marker 72: mean=7.12px, max=9.25px
  Marker 73: mean=1.89px, max=3.10px
  Marker 75: mean=1.32px, max=1.98px
  Marker 76: mean=1.34px, max=2.82px
  Marker 77: mean=1.15px, max=1.82px
  Marker 78: mean=5.82px, max=8.61px
  Marker 80: mean=4.77px, max=7.51px
  Homography calculated
  RANSAC inliers: 42/64
  Saved: image_06_registered.JPG
  Mean marker error: 7.31px
  Max marker error: 47.52px

image_07.JPG
  Shared markers: [32, 34, 35, 36, 37, 38, 39, 40, 41, 43, 45, 46, 47, 48, 49, 51, 55, 60, 62, 64, 66, 67, 68, 70, 71, 72, 73, 75, 76, 77, 78, 80]
  ArUco scale relative to reference: 1.726x
  Using 128 corresponding points
  Removing bad markers: [36, 43, 45, 51, 64, 66, 67, 76, 78]
  Recalculated using: [32, 34, 35, 37, 38, 39, 40, 41, 46, 47, 48, 49, 55, 60, 62, 68, 70, 71, 72, 73, 75, 77, 80]
  Marker 32: mean=9.36px, max=13.96px
  Marker 34: mean=7.24px, max=11.38px
  Marker 35: mean=5.22px, max=8.38px
  Marker 36: mean=12.99px, max=17.61px
  Marker 37: mean=4.10px, max=6.41px
  Marker 38: mean=2.42px, max=3.66px
  Marker 39: mean=3.30px, max=6.34px
  Marker 40: mean=4.03px, max=6.24px
  Marker 41: mean=2.32px, max=4.57px
  Marker 43: mean=13.67px, max=18.95px
  Marker 45: mean=14.09px, max=19.53px
  Marker 46: mean=1.92px, max=3.04px
  Marker 47: mean=5.63px, max=7.65px
  Marker 48: mean=2.78px, max=4.82px
  Marker 49: mean=2.40px, max=4.29px
  Marker 51: mean=42.05px, max=49.71px
  Marker 55: mean=2.32px, max=2.39px
  Marker 60: mean=3.87px, max=7.80px
  Marker 62: mean=2.44px, max=3.39px
  Marker 64: mean=12.93px, max=18.01px
  Marker 66: mean=12.53px, max=17.42px
  Marker 67: mean=26.40px, max=32.50px
  Marker 68: mean=5.14px, max=7.58px
  Marker 70: mean=2.29px, max=3.41px
  Marker 71: mean=2.01px, max=3.79px
  Marker 72: mean=6.85px, max=8.47px
  Marker 73: mean=3.17px, max=6.39px
  Marker 75: mean=3.45px, max=5.22px
  Marker 76: mean=13.11px, max=18.17px
  Marker 77: mean=3.40px, max=6.76px
  Marker 78: mean=29.56px, max=36.75px
  Marker 80: mean=2.43px, max=4.51px
  Homography calculated
  RANSAC inliers: 42/92
  Saved: image_07_registered.JPG
  Mean marker error: 8.29px
  Max marker error: 49.71px

image_08.JPG
  Shared markers: [16, 20, 22, 26, 32, 34, 35, 36, 37, 38, 39, 40, 41, 43, 45, 51, 60, 62, 67, 68, 70, 72]
  ArUco scale relative to reference: 1.734x
  Using 88 corresponding points
  Removing bad markers: [20, 22, 26]
  Recalculated using: [16, 32, 34, 35, 36, 37, 38, 39, 40, 41, 43, 45, 51, 60, 62, 67, 68, 70, 72]
  Marker 16: mean=3.13px, max=5.96px
  Marker 20: mean=28.33px, max=33.54px
  Marker 22: mean=11.67px, max=15.56px
  Marker 26: mean=14.72px, max=18.88px
  Marker 32: mean=2.72px, max=4.72px
  Marker 34: mean=3.62px, max=6.39px
  Marker 35: mean=2.44px, max=3.99px
  Marker 36: mean=1.72px, max=3.28px
  Marker 37: mean=4.49px, max=6.02px
  Marker 38: mean=5.01px, max=6.44px
  Marker 39: mean=1.71px, max=2.81px
  Marker 40: mean=2.19px, max=4.10px
  Marker 41: mean=3.80px, max=5.45px
  Marker 43: mean=1.89px, max=3.28px
  Marker 45: mean=1.64px, max=2.82px
  Marker 51: mean=8.77px, max=12.35px
  Marker 60: mean=1.84px, max=2.08px
  Marker 62: mean=2.58px, max=4.98px
  Marker 67: mean=2.73px, max=5.11px
  Marker 68: mean=3.10px, max=4.73px
  Marker 70: mean=8.53px, max=12.33px
  Marker 72: mean=1.60px, max=2.56px
  Homography calculated
  RANSAC inliers: 44/76
  Saved: image_08_registered.JPG
  Mean marker error: 5.37px
  Max marker error: 33.54px

image_09.JPG
  Shared markers: [8, 9, 11, 12, 13, 14, 15, 16, 20, 22, 24, 26, 27, 28, 32, 34, 35, 36, 37, 38, 39, 40, 41, 45, 67, 68, 72]
  ArUco scale relative to reference: 1.748x
  Using 108 corresponding points
  Removing bad markers: [32, 35, 36, 37, 38, 39, 41, 45, 67, 68, 72]
  Recalculated using: [8, 9, 11, 12, 13, 14, 15, 16, 20, 22, 24, 26, 27, 28, 34, 40]
  Marker 8: mean=1.10px, max=2.06px
  Marker 9: mean=1.45px, max=2.66px
  Marker 11: mean=1.36px, max=2.77px
  Marker 12: mean=5.37px, max=7.07px
  Marker 13: mean=1.71px, max=2.96px
  Marker 14: mean=5.61px, max=7.19px
  Marker 15: mean=3.49px, max=4.24px
  Marker 16: mean=4.40px, max=6.79px
  Marker 20: mean=2.18px, max=4.05px
  Marker 22: mean=2.44px, max=3.77px
  Marker 24: mean=4.65px, max=6.61px
  Marker 26: mean=5.24px, max=7.01px
  Marker 27: mean=1.68px, max=3.27px
  Marker 28: mean=1.82px, max=2.88px
  Marker 32: mean=61.76px, max=71.27px
  Marker 34: mean=3.70px, max=7.18px
  Marker 35: mean=28.18px, max=34.83px
  Marker 36: mean=54.26px, max=63.19px
  Marker 37: mean=12.43px, max=17.55px
  Marker 38: mean=31.42px, max=38.46px
  Marker 39: mean=12.46px, max=17.51px
  Marker 40: mean=2.82px, max=5.47px
  Marker 41: mean=70.91px, max=80.27px
  Marker 45: mean=87.86px, max=99.37px
  Marker 67: mean=92.26px, max=103.98px
  Marker 68: mean=65.07px, max=72.90px
  Marker 72: mean=68.36px, max=77.83px
  Homography calculated
  RANSAC inliers: 41/64
  Saved: image_09_registered.JPG
  Mean marker error: 23.48px
  Max marker error: 103.98px

image_10.JPG
  Shared markers: [8, 9, 11, 12, 13, 14, 15, 16, 20, 22, 24, 26, 27, 28, 29, 34, 35, 37, 39, 40, 65]
  ArUco scale relative to reference: 1.747x
  Using 84 corresponding points
  Removing bad markers: [29, 34, 35, 37, 39, 40]
  Recalculated using: [8, 9, 11, 12, 13, 14, 15, 16, 20, 22, 24, 26, 27, 28, 65]
  Marker 8: mean=0.80px, max=1.49px
  Marker 9: mean=1.60px, max=3.13px
  Marker 11: mean=1.02px, max=1.94px
  Marker 12: mean=5.19px, max=7.07px
  Marker 13: mean=1.35px, max=2.43px
  Marker 14: mean=5.16px, max=6.87px
  Marker 15: mean=1.94px, max=3.03px
  Marker 16: mean=3.12px, max=5.64px
  Marker 20: mean=1.86px, max=3.28px
  Marker 22: mean=4.42px, max=6.86px
  Marker 24: mean=1.39px, max=2.71px
  Marker 26: mean=1.51px, max=1.79px
  Marker 27: mean=1.19px, max=1.63px
  Marker 28: mean=1.35px, max=2.33px
  Marker 29: mean=12.24px, max=15.07px
  Marker 34: mean=10.65px, max=14.34px
  Marker 35: mean=45.27px, max=53.30px
  Marker 37: mean=26.35px, max=32.08px
  Marker 39: mean=22.92px, max=28.29px
  Marker 40: mean=11.33px, max=15.19px
  Marker 65: mean=5.03px, max=6.95px
  Homography calculated
  RANSAC inliers: 43/60
  Saved: image_10_registered.JPG
  Mean marker error: 7.89px
  Max marker error: 53.30px

image_11.JPG
  Shared markers: [8, 9, 10, 11, 12, 13, 14, 15, 16, 19, 20, 21, 22, 23, 24, 25, 26, 27, 28, 29, 31, 34, 42, 44, 46, 52, 53, 54, 56, 65, 74]
  ArUco scale relative to reference: 1.750x
  Using 124 corresponding points
  Removing bad markers: [11, 13, 21, 27, 28, 53, 65]
  Recalculated using: [8, 9, 10, 12, 14, 15, 16, 19, 20, 22, 23, 24, 25, 26, 29, 31, 34, 42, 44, 46, 52, 54, 56, 74]
  Marker 8: mean=6.76px, max=9.13px
  Marker 9: mean=3.09px, max=6.14px
  Marker 10: mean=9.04px, max=10.59px
  Marker 11: mean=14.18px, max=19.58px
  Marker 12: mean=9.42px, max=10.95px
  Marker 13: mean=13.88px, max=19.01px
  Marker 14: mean=3.59px, max=6.29px
  Marker 15: mean=2.23px, max=4.32px
  Marker 16: mean=4.68px, max=7.78px
  Marker 19: mean=4.56px, max=6.89px
  Marker 20: mean=8.72px, max=13.43px
  Marker 21: mean=11.58px, max=16.16px
  Marker 22: mean=5.03px, max=9.09px
  Marker 23: mean=2.25px, max=4.79px
  Marker 24: mean=5.15px, max=9.42px
  Marker 25: mean=2.22px, max=4.46px
  Marker 26: mean=3.52px, max=5.49px
  Marker 27: mean=16.23px, max=22.17px
  Marker 28: mean=17.13px, max=22.98px
  Marker 29: mean=5.22px, max=7.29px
  Marker 31: mean=6.01px, max=8.20px
  Marker 34: mean=9.21px, max=14.99px
  Marker 42: mean=2.17px, max=4.38px
  Marker 44: mean=1.31px, max=1.88px
  Marker 46: mean=1.05px, max=1.41px
  Marker 52: mean=3.09px, max=5.94px
  Marker 53: mean=12.32px, max=16.65px
  Marker 54: mean=3.40px, max=4.49px
  Marker 56: mean=1.26px, max=2.71px
  Marker 65: mean=39.50px, max=47.29px
  Marker 74: mean=3.21px, max=4.88px
  Homography calculated
  RANSAC inliers: 40/96
  Saved: image_11_registered.JPG
  Mean marker error: 7.45px
  Max marker error: 47.29px

Saved image scales: homographies\drawer_009\image_scales.json

==================================================
Processing drawer_010
==================================================
Reference image: image_01.JPG
Markers: [8, 9, 10, 11, 12, 13, 14, 15, 16, 19, 20, 21, 22, 23, 24, 25, 26, 27, 28, 29, 31, 32, 34, 35, 36, 37, 38, 39, 40, 41, 42, 43, 44, 45, 46, 47, 48, 49, 51, 52, 53, 54, 55, 56, 60, 62, 64, 65, 66, 67, 68, 70, 71, 72, 73, 74, 75, 76, 77, 78, 80]

image_02.JPG
  Shared markers: [8, 10, 12, 25, 31, 42, 44, 46, 47, 48, 49, 52, 53, 54, 55, 56, 60, 62, 64, 66, 68, 70, 71, 72, 73, 74, 75, 76, 77, 78, 80]
  ArUco scale relative to reference: 1.716x
  Using 124 corresponding points
  Removing bad markers: [8, 10, 12, 25, 31, 42, 44, 52, 53, 54, 56, 60, 68, 74, 78]
  Recalculated using: [46, 47, 48, 49, 55, 62, 64, 66, 70, 71, 72, 73, 75, 76, 77, 80]
  Marker 8: mean=128.79px, max=142.70px
  Marker 10: mean=97.63px, max=107.29px
  Marker 12: mean=107.86px, max=119.40px
  Marker 25: mean=107.68px, max=119.01px
  Marker 31: mean=97.10px, max=106.44px
  Marker 42: mean=87.48px, max=97.95px
  Marker 44: mean=41.08px, max=48.20px
  Marker 46: mean=9.63px, max=12.74px
  Marker 47: mean=4.64px, max=5.36px
  Marker 48: mean=1.38px, max=2.59px
  Marker 49: mean=3.26px, max=3.57px
  Marker 52: mean=73.48px, max=83.54px
  Marker 53: mean=123.63px, max=137.18px
  Marker 54: mean=23.13px, max=28.09px
  Marker 55: mean=2.83px, max=4.79px
  Marker 56: mean=19.88px, max=24.57px
  Marker 60: mean=26.53px, max=31.46px
  Marker 62: mean=9.16px, max=12.01px
  Marker 64: mean=1.35px, max=1.66px
  Marker 66: mean=1.04px, max=1.32px
  Marker 68: mean=10.95px, max=13.97px
  Marker 70: mean=1.03px, max=2.03px
  Marker 71: mean=5.87px, max=6.02px
  Marker 72: mean=1.21px, max=1.64px
  Marker 73: mean=2.71px, max=3.75px
  Marker 74: mean=50.16px, max=57.78px
  Marker 75: mean=2.62px, max=4.61px
  Marker 76: mean=1.62px, max=3.02px
  Marker 77: mean=1.28px, max=1.75px
  Marker 78: mean=10.09px, max=12.63px
  Marker 80: mean=8.41px, max=11.38px
  Homography calculated
  RANSAC inliers: 36/64
  Saved: image_02_registered.JPG
  Mean marker error: 34.31px
  Max marker error: 142.70px

image_03.JPG
  Shared markers: [8, 10, 11, 12, 15, 16, 20, 22, 24, 26, 27, 28, 32, 34, 35, 36, 37, 38, 39, 40, 41, 43, 45, 47, 49, 60, 68, 72]
  ArUco scale relative to reference: 1.729x
  Using 112 corresponding points
  Removing bad markers: [8, 10, 11, 12, 15, 20, 22, 24, 26, 27, 28, 49]
  Recalculated using: [16, 32, 34, 35, 36, 37, 38, 39, 40, 41, 43, 45, 47, 60, 68, 72]
  Marker 8: mean=46.25px, max=50.92px
  Marker 10: mean=56.78px, max=64.03px
  Marker 11: mean=62.15px, max=69.57px
  Marker 12: mean=48.28px, max=53.99px
  Marker 15: mean=50.58px, max=56.29px
  Marker 16: mean=2.21px, max=4.42px
  Marker 20: mean=23.25px, max=28.37px
  Marker 22: mean=10.10px, max=13.92px
  Marker 24: mean=26.89px, max=32.48px
  Marker 26: mean=11.71px, max=15.62px
  Marker 27: mean=53.23px, max=60.58px
  Marker 28: mean=44.13px, max=51.11px
  Marker 32: mean=2.40px, max=4.93px
  Marker 34: mean=3.12px, max=5.89px
  Marker 35: mean=1.87px, max=3.46px
  Marker 36: mean=3.01px, max=6.22px
  Marker 37: mean=5.22px, max=6.90px
  Marker 38: mean=4.48px, max=6.57px
  Marker 39: mean=1.93px, max=3.05px
  Marker 40: mean=3.01px, max=5.01px
  Marker 41: mean=2.36px, max=4.39px
  Marker 43: mean=9.46px, max=14.25px
  Marker 45: mean=6.81px, max=11.38px
  Marker 47: mean=2.97px, max=6.06px
  Marker 49: mean=18.09px, max=24.83px
  Marker 60: mean=3.98px, max=7.64px
  Marker 68: mean=4.02px, max=6.18px
  Marker 72: mean=2.75px, max=5.35px
  Homography calculated
  RANSAC inliers: 33/64
  Saved: image_03_registered.JPG
  Mean marker error: 18.25px
  Max marker error: 69.57px

image_04.JPG
  Shared markers: [8, 10, 12, 14, 19, 21, 23, 25, 29, 31, 42, 44, 46, 48, 52, 53, 54, 55, 56, 74, 75, 80]
  ArUco scale relative to reference: 1.732x
  Using 88 corresponding points
  Removing bad markers: [8, 48, 55]
  Recalculated using: [10, 12, 14, 19, 21, 23, 25, 29, 31, 42, 44, 46, 52, 53, 54, 56, 74, 75, 80]
  Marker 8: mean=11.04px, max=14.59px
  Marker 10: mean=2.19px, max=3.94px
  Marker 12: mean=2.33px, max=4.60px
  Marker 14: mean=9.71px, max=13.45px
  Marker 19: mean=1.50px, max=2.39px
  Marker 21: mean=5.14px, max=8.15px
  Marker 23: mean=1.63px, max=2.44px
  Marker 25: mean=1.34px, max=2.16px
  Marker 29: mean=2.65px, max=5.06px
  Marker 31: mean=3.16px, max=4.32px
  Marker 42: mean=1.30px, max=2.23px
  Marker 44: mean=1.54px, max=2.27px
  Marker 46: mean=1.83px, max=3.66px
  Marker 48: mean=25.12px, max=29.79px
  Marker 52: mean=2.04px, max=4.00px
  Marker 53: mean=5.93px, max=8.68px
  Marker 54: mean=1.20px, max=2.14px
  Marker 55: mean=18.31px, max=22.67px
  Marker 56: mean=2.64px, max=4.35px
  Marker 74: mean=1.74px, max=3.02px
  Marker 75: mean=8.09px, max=10.94px
  Marker 80: mean=7.23px, max=9.97px
  Homography calculated
  RANSAC inliers: 43/76
  Saved: image_04_registered.JPG
  Mean marker error: 5.35px
  Max marker error: 29.79px

image_05.JPG
  Shared markers: [8, 10, 12, 21, 25, 31, 42, 44, 46, 47, 48, 49, 52, 53, 54, 55, 56, 64, 68, 70, 71, 72, 73, 74, 75, 76, 77, 80]
  ArUco scale relative to reference: 1.715x
  Using 112 corresponding points
  Removing bad markers: [21, 25, 42, 49, 52, 53, 64, 70, 71, 73, 76, 77]
  Recalculated using: [8, 10, 12, 31, 44, 46, 47, 48, 54, 55, 56, 68, 72, 74, 75, 80]
  Marker 8: mean=3.73px, max=4.74px
  Marker 10: mean=2.90px, max=5.89px
  Marker 12: mean=3.85px, max=6.65px
  Marker 21: mean=34.53px, max=43.12px
  Marker 25: mean=15.35px, max=21.50px
  Marker 31: mean=3.62px, max=7.47px
  Marker 42: mean=13.12px, max=18.82px
  Marker 44: mean=3.73px, max=7.40px
  Marker 46: mean=3.68px, max=5.16px
  Marker 47: mean=2.99px, max=5.12px
  Marker 48: mean=2.59px, max=4.88px
  Marker 49: mean=16.55px, max=20.78px
  Marker 52: mean=13.32px, max=18.88px
  Marker 53: mean=32.58px, max=40.73px
  Marker 54: mean=3.37px, max=5.43px
  Marker 55: mean=3.34px, max=6.19px
  Marker 56: mean=2.13px, max=2.77px
  Marker 64: mean=33.09px, max=40.15px
  Marker 68: mean=3.20px, max=6.63px
  Marker 70: mean=12.06px, max=15.30px
  Marker 71: mean=11.27px, max=15.62px
  Marker 72: mean=2.50px, max=3.07px
  Marker 73: mean=13.44px, max=18.23px
  Marker 74: mean=2.79px, max=5.64px
  Marker 75: mean=2.18px, max=3.77px
  Marker 76: mean=29.71px, max=36.45px
  Marker 77: mean=11.64px, max=16.15px
  Marker 80: mean=1.89px, max=2.32px
  Homography calculated
  RANSAC inliers: 32/64
  Saved: image_05_registered.JPG
  Mean marker error: 10.18px
  Max marker error: 43.12px

image_06.JPG
  Shared markers: [44, 46, 47, 48, 49, 54, 55, 56, 62, 64, 66, 68, 70, 71, 72, 73, 75, 76, 77, 78, 80]
  ArUco scale relative to reference: 1.700x
  Using 84 corresponding points
  Removing bad markers: [44, 54, 56, 62, 68]
  Recalculated using: [46, 47, 48, 49, 55, 64, 66, 70, 71, 72, 73, 75, 76, 77, 78, 80]
  Marker 44: mean=44.48px, max=52.91px
  Marker 46: mean=7.57px, max=10.80px
  Marker 47: mean=1.17px, max=2.21px
  Marker 48: mean=1.87px, max=2.77px
  Marker 49: mean=0.89px, max=1.78px
  Marker 54: mean=23.29px, max=28.73px
  Marker 55: mean=1.64px, max=3.07px
  Marker 56: mean=18.62px, max=23.58px
  Marker 62: mean=14.03px, max=17.23px
  Marker 64: mean=0.93px, max=1.93px
  Marker 66: mean=1.17px, max=2.17px
  Marker 68: mean=16.98px, max=20.30px
  Marker 70: mean=5.71px, max=7.82px
  Marker 71: mean=2.25px, max=2.83px
  Marker 72: mean=6.48px, max=8.41px
  Marker 73: mean=1.76px, max=2.85px
  Marker 75: mean=1.33px, max=2.59px
  Marker 76: mean=1.21px, max=2.54px
  Marker 77: mean=1.23px, max=1.81px
  Marker 78: mean=5.68px, max=8.23px
  Marker 80: mean=6.06px, max=9.00px
  Homography calculated
  RANSAC inliers: 41/64
  Saved: image_06_registered.JPG
  Mean marker error: 7.83px
  Max marker error: 52.91px

image_07.JPG
  Shared markers: [16, 32, 34, 35, 36, 37, 38, 39, 40, 41, 43, 45, 46, 47, 48, 49, 51, 55, 60, 62, 64, 66, 67, 68, 70, 71, 72, 73, 75, 76, 77, 78, 80]
  ArUco scale relative to reference: 1.709x
  Using 132 corresponding points
  Removing bad markers: [51, 64, 66, 67, 76, 78]
  Recalculated using: [16, 32, 34, 35, 36, 37, 38, 39, 40, 41, 43, 45, 46, 47, 48, 49, 55, 60, 62, 68, 70, 71, 72, 73, 75, 77, 80]
  Marker 16: mean=2.32px, max=3.91px
  Marker 32: mean=3.47px, max=7.02px
  Marker 34: mean=3.23px, max=6.73px
  Marker 35: mean=2.26px, max=3.46px
  Marker 36: mean=6.18px, max=9.93px
  Marker 37: mean=5.95px, max=7.86px
  Marker 38: mean=3.54px, max=6.07px
  Marker 39: mean=2.30px, max=2.75px
  Marker 40: mean=5.18px, max=7.28px
  Marker 41: mean=3.48px, max=6.23px
  Marker 43: mean=6.67px, max=10.99px
  Marker 45: mean=6.89px, max=11.30px
  Marker 46: mean=2.93px, max=5.33px
  Marker 47: mean=7.02px, max=8.88px
  Marker 48: mean=2.29px, max=4.28px
  Marker 49: mean=2.12px, max=3.51px
  Marker 51: mean=29.14px, max=35.58px
  Marker 55: mean=2.82px, max=4.87px
  Marker 60: mean=2.22px, max=4.04px
  Marker 62: mean=4.23px, max=6.29px
  Marker 64: mean=14.24px, max=19.84px
  Marker 66: mean=12.51px, max=17.80px
  Marker 67: mean=16.48px, max=21.42px
  Marker 68: mean=7.87px, max=9.69px
  Marker 70: mean=3.73px, max=6.04px
  Marker 71: mean=2.36px, max=4.46px
  Marker 72: mean=8.63px, max=10.07px
  Marker 73: mean=4.47px, max=8.24px
  Marker 75: mean=2.68px, max=4.93px
  Marker 76: mean=15.55px, max=21.30px
  Marker 77: mean=5.49px, max=9.41px
  Marker 78: mean=33.19px, max=41.16px
  Marker 80: mean=4.19px, max=8.13px
  Homography calculated
  RANSAC inliers: 47/108
  Saved: image_07_registered.JPG
  Mean marker error: 7.14px
  Max marker error: 41.16px

image_08.JPG
  Shared markers: [16, 20, 22, 26, 32, 34, 35, 36, 37, 38, 39, 40, 41, 43, 45, 47, 51, 60, 62, 67, 68, 70, 72]
  ArUco scale relative to reference: 1.711x
  Using 92 corresponding points
  Removing bad markers: [20, 22, 26, 51]
  Recalculated using: [16, 32, 34, 35, 36, 37, 38, 39, 40, 41, 43, 45, 47, 60, 62, 67, 68, 70, 72]
  Marker 16: mean=2.47px, max=4.81px
  Marker 20: mean=27.43px, max=33.54px
  Marker 22: mean=11.14px, max=15.61px
  Marker 26: mean=13.16px, max=17.79px
  Marker 32: mean=1.62px, max=3.00px
  Marker 34: mean=3.58px, max=6.61px
  Marker 35: mean=1.74px, max=2.28px
  Marker 36: mean=2.29px, max=4.77px
  Marker 37: mean=4.12px, max=5.90px
  Marker 38: mean=3.35px, max=5.19px
  Marker 39: mean=2.03px, max=2.33px
  Marker 40: mean=2.70px, max=4.79px
  Marker 41: mean=2.71px, max=4.50px
  Marker 43: mean=3.69px, max=6.50px
  Marker 45: mean=3.02px, max=5.94px
  Marker 47: mean=2.97px, max=5.65px
  Marker 51: mean=16.07px, max=20.44px
  Marker 60: mean=1.84px, max=2.57px
  Marker 62: mean=1.90px, max=3.10px
  Marker 67: mean=8.20px, max=11.43px
  Marker 68: mean=3.81px, max=5.15px
  Marker 70: mean=4.76px, max=7.89px
  Marker 72: mean=1.95px, max=3.77px
  Homography calculated
  RANSAC inliers: 46/76
  Saved: image_08_registered.JPG
  Mean marker error: 5.50px
  Max marker error: 33.54px

image_09.JPG
  Shared markers: [8, 10, 11, 12, 15, 16, 20, 22, 24, 26, 27, 28, 32, 34, 35, 36, 37, 38, 39, 40, 41, 43, 45, 47, 51, 60, 62, 67, 68, 70, 72]
  ArUco scale relative to reference: 1.731x
  Using 124 corresponding points
  Removing bad markers: [11, 15, 20, 24, 27, 28, 36, 43, 45, 47, 51, 67, 72]
  Recalculated using: [8, 10, 12, 16, 22, 26, 32, 34, 35, 37, 38, 39, 40, 41, 60, 62, 68, 70]
  Marker 8: mean=4.29px, max=7.79px
  Marker 10: mean=3.50px, max=5.84px
  Marker 11: mean=34.09px, max=41.29px
  Marker 12: mean=2.64px, max=5.22px
  Marker 15: mean=15.31px, max=20.88px
  Marker 16: mean=3.47px, max=6.46px
  Marker 20: mean=14.59px, max=20.10px
  Marker 22: mean=6.00px, max=10.28px
  Marker 24: mean=13.19px, max=18.95px
  Marker 26: mean=3.83px, max=7.55px
  Marker 27: mean=32.49px, max=39.94px
  Marker 28: mean=29.45px, max=36.66px
  Marker 32: mean=7.91px, max=13.14px
  Marker 34: mean=3.04px, max=5.78px
  Marker 35: mean=4.22px, max=7.91px
  Marker 36: mean=11.25px, max=16.37px
  Marker 37: mean=3.93px, max=6.61px
  Marker 38: mean=2.69px, max=4.02px
  Marker 39: mean=2.98px, max=4.94px
  Marker 40: mean=4.39px, max=6.93px
  Marker 41: mean=2.83px, max=5.07px
  Marker 43: mean=13.66px, max=19.88px
  Marker 45: mean=13.28px, max=19.43px
  Marker 47: mean=11.20px, max=13.77px
  Marker 51: mean=42.96px, max=52.31px
  Marker 60: mean=3.58px, max=7.20px
  Marker 62: mean=3.44px, max=6.60px
  Marker 67: mean=24.86px, max=31.96px
  Marker 68: mean=8.31px, max=11.03px
  Marker 70: mean=3.96px, max=7.24px
  Marker 72: mean=11.20px, max=13.41px
  Homography calculated
  RANSAC inliers: 31/72
  Saved: image_09_registered.JPG
  Mean marker error: 11.05px
  Max marker error: 52.31px

image_10.JPG
  Shared markers: [8, 9, 10, 11, 12, 13, 14, 15, 16, 19, 20, 22, 24, 26, 27, 28, 29, 34, 35, 37, 38, 39, 40, 65]
  ArUco scale relative to reference: 1.745x
  Using 96 corresponding points
  Removing bad markers: [35, 37, 38, 39, 65]
  Recalculated using: [8, 9, 10, 11, 12, 13, 14, 15, 16, 19, 20, 22, 24, 26, 27, 28, 29, 34, 40]
  Marker 8: mean=6.86px, max=8.38px
  Marker 9: mean=2.14px, max=4.11px
  Marker 10: mean=2.40px, max=4.56px
  Marker 11: mean=1.55px, max=2.48px
  Marker 12: mean=5.82px, max=8.05px
  Marker 13: mean=2.21px, max=4.14px
  Marker 14: mean=2.17px, max=4.04px
  Marker 15: mean=5.08px, max=6.75px
  Marker 16: mean=1.43px, max=2.32px
  Marker 19: mean=9.08px, max=13.74px
  Marker 20: mean=1.54px, max=2.47px
  Marker 22: mean=1.65px, max=3.05px
  Marker 24: mean=3.45px, max=5.18px
  Marker 26: mean=2.67px, max=4.15px
  Marker 27: mean=1.45px, max=2.57px
  Marker 28: mean=1.54px, max=2.39px
  Marker 29: mean=2.65px, max=5.33px
  Marker 34: mean=6.21px, max=8.74px
  Marker 35: mean=29.43px, max=34.99px
  Marker 37: mean=17.07px, max=20.98px
  Marker 38: mean=35.36px, max=41.61px
  Marker 39: mean=14.80px, max=18.39px
  Marker 40: mean=7.08px, max=9.76px
  Marker 65: mean=10.08px, max=13.23px
  Homography calculated
  RANSAC inliers: 42/76
  Saved: image_10_registered.JPG
  Mean marker error: 7.24px
  Max marker error: 41.61px

image_11.JPG
  Shared markers: [8, 9, 10, 11, 12, 13, 14, 15, 16, 19, 20, 21, 22, 23, 24, 25, 26, 27, 28, 29, 31, 34, 40, 42, 44, 46, 52, 53, 54, 56, 65, 74, 80]
  ArUco scale relative to reference: 1.743x
  Using 132 corresponding points
  Removing bad markers: [8, 9, 10, 12, 14, 15, 19, 29, 31, 53, 65]
  Recalculated using: [11, 13, 16, 20, 21, 22, 23, 24, 25, 26, 27, 28, 34, 40, 42, 44, 46, 52, 54, 56, 74, 80]
  Marker 8: mean=16.38px, max=17.88px
  Marker 9: mean=10.80px, max=13.57px
  Marker 10: mean=15.91px, max=17.22px
  Marker 11: mean=2.66px, max=5.10px
  Marker 12: mean=17.45px, max=18.44px
  Marker 13: mean=2.99px, max=5.94px
  Marker 14: mean=14.40px, max=16.22px
  Marker 15: mean=11.78px, max=14.13px
  Marker 16: mean=8.68px, max=11.97px
  Marker 19: mean=12.03px, max=14.16px
  Marker 20: mean=3.38px, max=5.12px
  Marker 21: mean=7.16px, max=11.73px
  Marker 22: mean=3.57px, max=5.95px
  Marker 23: mean=4.84px, max=8.04px
  Marker 24: mean=5.70px, max=9.20px
  Marker 25: mean=3.20px, max=6.20px
  Marker 26: mean=8.19px, max=11.12px
  Marker 27: mean=3.04px, max=6.09px
  Marker 28: mean=3.90px, max=7.83px
  Marker 29: mean=14.35px, max=15.87px
  Marker 31: mean=11.73px, max=13.64px
  Marker 34: mean=4.07px, max=7.62px
  Marker 40: mean=4.14px, max=6.71px
  Marker 42: mean=2.00px, max=3.75px
  Marker 44: mean=1.71px, max=2.20px
  Marker 46: mean=1.47px, max=2.66px
  Marker 52: mean=2.82px, max=5.85px
  Marker 53: mean=10.17px, max=14.67px
  Marker 54: mean=3.16px, max=4.38px
  Marker 56: mean=2.49px, max=4.53px
  Marker 65: mean=18.14px, max=24.14px
  Marker 74: mean=3.85px, max=5.71px
  Marker 80: mean=8.61px, max=11.93px
  Homography calculated
  RANSAC inliers: 42/88
  Saved: image_11_registered.JPG
  Mean marker error: 7.42px
  Max marker error: 24.14px

Saved image scales: homographies\drawer_010\image_scales.json

==================================================
Processing drawer_011
==================================================
Reference image: image_01.JPG
Markers: [8, 9, 10, 11, 12, 13, 14, 15, 16, 19, 20, 21, 22, 23, 24, 25, 26, 27, 28, 29, 31, 32, 34, 35, 36, 37, 38, 39, 40, 41, 42, 43, 44, 45, 46, 47, 48, 49, 51, 52, 53, 54, 55, 56, 60, 62, 64, 65, 66, 67, 68, 70, 71, 72, 73, 74, 75, 76, 77, 78, 80]

image_02.JPG
  Shared markers: [8, 10, 12, 19, 21, 23, 25, 31, 42, 44, 46, 47, 48, 52, 54, 55, 56, 64, 68, 71, 72, 73, 74, 75, 76, 77, 80]
  ArUco scale relative to reference: 1.757x
  Using 108 corresponding points
  Removing bad markers: [8, 47, 48, 55, 64, 68, 71, 72, 73, 75, 76, 77, 80]
  Recalculated using: [10, 12, 19, 21, 23, 25, 31, 42, 44, 46, 52, 54, 56, 74]
  Marker 8: mean=23.44px, max=28.00px
  Marker 10: mean=1.78px, max=3.47px
  Marker 12: mean=9.45px, max=12.30px
  Marker 19: mean=2.01px, max=3.73px
  Marker 21: mean=6.34px, max=10.00px
  Marker 23: mean=1.80px, max=3.22px
  Marker 25: mean=1.35px, max=2.34px
  Marker 31: mean=1.86px, max=2.97px
  Marker 42: mean=1.21px, max=2.30px
  Marker 44: mean=2.11px, max=3.63px
  Marker 46: mean=6.20px, max=8.85px
  Marker 47: mean=139.12px, max=151.25px
  Marker 48: mean=41.64px, max=48.52px
  Marker 52: mean=2.01px, max=3.88px
  Marker 54: mean=1.31px, max=2.49px
  Marker 55: mean=32.10px, max=38.14px
  Marker 56: mean=6.25px, max=8.82px
  Marker 64: mean=154.30px, max=167.95px
  Marker 68: mean=188.65px, max=205.88px
  Marker 71: mean=133.49px, max=143.62px
  Marker 72: mean=156.80px, max=171.19px
  Marker 73: mean=86.74px, max=96.92px
  Marker 74: mean=1.52px, max=2.67px
  Marker 75: mean=17.50px, max=21.83px
  Marker 76: mean=125.16px, max=137.99px
  Marker 77: mean=67.22px, max=76.16px
  Marker 80: mean=14.96px, max=19.07px
  Homography calculated
  RANSAC inliers: 31/56
  Saved: image_02_registered.JPG
  Mean marker error: 45.42px
  Max marker error: 205.88px

image_03.JPG
  Shared markers: [16, 20, 22, 24, 26, 27, 28, 32, 34, 35, 37, 38, 39, 40, 41, 43, 45, 47, 49, 60, 62, 68, 70, 72]
  ArUco scale relative to reference: 1.761x
  Using 96 corresponding points
  Removing bad markers: [20, 22, 24, 26, 27, 28, 49]
  Recalculated using: [16, 32, 34, 35, 37, 38, 39, 40, 41, 43, 45, 47, 60, 62, 68, 70, 72]
  Marker 16: mean=5.22px, max=9.19px
  Marker 20: mean=36.29px, max=43.91px
  Marker 22: mean=18.16px, max=23.81px
  Marker 24: mean=40.30px, max=48.30px
  Marker 26: mean=19.05px, max=24.82px
  Marker 27: mean=77.76px, max=88.44px
  Marker 28: mean=65.96px, max=76.24px
  Marker 32: mean=2.19px, max=3.84px
  Marker 34: mean=8.57px, max=12.69px
  Marker 35: mean=2.53px, max=4.53px
  Marker 37: mean=3.31px, max=5.72px
  Marker 38: mean=3.24px, max=5.47px
  Marker 39: mean=3.59px, max=6.55px
  Marker 40: mean=2.39px, max=3.56px
  Marker 41: mean=6.02px, max=8.19px
  Marker 43: mean=3.08px, max=6.23px
  Marker 45: mean=3.22px, max=6.50px
  Marker 47: mean=1.53px, max=2.97px
  Marker 49: mean=11.51px, max=16.27px
  Marker 60: mean=3.24px, max=5.83px
  Marker 62: mean=3.26px, max=5.70px
  Marker 68: mean=7.97px, max=9.23px
  Marker 70: mean=2.32px, max=4.77px
  Marker 72: mean=5.57px, max=7.39px
  Homography calculated
  RANSAC inliers: 30/68
  Saved: image_03_registered.JPG
  Mean marker error: 14.01px
  Max marker error: 88.44px

image_04.JPG
  Shared markers: [10, 12, 19, 21, 23, 25, 29, 31, 42, 44, 46, 48, 52, 53, 54, 55, 56, 74, 75, 80]
  ArUco scale relative to reference: 1.757x
  Using 80 corresponding points
  Removing bad markers: [48, 55]
  Recalculated using: [10, 12, 19, 21, 23, 25, 29, 31, 42, 44, 46, 52, 53, 54, 56, 74, 75, 80]
  Marker 10: mean=3.84px, max=5.31px
  Marker 12: mean=1.25px, max=2.38px
  Marker 19: mean=2.40px, max=3.81px
  Marker 21: mean=4.42px, max=7.35px
  Marker 23: mean=1.45px, max=2.60px
  Marker 25: mean=1.60px, max=3.01px
  Marker 29: mean=1.62px, max=3.23px
  Marker 31: mean=4.26px, max=5.31px
  Marker 42: mean=1.39px, max=2.58px
  Marker 44: mean=1.33px, max=1.79px
  Marker 46: mean=1.05px, max=1.42px
  Marker 48: mean=21.36px, max=25.82px
  Marker 52: mean=1.58px, max=2.95px
  Marker 53: mean=5.12px, max=7.91px
  Marker 54: mean=2.11px, max=3.11px
  Marker 55: mean=14.56px, max=18.56px
  Marker 56: mean=1.47px, max=2.31px
  Marker 74: mean=2.47px, max=3.73px
  Marker 75: mean=5.22px, max=7.77px
  Marker 80: mean=4.37px, max=6.86px
  Homography calculated
  RANSAC inliers: 47/72
  Saved: image_04_registered.JPG
  Mean marker error: 4.14px
  Max marker error: 25.82px

image_05.JPG
  Shared markers: [10, 12, 21, 25, 31, 42, 44, 46, 47, 48, 52, 53, 54, 55, 56, 64, 71, 72, 73, 74, 75, 76, 77, 80]
  ArUco scale relative to reference: 1.756x
  Using 96 corresponding points
  Removing bad markers: [47, 48, 55, 64, 71, 72, 73, 76, 77]
  Recalculated using: [10, 12, 21, 25, 31, 42, 44, 46, 52, 53, 54, 56, 74, 75, 80]
  Marker 10: mean=1.68px, max=3.29px
  Marker 12: mean=5.22px, max=8.42px
  Marker 21: mean=9.68px, max=14.13px
  Marker 25: mean=2.00px, max=3.54px
  Marker 31: mean=2.94px, max=4.46px
  Marker 42: mean=1.59px, max=2.75px
  Marker 44: mean=1.52px, max=2.65px
  Marker 46: mean=2.23px, max=3.56px
  Marker 47: mean=69.14px, max=77.01px
  Marker 48: mean=14.43px, max=19.00px
  Marker 52: mean=1.83px, max=3.78px
  Marker 53: mean=8.91px, max=13.27px
  Marker 54: mean=3.47px, max=4.48px
  Marker 55: mean=11.13px, max=15.24px
  Marker 56: mean=1.75px, max=2.16px
  Marker 64: mean=84.62px, max=94.33px
  Marker 71: mean=66.81px, max=73.80px
  Marker 72: mean=81.24px, max=90.72px
  Marker 73: mean=41.54px, max=48.68px
  Marker 74: mean=3.48px, max=5.00px
  Marker 75: mean=2.46px, max=4.90px
  Marker 76: mean=67.79px, max=77.29px
  Marker 77: mean=31.05px, max=37.41px
  Marker 80: mean=3.13px, max=5.66px
  Homography calculated
  RANSAC inliers: 33/60
  Saved: image_05_registered.JPG
  Mean marker error: 21.65px
  Max marker error: 94.33px

image_06.JPG
  Shared markers: [44, 46, 47, 48, 49, 54, 55, 56, 62, 64, 66, 70, 71, 72, 73, 75, 76, 77, 78, 80]
  ArUco scale relative to reference: 1.739x
  Using 80 corresponding points
  Removing bad markers: [44, 54, 56, 62]
  Recalculated using: [46, 47, 48, 49, 55, 64, 66, 70, 71, 72, 73, 75, 76, 77, 78, 80]
  Marker 44: mean=40.20px, max=47.85px
  Marker 46: mean=6.70px, max=9.21px
  Marker 47: mean=2.39px, max=4.33px
  Marker 48: mean=1.73px, max=2.45px
  Marker 49: mean=2.18px, max=4.12px
  Marker 54: mean=21.25px, max=26.01px
  Marker 55: mean=1.39px, max=2.32px
  Marker 56: mean=15.57px, max=19.71px
  Marker 62: mean=20.56px, max=24.98px
  Marker 64: mean=1.09px, max=1.99px
  Marker 66: mean=1.72px, max=3.09px
  Marker 70: mean=9.25px, max=12.39px
  Marker 71: mean=1.78px, max=2.84px
  Marker 72: mean=9.72px, max=12.72px
  Marker 73: mean=1.91px, max=2.85px
  Marker 75: mean=1.06px, max=2.07px
  Marker 76: mean=0.98px, max=2.07px
  Marker 77: mean=1.18px, max=1.73px
  Marker 78: mean=5.05px, max=7.66px
  Marker 80: mean=4.78px, max=7.02px
  Homography calculated
  RANSAC inliers: 41/64
  Saved: image_06_registered.JPG
  Mean marker error: 7.52px
  Max marker error: 47.85px

image_07.JPG
  Shared markers: [16, 32, 34, 35, 36, 37, 38, 39, 40, 41, 43, 45, 46, 47, 48, 49, 51, 55, 56, 60, 62, 64, 66, 67, 68, 70, 71, 72, 73, 75, 76, 77, 78, 80]
  ArUco scale relative to reference: 1.757x
  Using 136 corresponding points
  Removing bad markers: [32, 36, 43, 45, 51, 56, 64, 66, 67, 76, 78]
  Recalculated using: [16, 34, 35, 37, 38, 39, 40, 41, 46, 47, 48, 49, 55, 60, 62, 68, 70, 71, 72, 73, 75, 77, 80]
  Marker 16: mean=2.64px, max=3.54px
  Marker 32: mean=11.40px, max=16.14px
  Marker 34: mean=5.50px, max=8.98px
  Marker 35: mean=6.66px, max=10.17px
  Marker 36: mean=14.67px, max=19.49px
  Marker 37: mean=2.82px, max=5.07px
  Marker 38: mean=2.81px, max=5.45px
  Marker 39: mean=3.75px, max=6.41px
  Marker 40: mean=3.23px, max=5.51px
  Marker 41: mean=3.25px, max=6.61px
  Marker 43: mean=16.18px, max=21.70px
  Marker 45: mean=16.55px, max=21.97px
  Marker 46: mean=2.31px, max=4.31px
  Marker 47: mean=4.63px, max=6.56px
  Marker 48: mean=2.20px, max=3.63px
  Marker 49: mean=3.34px, max=6.57px
  Marker 51: mean=44.66px, max=52.30px
  Marker 55: mean=2.94px, max=5.33px
  Marker 56: mean=12.34px, max=17.98px
  Marker 60: mean=5.92px, max=9.97px
  Marker 62: mean=2.45px, max=3.74px
  Marker 64: mean=18.23px, max=24.25px
  Marker 66: mean=17.39px, max=23.12px
  Marker 67: mean=28.38px, max=34.71px
  Marker 68: mean=3.69px, max=6.07px
  Marker 70: mean=2.42px, max=3.10px
  Marker 71: mean=2.17px, max=4.47px
  Marker 72: mean=5.77px, max=7.32px
  Marker 73: mean=6.27px, max=10.43px
  Marker 75: mean=2.35px, max=4.45px
  Marker 76: mean=18.76px, max=24.86px
  Marker 77: mean=6.79px, max=10.91px
  Marker 78: mean=39.06px, max=47.70px
  Marker 80: mean=3.50px, max=7.12px
  Homography calculated
  RANSAC inliers: 36/92
  Saved: image_07_registered.JPG
  Mean marker error: 9.56px
  Max marker error: 52.30px

image_08.JPG
  Shared markers: [16, 22, 26, 32, 34, 35, 36, 37, 38, 39, 40, 41, 43, 45, 47, 51, 60, 62, 67, 68, 70, 72]
  ArUco scale relative to reference: 1.755x
  Using 88 corresponding points
  Removing bad markers: [22, 26, 51]
  Recalculated using: [16, 32, 34, 35, 36, 37, 38, 39, 40, 41, 43, 45, 47, 60, 62, 67, 68, 70, 72]
  Marker 16: mean=6.68px, max=9.61px
  Marker 22: mean=16.37px, max=20.48px
  Marker 26: mean=20.37px, max=24.55px
  Marker 32: mean=1.96px, max=3.85px
  Marker 34: mean=6.68px, max=9.58px
  Marker 35: mean=1.45px, max=2.08px
  Marker 36: mean=1.49px, max=2.49px
  Marker 37: mean=2.72px, max=4.51px
  Marker 38: mean=3.72px, max=5.09px
  Marker 39: mean=1.99px, max=3.71px
  Marker 40: mean=1.49px, max=2.63px
  Marker 41: mean=4.73px, max=6.48px
  Marker 43: mean=1.88px, max=3.14px
  Marker 45: mean=1.47px, max=2.66px
  Marker 47: mean=2.16px, max=4.57px
  Marker 51: mean=10.92px, max=14.55px
  Marker 60: mean=2.11px, max=3.96px
  Marker 62: mean=2.07px, max=3.64px
  Marker 67: mean=4.51px, max=7.23px
  Marker 68: mean=5.74px, max=7.26px
  Marker 70: mean=3.61px, max=7.06px
  Marker 72: mean=3.92px, max=5.94px
  Homography calculated
  RANSAC inliers: 46/76
  Saved: image_08_registered.JPG
  Mean marker error: 4.91px
  Max marker error: 24.55px

image_09.JPG
  Shared markers: [8, 10, 11, 12, 15, 16, 20, 22, 24, 26, 27, 28, 32, 34, 35, 36, 37, 38, 39, 40, 41, 45, 47, 67, 68, 72]
  ArUco scale relative to reference: 1.768x
  Using 104 corresponding points
  Removing bad markers: [11, 27, 28, 32, 36, 41, 45, 67]
  Recalculated using: [8, 10, 12, 15, 16, 20, 22, 24, 26, 34, 35, 37, 38, 39, 40, 47, 68, 72]
  Marker 8: mean=2.02px, max=3.39px
  Marker 10: mean=2.88px, max=5.97px
  Marker 11: mean=20.86px, max=26.24px
  Marker 12: mean=1.90px, max=2.56px
  Marker 15: mean=7.55px, max=11.33px
  Marker 16: mean=6.24px, max=8.44px
  Marker 20: mean=5.48px, max=9.47px
  Marker 22: mean=2.43px, max=3.26px
  Marker 24: mean=4.03px, max=8.17px
  Marker 26: mean=2.77px, max=5.39px
  Marker 27: mean=18.90px, max=24.63px
  Marker 28: mean=16.31px, max=21.79px
  Marker 32: mean=14.84px, max=20.56px
  Marker 34: mean=2.32px, max=3.33px
  Marker 35: mean=5.39px, max=9.17px
  Marker 36: mean=15.78px, max=21.39px
  Marker 37: mean=3.25px, max=5.90px
  Marker 38: mean=3.18px, max=6.63px
  Marker 39: mean=2.50px, max=3.67px
  Marker 40: mean=5.64px, max=7.86px
  Marker 41: mean=10.23px, max=15.19px
  Marker 45: mean=24.40px, max=31.36px
  Marker 47: mean=5.09px, max=9.85px
  Marker 67: mean=33.90px, max=41.60px
  Marker 68: mean=3.78px, max=7.47px
  Marker 72: mean=3.33px, max=5.38px
  Homography calculated
  RANSAC inliers: 32/72
  Saved: image_09_registered.JPG
  Mean marker error: 8.65px
  Max marker error: 41.60px

image_10.JPG
  Shared markers: [8, 9, 11, 12, 13, 14, 15, 16, 20, 22, 24, 26, 27, 28, 29, 34, 35, 37, 38, 39, 40, 65]
  ArUco scale relative to reference: 1.770x
  Using 88 corresponding points
  Removing bad markers: [29, 34, 35, 37, 38, 39, 40]
  Recalculated using: [8, 9, 11, 12, 13, 14, 15, 16, 20, 22, 24, 26, 27, 28, 65]
  Marker 8: mean=0.88px, max=1.73px
  Marker 9: mean=1.45px, max=2.95px
  Marker 11: mean=1.74px, max=2.80px
  Marker 12: mean=6.01px, max=8.25px
  Marker 13: mean=1.02px, max=1.18px
  Marker 14: mean=5.82px, max=8.04px
  Marker 15: mean=2.48px, max=3.79px
  Marker 16: mean=2.90px, max=5.21px
  Marker 20: mean=1.46px, max=1.95px
  Marker 22: mean=3.68px, max=5.76px
  Marker 24: mean=2.38px, max=3.46px
  Marker 26: mean=1.37px, max=2.19px
  Marker 27: mean=1.62px, max=2.72px
  Marker 28: mean=1.05px, max=2.00px
  Marker 29: mean=14.71px, max=18.10px
  Marker 34: mean=10.03px, max=13.31px
  Marker 35: mean=43.67px, max=50.72px
  Marker 37: mean=26.44px, max=31.69px
  Marker 38: mean=54.03px, max=61.92px
  Marker 39: mean=22.14px, max=27.05px
  Marker 40: mean=11.48px, max=14.96px
  Marker 65: mean=2.68px, max=4.15px
  Homography calculated
  RANSAC inliers: 43/60
  Saved: image_10_registered.JPG
  Mean marker error: 9.96px
  Max marker error: 61.92px

image_11.JPG
  Shared markers: [8, 9, 10, 11, 12, 13, 14, 15, 16, 19, 20, 21, 22, 23, 24, 25, 26, 27, 28, 29, 31, 34, 40, 42, 44, 46, 52, 53, 54, 56, 65, 74, 80]
  ArUco scale relative to reference: 1.771x
  Using 132 corresponding points
  Removing bad markers: [8, 9, 10, 12, 14, 15, 19, 29, 31, 53, 65]
  Recalculated using: [11, 13, 16, 20, 21, 22, 23, 24, 25, 26, 27, 28, 34, 40, 42, 44, 46, 52, 54, 56, 74, 80]
  Marker 8: mean=16.16px, max=17.50px
  Marker 9: mean=10.45px, max=13.14px
  Marker 10: mean=15.36px, max=16.43px
  Marker 11: mean=2.61px, max=4.61px
  Marker 12: mean=16.96px, max=17.70px
  Marker 13: mean=2.81px, max=5.25px
  Marker 14: mean=13.94px, max=15.58px
  Marker 15: mean=11.58px, max=13.86px
  Marker 16: mean=8.88px, max=12.15px
  Marker 19: mean=11.60px, max=13.41px
  Marker 20: mean=3.67px, max=5.31px
  Marker 21: mean=8.27px, max=13.11px
  Marker 22: mean=3.79px, max=6.18px
  Marker 23: mean=4.21px, max=7.22px
  Marker 24: mean=5.62px, max=9.23px
  Marker 25: mean=3.01px, max=5.75px
  Marker 26: mean=8.45px, max=11.52px
  Marker 27: mean=3.43px, max=6.97px
  Marker 28: mean=4.50px, max=8.82px
  Marker 29: mean=13.80px, max=15.11px
  Marker 31: mean=11.31px, max=13.05px
  Marker 34: mean=4.34px, max=8.02px
  Marker 40: mean=4.53px, max=7.15px
  Marker 42: mean=2.09px, max=3.63px
  Marker 44: mean=2.03px, max=2.33px
  Marker 46: mean=1.49px, max=2.22px
  Marker 52: mean=3.10px, max=6.31px
  Marker 53: mean=11.12px, max=16.08px
  Marker 54: mean=3.43px, max=5.00px
  Marker 56: mean=2.26px, max=4.48px
  Marker 65: mean=20.39px, max=26.94px
  Marker 74: mean=4.00px, max=5.95px
  Marker 80: mean=8.46px, max=12.18px
  Homography calculated
  RANSAC inliers: 39/88
  Saved: image_11_registered.JPG
  Mean marker error: 7.50px
  Max marker error: 26.94px

Saved image scales: homographies\drawer_011\image_scales.json

==================================================
Processing drawer_012
==================================================
Reference image: image_01.JPG
Markers: [8, 9, 10, 11, 12, 13, 14, 15, 16, 19, 20, 21, 22, 23, 24, 25, 26, 27, 28, 29, 31, 32, 34, 35, 36, 37, 38, 39, 40, 41, 42, 43, 44, 45, 46, 47, 48, 49, 51, 52, 53, 54, 55, 56, 60, 62, 64, 65, 66, 67, 68, 70, 71, 72, 73, 74, 75, 76, 77, 78, 80]

image_02.JPG
  Shared markers: [8, 10, 12, 25, 31, 42, 44, 46, 47, 48, 49, 52, 53, 54, 55, 56, 64, 68, 71, 72, 73, 74, 75, 76, 77, 80]
  ArUco scale relative to reference: 1.735x
  Using 104 corresponding points
  Removing bad markers: [25, 31, 42, 44, 52, 53, 64, 76]
  Recalculated using: [8, 10, 12, 46, 47, 48, 49, 54, 55, 56, 68, 71, 72, 73, 74, 75, 77, 80]
  Marker 8: mean=5.29px, max=6.57px
  Marker 10: mean=3.77px, max=5.20px
  Marker 12: mean=3.86px, max=7.11px
  Marker 25: mean=27.37px, max=35.45px
  Marker 31: mean=10.22px, max=16.12px
  Marker 42: mean=24.57px, max=32.08px
  Marker 44: mean=10.19px, max=15.18px
  Marker 46: mean=2.72px, max=4.62px
  Marker 47: mean=2.51px, max=4.37px
  Marker 48: mean=2.66px, max=4.31px
  Marker 49: mean=8.60px, max=11.67px
  Marker 52: mean=24.04px, max=31.36px
  Marker 53: mean=49.78px, max=60.44px
  Marker 54: mean=2.51px, max=3.44px
  Marker 55: mean=2.57px, max=3.67px
  Marker 56: mean=3.42px, max=6.63px
  Marker 64: mean=22.27px, max=28.60px
  Marker 68: mean=2.40px, max=4.48px
  Marker 71: mean=3.98px, max=7.27px
  Marker 72: mean=2.79px, max=4.53px
  Marker 73: mean=6.22px, max=10.55px
  Marker 74: mean=9.03px, max=14.09px
  Marker 75: mean=3.48px, max=5.01px
  Marker 76: mean=20.28px, max=26.54px
  Marker 77: mean=5.90px, max=9.98px
  Marker 80: mean=2.19px, max=2.76px
  Homography calculated
  RANSAC inliers: 30/72
  Saved: image_02_registered.JPG
  Mean marker error: 10.10px
  Max marker error: 60.44px

image_03.JPG
  Shared markers: [8, 10, 11, 12, 15, 16, 20, 22, 24, 26, 27, 28, 32, 34, 35, 36, 37, 38, 39, 40, 41, 45, 47, 67, 68, 72]
  ArUco scale relative to reference: 1.749x
  Using 104 corresponding points
  Removing bad markers: [11, 27, 28, 32, 36, 41, 45, 67]
  Recalculated using: [8, 10, 12, 15, 16, 20, 22, 24, 26, 34, 35, 37, 38, 39, 40, 47, 68, 72]
  Marker 8: mean=2.35px, max=4.40px
  Marker 10: mean=2.52px, max=4.65px
  Marker 11: mean=23.31px, max=29.24px
  Marker 12: mean=1.82px, max=2.00px
  Marker 15: mean=8.90px, max=13.10px
  Marker 16: mean=4.51px, max=7.19px
  Marker 20: mean=8.50px, max=12.96px
  Marker 22: mean=3.18px, max=6.30px
  Marker 24: mean=6.80px, max=11.34px
  Marker 26: mean=2.49px, max=3.54px
  Marker 27: mean=22.10px, max=28.27px
  Marker 28: mean=19.88px, max=25.86px
  Marker 32: mean=20.27px, max=27.04px
  Marker 34: mean=2.91px, max=4.27px
  Marker 35: mean=8.98px, max=13.75px
  Marker 36: mean=21.52px, max=28.17px
  Marker 37: mean=2.64px, max=4.60px
  Marker 38: mean=5.82px, max=10.60px
  Marker 39: mean=3.34px, max=6.82px
  Marker 40: mean=4.03px, max=6.67px
  Marker 41: mean=12.52px, max=18.49px
  Marker 45: mean=30.57px, max=38.65px
  Marker 47: mean=3.43px, max=6.70px
  Marker 67: mean=42.69px, max=51.81px
  Marker 68: mean=3.60px, max=6.99px
  Marker 72: mean=3.28px, max=6.17px
  Homography calculated
  RANSAC inliers: 30/72
  Saved: image_03_registered.JPG
  Mean marker error: 10.46px
  Max marker error: 51.81px

image_04.JPG
  Shared markers: [10, 12, 14, 19, 21, 23, 25, 29, 31, 42, 44, 46, 48, 52, 53, 54, 55, 56, 74, 75, 80]
  ArUco scale relative to reference: 1.744x
  Using 84 corresponding points
  Removing bad markers: [14, 48, 55]
  Recalculated using: [10, 12, 19, 21, 23, 25, 29, 31, 42, 44, 46, 52, 53, 54, 56, 74, 75, 80]
  Marker 10: mean=2.11px, max=3.82px
  Marker 12: mean=3.58px, max=6.53px
  Marker 14: mean=13.24px, max=17.78px
  Marker 19: mean=1.58px, max=2.24px
  Marker 21: mean=3.58px, max=6.33px
  Marker 23: mean=1.64px, max=2.06px
  Marker 25: mean=1.78px, max=3.24px
  Marker 29: mean=4.20px, max=7.26px
  Marker 31: mean=3.35px, max=4.59px
  Marker 42: mean=1.75px, max=3.27px
  Marker 44: mean=1.33px, max=2.10px
  Marker 46: mean=1.68px, max=3.27px
  Marker 48: mean=22.74px, max=26.99px
  Marker 52: mean=1.51px, max=2.20px
  Marker 53: mean=3.63px, max=6.27px
  Marker 54: mean=1.44px, max=2.53px
  Marker 55: mean=15.81px, max=19.78px
  Marker 56: mean=1.83px, max=3.26px
  Marker 74: mean=2.80px, max=4.02px
  Marker 75: mean=7.40px, max=10.03px
  Marker 80: mean=6.01px, max=8.42px
  Homography calculated
  RANSAC inliers: 45/72
  Saved: image_04_registered.JPG
  Mean marker error: 4.90px
  Max marker error: 26.99px

image_05.JPG
  Shared markers: [10, 12, 21, 25, 31, 42, 44, 46, 47, 48, 52, 53, 54, 55, 56, 64, 71, 72, 73, 74, 75, 76, 77, 80]
  ArUco scale relative to reference: 1.733x
  Using 96 corresponding points
  Removing bad markers: [47, 48, 55, 64, 71, 72, 73, 76, 77]
  Recalculated using: [10, 12, 21, 25, 31, 42, 44, 46, 52, 53, 54, 56, 74, 75, 80]
  Marker 10: mean=1.77px, max=3.27px
  Marker 12: mean=5.37px, max=8.85px
  Marker 21: mean=9.52px, max=13.98px
  Marker 25: mean=2.09px, max=3.50px
  Marker 31: mean=2.93px, max=4.60px
  Marker 42: mean=1.70px, max=2.86px
  Marker 44: mean=1.62px, max=2.68px
  Marker 46: mean=1.96px, max=3.42px
  Marker 47: mean=72.25px, max=80.35px
  Marker 48: mean=15.23px, max=19.65px
  Marker 52: mean=1.89px, max=3.78px
  Marker 53: mean=8.64px, max=13.08px
  Marker 54: mean=3.40px, max=4.54px
  Marker 55: mean=11.50px, max=15.65px
  Marker 56: mean=1.84px, max=2.15px
  Marker 64: mean=84.49px, max=93.85px
  Marker 71: mean=68.33px, max=75.06px
  Marker 72: mean=85.61px, max=95.06px
  Marker 73: mean=42.00px, max=48.94px
  Marker 74: mean=3.36px, max=4.91px
  Marker 75: mean=2.90px, max=5.60px
  Marker 76: mean=67.39px, max=76.45px
  Marker 77: mean=31.38px, max=37.68px
  Marker 80: mean=3.41px, max=5.96px
  Homography calculated
  RANSAC inliers: 30/60
  Saved: image_05_registered.JPG
  Mean marker error: 22.11px
  Max marker error: 95.06px

image_06.JPG
  Shared markers: [44, 46, 47, 48, 49, 54, 55, 56, 62, 64, 66, 70, 71, 72, 73, 75, 76, 77, 78, 80]
  ArUco scale relative to reference: 1.715x
  Using 80 corresponding points
  Removing bad markers: [44, 54, 56, 62]
  Recalculated using: [46, 47, 48, 49, 55, 64, 66, 70, 71, 72, 73, 75, 76, 77, 78, 80]
  Marker 44: mean=32.56px, max=39.29px
  Marker 46: mean=5.01px, max=7.21px
  Marker 47: mean=2.56px, max=3.84px
  Marker 48: mean=1.87px, max=2.61px
  Marker 49: mean=1.27px, max=2.35px
  Marker 54: mean=16.24px, max=20.37px
  Marker 55: mean=1.25px, max=2.11px
  Marker 56: mean=12.82px, max=16.56px
  Marker 62: mean=10.99px, max=14.81px
  Marker 64: mean=1.51px, max=3.20px
  Marker 66: mean=1.79px, max=3.39px
  Marker 70: mean=3.01px, max=5.27px
  Marker 71: mean=3.61px, max=4.68px
  Marker 72: mean=2.03px, max=4.11px
  Marker 73: mean=1.68px, max=2.98px
  Marker 75: mean=0.95px, max=1.61px
  Marker 76: mean=1.84px, max=3.75px
  Marker 77: mean=1.15px, max=1.53px
  Marker 78: mean=7.73px, max=10.80px
  Marker 80: mean=4.20px, max=6.21px
  Homography calculated
  RANSAC inliers: 42/64
  Saved: image_06_registered.JPG
  Mean marker error: 5.70px
  Max marker error: 39.29px

image_07.JPG
  Shared markers: [32, 35, 36, 37, 38, 39, 40, 41, 43, 45, 47, 48, 49, 51, 55, 60, 62, 64, 66, 67, 68, 70, 71, 72, 73, 75, 76, 77, 78, 80]
  ArUco scale relative to reference: 1.735x
  Using 120 corresponding points
  Removing bad markers: [36, 43, 45, 51, 64, 66, 67, 76, 78]
  Recalculated using: [32, 35, 37, 38, 39, 40, 41, 47, 48, 49, 55, 60, 62, 68, 70, 71, 72, 73, 75, 77, 80]
  Marker 32: mean=7.31px, max=11.62px
  Marker 35: mean=4.05px, max=7.14px
  Marker 36: mean=10.61px, max=14.89px
  Marker 37: mean=4.05px, max=6.50px
  Marker 38: mean=2.40px, max=3.93px
  Marker 39: mean=2.76px, max=5.36px
  Marker 40: mean=3.72px, max=6.21px
  Marker 41: mean=2.05px, max=3.83px
  Marker 43: mean=10.98px, max=15.80px
  Marker 45: mean=11.46px, max=16.34px
  Marker 47: mean=6.26px, max=7.83px
  Marker 48: mean=3.42px, max=5.61px
  Marker 49: mean=2.11px, max=3.28px
  Marker 51: mean=35.75px, max=42.62px
  Marker 55: mean=2.80px, max=3.19px
  Marker 60: mean=2.82px, max=5.74px
  Marker 62: mean=2.49px, max=4.33px
  Marker 64: mean=12.93px, max=18.06px
  Marker 66: mean=12.13px, max=16.92px
  Marker 67: mean=22.23px, max=27.69px
  Marker 68: mean=6.08px, max=8.23px
  Marker 70: mean=2.41px, max=4.18px
  Marker 71: mean=2.19px, max=4.04px
  Marker 72: mean=7.53px, max=8.83px
  Marker 73: mean=3.54px, max=6.55px
  Marker 75: mean=3.73px, max=6.09px
  Marker 76: mean=13.48px, max=18.69px
  Marker 77: mean=3.97px, max=7.31px
  Marker 78: mean=29.95px, max=37.17px
  Marker 80: mean=3.79px, max=7.26px
  Homography calculated
  RANSAC inliers: 36/84
  Saved: image_07_registered.JPG
  Mean marker error: 7.97px
  Max marker error: 42.62px

image_08.JPG
  Shared markers: [16, 22, 26, 32, 34, 35, 36, 37, 38, 39, 40, 41, 43, 45, 51, 60, 62, 67, 68, 70, 72]
  ArUco scale relative to reference: 1.739x
  Using 84 corresponding points
  Removing bad markers: [16, 22, 26, 70]
  Recalculated using: [32, 34, 35, 36, 37, 38, 39, 40, 41, 43, 45, 51, 60, 62, 67, 68, 72]
  Marker 16: mean=10.35px, max=13.88px
  Marker 22: mean=21.18px, max=25.89px
  Marker 26: mean=26.22px, max=31.04px
  Marker 32: mean=1.86px, max=3.52px
  Marker 34: mean=9.83px, max=13.22px
  Marker 35: mean=1.45px, max=2.01px
  Marker 36: mean=1.27px, max=1.53px
  Marker 37: mean=1.58px, max=2.88px
  Marker 38: mean=2.86px, max=4.12px
  Marker 39: mean=3.61px, max=5.81px
  Marker 40: mean=2.93px, max=5.40px
  Marker 41: mean=2.59px, max=3.83px
  Marker 43: mean=1.53px, max=2.54px
  Marker 45: mean=1.32px, max=2.31px
  Marker 51: mean=6.43px, max=9.07px
  Marker 60: mean=1.60px, max=2.50px
  Marker 62: mean=4.39px, max=6.85px
  Marker 67: mean=2.18px, max=4.00px
  Marker 68: mean=1.30px, max=2.56px
  Marker 70: mean=11.26px, max=14.88px
  Marker 72: mean=3.43px, max=5.82px
  Homography calculated
  RANSAC inliers: 43/68
  Saved: image_08_registered.JPG
  Mean marker error: 5.67px
  Max marker error: 31.04px

image_09.JPG
  Shared markers: [8, 11, 12, 15, 16, 20, 22, 24, 26, 27, 28, 32, 34, 35, 36, 37, 38, 39, 40, 41, 45, 67, 68, 72]
  ArUco scale relative to reference: 1.745x
  Using 96 corresponding points
  Removing bad markers: [32, 35, 36, 37, 38, 39, 41, 45, 67, 68, 72]
  Recalculated using: [8, 11, 12, 15, 16, 20, 22, 24, 26, 27, 28, 34, 40]
  Marker 8: mean=0.88px, max=1.93px
  Marker 11: mean=2.25px, max=4.11px
  Marker 12: mean=6.08px, max=8.59px
  Marker 15: mean=1.42px, max=2.08px
  Marker 16: mean=2.66px, max=4.52px
  Marker 20: mean=1.57px, max=2.82px
  Marker 22: mean=1.79px, max=2.49px
  Marker 24: mean=3.19px, max=4.83px
  Marker 26: mean=3.60px, max=4.95px
  Marker 27: mean=1.74px, max=3.57px
  Marker 28: mean=1.56px, max=3.10px
  Marker 32: mean=53.14px, max=60.96px
  Marker 34: mean=3.23px, max=5.97px
  Marker 35: mean=23.32px, max=28.55px
  Marker 36: mean=45.21px, max=52.35px
  Marker 37: mean=11.21px, max=15.27px
  Marker 38: mean=27.05px, max=32.75px
  Marker 39: mean=10.41px, max=14.32px
  Marker 40: mean=2.63px, max=5.27px
  Marker 41: mean=65.62px, max=73.37px
  Marker 45: mean=76.90px, max=86.43px
  Marker 67: mean=77.82px, max=87.36px
  Marker 68: mean=63.71px, max=71.08px
  Marker 72: mean=69.37px, max=78.77px
  Homography calculated
  RANSAC inliers: 33/52
  Saved: image_09_registered.JPG
  Mean marker error: 23.18px
  Max marker error: 87.36px

image_10.JPG
  Shared markers: [8, 9, 10, 11, 12, 13, 14, 15, 16, 20, 22, 24, 26, 27, 28, 29, 34, 35, 37, 38, 39, 40, 65]
  ArUco scale relative to reference: 1.758x
  Using 92 corresponding points
  Removing bad markers: [35, 37, 38, 39, 40]
  Recalculated using: [8, 9, 10, 11, 12, 13, 14, 15, 16, 20, 22, 24, 26, 27, 28, 29, 34, 65]
  Marker 8: mean=2.29px, max=3.72px
  Marker 9: mean=1.65px, max=2.18px
  Marker 10: mean=8.62px, max=12.02px
  Marker 11: mean=1.15px, max=2.01px
  Marker 12: mean=1.72px, max=3.44px
  Marker 13: mean=1.67px, max=3.10px
  Marker 14: mean=2.94px, max=5.06px
  Marker 15: mean=2.90px, max=4.10px
  Marker 16: mean=3.08px, max=5.31px
  Marker 20: mean=1.55px, max=2.46px
  Marker 22: mean=3.59px, max=5.62px
  Marker 24: mean=1.60px, max=2.94px
  Marker 26: mean=1.29px, max=1.66px
  Marker 27: mean=1.21px, max=1.85px
  Marker 28: mean=1.46px, max=2.26px
  Marker 29: mean=9.33px, max=12.76px
  Marker 34: mean=9.05px, max=12.17px
  Marker 35: mean=37.98px, max=44.49px
  Marker 37: mean=23.14px, max=27.84px
  Marker 38: mean=46.80px, max=54.07px
  Marker 39: mean=19.39px, max=23.88px
  Marker 40: mean=10.44px, max=13.69px
  Marker 65: mean=6.15px, max=8.35px
  Homography calculated
  RANSAC inliers: 46/72
  Saved: image_10_registered.JPG
  Mean marker error: 8.65px
  Max marker error: 54.07px

image_11.JPG
  Shared markers: [8, 9, 10, 11, 12, 13, 14, 15, 16, 19, 20, 21, 22, 23, 24, 25, 26, 27, 28, 29, 31, 34, 40, 42, 44, 46, 52, 53, 54, 56, 65, 74, 80]
  ArUco scale relative to reference: 1.755x
  Using 132 corresponding points
  Removing bad markers: [9, 11, 13, 15, 16, 20, 22, 24, 26, 27, 28, 34, 40, 65]
  Recalculated using: [8, 10, 12, 14, 19, 21, 23, 25, 29, 31, 42, 44, 46, 52, 53, 54, 56, 74, 80]
  Marker 8: mean=9.63px, max=12.83px
  Marker 9: mean=20.62px, max=25.13px
  Marker 10: mean=2.71px, max=4.14px
  Marker 11: mean=44.92px, max=51.21px
  Marker 12: mean=1.91px, max=3.72px
  Marker 13: mean=39.36px, max=45.32px
  Marker 14: mean=8.96px, max=12.36px
  Marker 15: mean=22.97px, max=28.17px
  Marker 16: mean=39.75px, max=45.84px
  Marker 19: mean=1.43px, max=2.50px
  Marker 20: mean=52.03px, max=58.03px
  Marker 21: mean=7.96px, max=11.66px
  Marker 22: mean=51.75px, max=58.04px
  Marker 23: mean=1.67px, max=3.04px
  Marker 24: mean=43.14px, max=48.97px
  Marker 25: mean=1.43px, max=2.58px
  Marker 26: mean=40.40px, max=45.37px
  Marker 27: mean=52.08px, max=59.08px
  Marker 28: mean=57.33px, max=64.27px
  Marker 29: mean=2.45px, max=4.62px
  Marker 31: mean=3.81px, max=5.10px
  Marker 34: mean=58.42px, max=66.89px
  Marker 40: mean=50.31px, max=58.56px
  Marker 42: mean=1.29px, max=2.31px
  Marker 44: mean=1.21px, max=1.65px
  Marker 46: mean=1.03px, max=2.39px
  Marker 52: mean=1.95px, max=4.02px
  Marker 53: mean=8.88px, max=12.59px
  Marker 54: mean=3.30px, max=4.30px
  Marker 56: mean=1.93px, max=4.11px
  Marker 65: mean=74.36px, max=82.78px
  Marker 74: mean=3.51px, max=4.81px
  Marker 80: mean=9.68px, max=13.31px
  Homography calculated
  RANSAC inliers: 40/76
  Saved: image_11_registered.JPG
  Mean marker error: 21.88px
  Max marker error: 82.78px

Saved image scales: homographies\drawer_012\image_scales.json

==================================================
Processing drawer_013
==================================================
Reference image: image_01.JPG
Markers: [8, 9, 10, 11, 12, 13, 14, 15, 16, 19, 20, 21, 22, 23, 24, 25, 26, 27, 28, 29, 31, 32, 34, 35, 36, 37, 38, 39, 40, 41, 42, 43, 44, 45, 46, 47, 48, 49, 51, 52, 53, 54, 55, 56, 60, 62, 64, 65, 66, 67, 68, 70, 71, 72, 73, 74, 75, 76, 77, 78, 80]

image_02.JPG
  Shared markers: [8, 10, 12, 19, 21, 25, 31, 42, 44, 46, 47, 48, 52, 54, 55, 56, 64, 68, 71, 72, 73, 74, 75, 76, 77, 80]
  ArUco scale relative to reference: 1.741x
  Using 104 corresponding points
  Removing bad markers: [8, 10, 12, 19, 21, 25, 31, 42, 44, 52, 64, 74, 76]
  Recalculated using: [46, 47, 48, 54, 55, 56, 68, 71, 72, 73, 75, 77, 80]
  Marker 8: mean=38.67px, max=45.86px
  Marker 10: mean=24.99px, max=29.48px
  Marker 12: mean=28.39px, max=33.96px
  Marker 19: mean=38.86px, max=45.14px
  Marker 21: mean=67.94px, max=79.12px
  Marker 25: mean=41.76px, max=49.97px
  Marker 31: mean=28.60px, max=34.70px
  Marker 42: mean=34.26px, max=42.02px
  Marker 44: mean=13.04px, max=18.08px
  Marker 46: mean=2.63px, max=4.30px
  Marker 47: mean=1.28px, max=2.28px
  Marker 48: mean=2.73px, max=4.35px
  Marker 52: mean=30.49px, max=37.91px
  Marker 54: mean=2.48px, max=5.03px
  Marker 55: mean=1.72px, max=1.96px
  Marker 56: mean=3.86px, max=7.10px
  Marker 64: mean=16.98px, max=21.53px
  Marker 68: mean=9.56px, max=13.19px
  Marker 71: mean=2.26px, max=4.47px
  Marker 72: mean=1.53px, max=3.45px
  Marker 73: mean=3.80px, max=6.91px
  Marker 74: mean=14.02px, max=19.38px
  Marker 75: mean=3.68px, max=4.98px
  Marker 76: mean=15.37px, max=20.22px
  Marker 77: mean=3.71px, max=6.75px
  Marker 80: mean=1.89px, max=2.22px
  Homography calculated
  RANSAC inliers: 31/52
  Saved: image_02_registered.JPG
  Mean marker error: 16.71px
  Max marker error: 79.12px

image_03.JPG
  Shared markers: [8, 10, 11, 12, 15, 16, 20, 22, 24, 26, 27, 28, 32, 34, 35, 37, 38, 39, 40, 41, 45, 47, 68, 72]
  ArUco scale relative to reference: 1.755x
  Using 96 corresponding points
  Removing bad markers: [10, 32, 35, 37, 38, 39, 40, 41, 45, 47, 68, 72]
  Recalculated using: [8, 11, 12, 15, 16, 20, 22, 24, 26, 27, 28, 34]
  Marker 8: mean=1.41px, max=2.78px
  Marker 10: mean=19.34px, max=23.04px
  Marker 11: mean=1.71px, max=3.23px
  Marker 12: mean=7.47px, max=10.01px
  Marker 15: mean=1.12px, max=1.66px
  Marker 16: mean=2.08px, max=4.19px
  Marker 20: mean=1.44px, max=2.46px
  Marker 22: mean=2.32px, max=4.26px
  Marker 24: mean=3.15px, max=4.36px
  Marker 26: mean=1.79px, max=3.09px
  Marker 27: mean=1.17px, max=2.28px
  Marker 28: mean=1.27px, max=1.68px
  Marker 32: mean=79.92px, max=88.90px
  Marker 34: mean=8.67px, max=11.73px
  Marker 35: mean=38.30px, max=44.26px
  Marker 37: mean=23.86px, max=28.52px
  Marker 38: mean=45.92px, max=52.41px
  Marker 39: mean=20.07px, max=24.45px
  Marker 40: mean=10.37px, max=13.64px
  Marker 41: mean=101.89px, max=110.83px
  Marker 45: mean=111.80px, max=122.94px
  Marker 47: mean=130.07px, max=144.12px
  Marker 68: mean=102.89px, max=112.56px
  Marker 72: mean=112.29px, max=123.99px
  Homography calculated
  RANSAC inliers: 28/48
  Saved: image_03_registered.JPG
  Mean marker error: 34.60px
  Max marker error: 144.12px

image_04.JPG
  Shared markers: [10, 12, 14, 19, 21, 23, 25, 29, 31, 42, 44, 46, 48, 52, 53, 54, 55, 56, 74, 75, 80]
  ArUco scale relative to reference: 1.752x
  Using 84 corresponding points
  Removing bad markers: [14, 48, 55]
  Recalculated using: [10, 12, 19, 21, 23, 25, 29, 31, 42, 44, 46, 52, 53, 54, 56, 74, 75, 80]
  Marker 10: mean=2.32px, max=4.01px
  Marker 12: mean=2.53px, max=5.05px
  Marker 14: mean=11.31px, max=15.35px
  Marker 19: mean=1.48px, max=2.36px
  Marker 21: mean=4.19px, max=7.11px
  Marker 23: mean=1.53px, max=1.91px
  Marker 25: mean=1.45px, max=2.78px
  Marker 29: mean=3.15px, max=5.94px
  Marker 31: mean=3.43px, max=4.60px
  Marker 42: mean=1.53px, max=2.89px
  Marker 44: mean=1.18px, max=1.78px
  Marker 46: mean=1.22px, max=2.48px
  Marker 48: mean=22.46px, max=26.72px
  Marker 52: mean=1.43px, max=1.99px
  Marker 53: mean=4.22px, max=6.78px
  Marker 54: mean=1.69px, max=2.55px
  Marker 55: mean=15.85px, max=19.60px
  Marker 56: mean=1.53px, max=2.77px
  Marker 74: mean=2.65px, max=3.63px
  Marker 75: mean=6.81px, max=9.20px
  Marker 80: mean=5.51px, max=7.86px
  Homography calculated
  RANSAC inliers: 47/72
  Saved: image_04_registered.JPG
  Mean marker error: 4.64px
  Max marker error: 26.72px

image_05.JPG
  Shared markers: [10, 12, 25, 31, 42, 44, 46, 47, 48, 52, 53, 54, 55, 56, 64, 71, 72, 73, 74, 75, 76, 77, 80]
  ArUco scale relative to reference: 1.745x
  Using 92 corresponding points
  Removing bad markers: [25, 42, 52, 53, 64, 73, 76, 77]
  Recalculated using: [10, 12, 31, 44, 46, 47, 48, 54, 55, 56, 71, 72, 74, 75, 80]
  Marker 10: mean=3.22px, max=5.90px
  Marker 12: mean=3.71px, max=7.14px
  Marker 25: mean=16.91px, max=22.60px
  Marker 31: mean=6.92px, max=11.00px
  Marker 42: mean=13.49px, max=18.92px
  Marker 44: mean=3.59px, max=6.90px
  Marker 46: mean=3.40px, max=4.62px
  Marker 47: mean=2.65px, max=3.42px
  Marker 48: mean=2.36px, max=3.83px
  Marker 52: mean=12.77px, max=18.00px
  Marker 53: mean=31.88px, max=39.58px
  Marker 54: mean=2.88px, max=4.72px
  Marker 55: mean=2.67px, max=5.38px
  Marker 56: mean=2.09px, max=2.51px
  Marker 64: mean=30.82px, max=37.36px
  Marker 71: mean=9.20px, max=13.03px
  Marker 72: mean=2.47px, max=4.16px
  Marker 73: mean=11.80px, max=16.59px
  Marker 74: mean=2.90px, max=5.79px
  Marker 75: mean=2.61px, max=4.18px
  Marker 76: mean=27.54px, max=34.05px
  Marker 77: mean=10.32px, max=14.72px
  Marker 80: mean=1.84px, max=2.06px
  Homography calculated
  RANSAC inliers: 33/60
  Saved: image_05_registered.JPG
  Mean marker error: 9.05px
  Max marker error: 39.58px

image_06.JPG
  Shared markers: [44, 46, 47, 48, 49, 54, 55, 56, 62, 64, 66, 70, 71, 72, 73, 75, 76, 77, 78, 80]
  ArUco scale relative to reference: 1.729x
  Using 80 corresponding points
  Removing bad markers: [44, 54, 56, 62]
  Recalculated using: [46, 47, 48, 49, 55, 64, 66, 70, 71, 72, 73, 75, 76, 77, 78, 80]
  Marker 44: mean=35.24px, max=42.40px
  Marker 46: mean=5.32px, max=7.56px
  Marker 47: mean=2.48px, max=3.94px
  Marker 48: mean=1.89px, max=2.63px
  Marker 49: mean=1.38px, max=2.43px
  Marker 54: mean=17.43px, max=21.88px
  Marker 55: mean=1.27px, max=2.22px
  Marker 56: mean=13.59px, max=17.56px
  Marker 62: mean=10.63px, max=14.31px
  Marker 64: mean=1.60px, max=3.25px
  Marker 66: mean=1.83px, max=3.64px
  Marker 70: mean=3.03px, max=5.46px
  Marker 71: mean=3.60px, max=4.73px
  Marker 72: mean=2.07px, max=4.14px
  Marker 73: mean=1.69px, max=3.10px
  Marker 75: mean=0.88px, max=1.71px
  Marker 76: mean=1.93px, max=3.88px
  Marker 77: mean=1.21px, max=1.61px
  Marker 78: mean=7.86px, max=11.21px
  Marker 80: mean=4.26px, max=6.37px
  Homography calculated
  RANSAC inliers: 42/64
  Saved: image_06_registered.JPG
  Mean marker error: 5.96px
  Max marker error: 42.40px

image_07.JPG
  Shared markers: [32, 35, 36, 37, 38, 39, 40, 41, 43, 45, 47, 48, 49, 51, 55, 60, 62, 64, 66, 67, 68, 70, 71, 72, 73, 75, 76, 77, 78, 80]
  ArUco scale relative to reference: 1.743x
  Using 120 corresponding points
  Removing bad markers: [36, 37, 40, 43, 45, 51, 64, 66, 67, 76, 78]
  Recalculated using: [32, 35, 38, 39, 41, 47, 48, 49, 55, 60, 62, 68, 70, 71, 72, 73, 75, 77, 80]
  Marker 32: mean=9.88px, max=14.89px
  Marker 35: mean=2.29px, max=4.58px
  Marker 36: mean=11.20px, max=15.91px
  Marker 37: mean=12.46px, max=15.01px
  Marker 38: mean=4.34px, max=7.76px
  Marker 39: mean=7.72px, max=9.65px
  Marker 40: mean=16.24px, max=17.82px
  Marker 41: mean=4.27px, max=8.29px
  Marker 43: mean=19.43px, max=25.41px
  Marker 45: mean=18.06px, max=23.99px
  Marker 47: mean=3.54px, max=5.87px
  Marker 48: mean=2.85px, max=4.42px
  Marker 49: mean=4.22px, max=7.55px
  Marker 51: mean=48.57px, max=56.68px
  Marker 55: mean=1.85px, max=2.02px
  Marker 60: mean=8.86px, max=13.53px
  Marker 62: mean=3.67px, max=7.15px
  Marker 64: mean=14.34px, max=19.42px
  Marker 66: mean=15.32px, max=20.54px
  Marker 67: mean=29.21px, max=35.71px
  Marker 68: mean=2.89px, max=5.49px
  Marker 70: mean=2.95px, max=5.68px
  Marker 71: mean=2.14px, max=4.19px
  Marker 72: mean=4.50px, max=6.68px
  Marker 73: mean=3.10px, max=6.30px
  Marker 75: mean=2.73px, max=4.26px
  Marker 76: mean=13.31px, max=18.30px
  Marker 77: mean=2.88px, max=6.00px
  Marker 78: mean=31.48px, max=38.86px
  Marker 80: mean=2.52px, max=5.04px
  Homography calculated
  RANSAC inliers: 37/76
  Saved: image_07_registered.JPG
  Mean marker error: 10.23px
  Max marker error: 56.68px

image_08.JPG
  Shared markers: [16, 20, 22, 26, 32, 34, 35, 36, 37, 38, 39, 40, 41, 43, 45, 51, 60, 62, 67, 68, 70, 72]
  ArUco scale relative to reference: 1.750x
  Using 88 corresponding points
  Removing bad markers: [16, 20, 22, 26, 34, 70]
  Recalculated using: [32, 35, 36, 37, 38, 39, 40, 41, 43, 45, 51, 60, 62, 67, 68, 72]
  Marker 16: mean=16.52px, max=20.10px
  Marker 20: mean=54.37px, max=60.81px
  Marker 22: mean=28.13px, max=32.73px
  Marker 26: mean=35.99px, max=40.87px
  Marker 32: mean=1.80px, max=2.71px
  Marker 34: mean=13.89px, max=17.21px
  Marker 35: mean=1.55px, max=2.59px
  Marker 36: mean=0.97px, max=1.64px
  Marker 37: mean=1.54px, max=2.88px
  Marker 38: mean=1.58px, max=2.55px
  Marker 39: mean=5.58px, max=7.57px
  Marker 40: mean=6.41px, max=8.86px
  Marker 41: mean=0.95px, max=1.65px
  Marker 43: mean=1.48px, max=2.16px
  Marker 45: mean=1.18px, max=2.07px
  Marker 51: mean=1.88px, max=3.47px
  Marker 60: mean=3.69px, max=5.54px
  Marker 62: mean=9.71px, max=12.81px
  Marker 67: mean=0.79px, max=1.43px
  Marker 68: mean=3.09px, max=5.04px
  Marker 70: mean=19.60px, max=23.92px
  Marker 72: mean=9.62px, max=12.55px
  Homography calculated
  RANSAC inliers: 42/64
  Saved: image_08_registered.JPG
  Mean marker error: 10.02px
  Max marker error: 60.81px

image_09.JPG
  Shared markers: [8, 11, 12, 15, 16, 20, 22, 24, 26, 27, 28, 32, 34, 35, 36, 37, 38, 39, 40, 41, 43, 45, 67, 68, 72]
  ArUco scale relative to reference: 1.761x
  Using 100 corresponding points
  Removing bad markers: [32, 35, 36, 37, 38, 39, 41, 43, 45, 67, 68, 72]
  Recalculated using: [8, 11, 12, 15, 16, 20, 22, 24, 26, 27, 28, 34, 40]
  Marker 8: mean=1.89px, max=3.05px
  Marker 11: mean=1.75px, max=3.23px
  Marker 12: mean=2.88px, max=5.75px
  Marker 15: mean=2.23px, max=3.10px
  Marker 16: mean=1.82px, max=3.66px
  Marker 20: mean=1.53px, max=2.32px
  Marker 22: mean=2.14px, max=3.89px
  Marker 24: mean=3.18px, max=4.58px
  Marker 26: mean=1.83px, max=3.15px
  Marker 27: mean=1.27px, max=2.69px
  Marker 28: mean=1.47px, max=2.18px
  Marker 32: mean=58.39px, max=65.39px
  Marker 34: mean=7.40px, max=10.01px
  Marker 35: mean=28.84px, max=33.44px
  Marker 36: mean=49.66px, max=56.02px
  Marker 37: mean=17.99px, max=21.76px
  Marker 38: mean=33.58px, max=38.67px
  Marker 39: mean=15.80px, max=19.28px
  Marker 40: mean=8.22px, max=11.04px
  Marker 41: mean=73.46px, max=80.55px
  Marker 43: mean=97.66px, max=107.09px
  Marker 45: mean=81.78px, max=90.55px
  Marker 67: mean=80.35px, max=89.13px
  Marker 68: mean=73.81px, max=81.42px
  Marker 72: mean=81.25px, max=90.82px
  Homography calculated
  RANSAC inliers: 32/52
  Saved: image_09_registered.JPG
  Mean marker error: 29.21px
  Max marker error: 107.09px

image_10.JPG
  Shared markers: [8, 9, 11, 12, 13, 14, 15, 16, 20, 22, 24, 26, 27, 28, 29, 34, 35, 37, 39, 40, 65]
  ArUco scale relative to reference: 1.766x
  Using 84 corresponding points
  Removing bad markers: [29, 34, 35, 37, 39, 40]
  Recalculated using: [8, 9, 11, 12, 13, 14, 15, 16, 20, 22, 24, 26, 27, 28, 65]
  Marker 8: mean=0.87px, max=1.62px
  Marker 9: mean=1.54px, max=3.12px
  Marker 11: mean=0.92px, max=1.85px
  Marker 12: mean=5.26px, max=7.06px
  Marker 13: mean=1.27px, max=2.27px
  Marker 14: mean=5.13px, max=7.08px
  Marker 15: mean=1.93px, max=3.07px
  Marker 16: mean=3.14px, max=5.65px
  Marker 20: mean=1.85px, max=3.36px
  Marker 22: mean=4.41px, max=6.65px
  Marker 24: mean=1.46px, max=2.73px
  Marker 26: mean=1.45px, max=1.74px
  Marker 27: mean=1.11px, max=1.73px
  Marker 28: mean=1.32px, max=2.35px
  Marker 29: mean=12.39px, max=15.18px
  Marker 34: mean=10.82px, max=14.43px
  Marker 35: mean=46.24px, max=54.23px
  Marker 37: mean=27.05px, max=32.88px
  Marker 39: mean=23.30px, max=28.69px
  Marker 40: mean=11.58px, max=15.49px
  Marker 65: mean=5.06px, max=6.90px
  Homography calculated
  RANSAC inliers: 43/60
  Saved: image_10_registered.JPG
  Mean marker error: 8.01px
  Max marker error: 54.23px

image_11.JPG
  Shared markers: [8, 9, 10, 11, 12, 13, 14, 15, 16, 19, 20, 21, 22, 23, 24, 25, 26, 27, 28, 29, 31, 34, 42, 44, 46, 52, 53, 54, 56, 65, 74, 80]
  ArUco scale relative to reference: 1.765x
  Using 128 corresponding points
  Removing bad markers: [8, 9, 11, 13, 15, 16, 20, 22, 24, 26, 27, 28, 34, 65, 80]
  Recalculated using: [10, 12, 14, 19, 21, 23, 25, 29, 31, 42, 44, 46, 52, 53, 54, 56, 74]
  Marker 8: mean=10.22px, max=13.49px
  Marker 9: mean=21.61px, max=26.17px
  Marker 10: mean=2.34px, max=3.75px
  Marker 11: mean=49.30px, max=55.97px
  Marker 12: mean=1.94px, max=4.00px
  Marker 13: mean=42.19px, max=48.35px
  Marker 14: mean=9.22px, max=12.57px
  Marker 15: mean=24.84px, max=30.03px
  Marker 16: mean=52.16px, max=59.61px
  Marker 19: mean=1.29px, max=2.24px
  Marker 20: mean=62.33px, max=68.77px
  Marker 21: mean=6.17px, max=9.19px
  Marker 22: mean=65.00px, max=72.80px
  Marker 23: mean=1.43px, max=2.30px
  Marker 24: mean=50.51px, max=56.77px
  Marker 25: mean=1.13px, max=1.97px
  Marker 26: mean=49.83px, max=55.81px
  Marker 27: mean=58.50px, max=65.98px
  Marker 28: mean=65.83px, max=73.19px
  Marker 29: mean=2.52px, max=4.79px
  Marker 31: mean=3.20px, max=4.34px
  Marker 34: mean=76.44px, max=86.68px
  Marker 42: mean=1.08px, max=2.07px
  Marker 44: mean=1.52px, max=2.63px
  Marker 46: mean=5.29px, max=7.16px
  Marker 52: mean=2.21px, max=3.86px
  Marker 53: mean=7.37px, max=10.00px
  Marker 54: mean=0.62px, max=1.14px
  Marker 56: mean=5.40px, max=7.01px
  Marker 65: mean=81.34px, max=90.42px
  Marker 74: mean=1.86px, max=2.52px
  Marker 80: mean=15.05px, max=18.49px
  Homography calculated
  RANSAC inliers: 39/68
  Saved: image_11_registered.JPG
  Mean marker error: 24.37px
  Max marker error: 90.42px

Saved image scales: homographies\drawer_013\image_scales.json

==================================================
Processing drawer_014
==================================================
Reference image: image_01.JPG
Markers: [8, 9, 10, 11, 12, 13, 14, 15, 16, 19, 20, 21, 22, 23, 24, 25, 26, 27, 28, 29, 31, 32, 34, 35, 36, 37, 38, 39, 40, 41, 42, 43, 44, 45, 46, 47, 48, 49, 51, 52, 53, 54, 55, 56, 60, 62, 64, 65, 66, 67, 68, 70, 71, 72, 73, 74, 75, 76, 77, 78, 80]

image_02.JPG
  Shared markers: [8, 9, 10, 12, 14, 19, 21, 23, 25, 29, 31, 42, 44, 46, 47, 48, 52, 54, 55, 56, 64, 68, 71, 72, 73, 74, 75, 76, 77, 80]
  ArUco scale relative to reference: 1.762x
  Using 120 corresponding points
  Removing bad markers: [9, 21, 47, 48, 55, 64, 68, 71, 72, 73, 76, 77]
  Recalculated using: [8, 10, 12, 14, 19, 23, 25, 29, 31, 42, 44, 46, 52, 54, 56, 74, 75, 80]
  Marker 8: mean=2.56px, max=5.37px
  Marker 9: mean=15.71px, max=21.59px
  Marker 10: mean=7.34px, max=8.82px
  Marker 12: mean=5.22px, max=7.42px
  Marker 14: mean=3.57px, max=7.38px
  Marker 19: mean=2.98px, max=5.33px
  Marker 21: mean=14.49px, max=20.59px
  Marker 23: mean=3.19px, max=6.48px
  Marker 25: mean=2.71px, max=5.61px
  Marker 29: mean=2.44px, max=4.63px
  Marker 31: mean=5.57px, max=7.57px
  Marker 42: mean=2.60px, max=5.29px
  Marker 44: mean=1.95px, max=2.51px
  Marker 46: mean=1.86px, max=3.40px
  Marker 47: mean=53.35px, max=59.32px
  Marker 48: mean=14.38px, max=18.99px
  Marker 52: mean=3.46px, max=7.00px
  Marker 54: mean=3.76px, max=5.02px
  Marker 55: mean=11.76px, max=15.92px
  Marker 56: mean=1.83px, max=2.19px
  Marker 64: mean=80.62px, max=90.56px
  Marker 68: mean=74.35px, max=83.84px
  Marker 71: mean=57.13px, max=63.98px
  Marker 72: mean=59.27px, max=66.74px
  Marker 73: mean=39.98px, max=47.25px
  Marker 74: mean=3.27px, max=5.32px
  Marker 75: mean=2.97px, max=5.56px
  Marker 76: mean=66.73px, max=76.34px
  Marker 77: mean=31.03px, max=37.66px
  Marker 80: mean=3.69px, max=6.39px
  Homography calculated
  RANSAC inliers: 38/72
  Saved: image_02_registered.JPG
  Mean marker error: 19.33px
  Max marker error: 90.56px

image_03.JPG
  Shared markers: [8, 10, 11, 12, 15, 16, 20, 22, 24, 26, 27, 28, 32, 34, 35, 37, 38, 39, 40, 41, 43, 45, 47, 49, 60, 68, 72]
  ArUco scale relative to reference: 1.773x
  Using 108 corresponding points
  Removing bad markers: [11, 27, 28, 32, 43, 45, 49, 60]
  Recalculated using: [8, 10, 12, 15, 16, 20, 22, 24, 26, 34, 35, 37, 38, 39, 40, 41, 47, 68, 72]
  Marker 8: mean=2.46px, max=4.94px
  Marker 10: mean=2.71px, max=5.56px
  Marker 11: mean=24.47px, max=30.51px
  Marker 12: mean=2.02px, max=2.26px
  Marker 15: mean=9.69px, max=14.18px
  Marker 16: mean=8.41px, max=10.95px
  Marker 20: mean=5.46px, max=10.17px
  Marker 22: mean=2.71px, max=4.62px
  Marker 24: mean=4.56px, max=9.27px
  Marker 26: mean=3.69px, max=6.95px
  Marker 27: mean=21.99px, max=28.52px
  Marker 28: mean=18.64px, max=25.13px
  Marker 32: mean=10.63px, max=16.55px
  Marker 34: mean=3.54px, max=6.28px
  Marker 35: mean=2.91px, max=5.46px
  Marker 37: mean=6.91px, max=9.60px
  Marker 38: mean=2.83px, max=5.23px
  Marker 39: mean=3.12px, max=6.00px
  Marker 40: mean=8.69px, max=10.90px
  Marker 41: mean=5.27px, max=10.22px
  Marker 43: mean=22.63px, max=29.99px
  Marker 45: mean=19.72px, max=26.86px
  Marker 47: mean=3.44px, max=6.61px
  Marker 49: mean=12.64px, max=19.29px
  Marker 60: mean=11.59px, max=17.29px
  Marker 68: mean=3.23px, max=5.76px
  Marker 72: mean=4.29px, max=7.39px
  Homography calculated
  RANSAC inliers: 33/76
  Saved: image_03_registered.JPG
  Mean marker error: 8.45px
  Max marker error: 30.51px

image_04.JPG
  Shared markers: [10, 12, 14, 19, 21, 23, 25, 29, 31, 42, 44, 46, 48, 52, 53, 54, 55, 56, 74, 75, 80]
  ArUco scale relative to reference: 1.747x
  Using 84 corresponding points
  Removing bad markers: [14, 48, 55]
  Recalculated using: [10, 12, 19, 21, 23, 25, 29, 31, 42, 44, 46, 52, 53, 54, 56, 74, 75, 80]
  Marker 10: mean=2.32px, max=3.99px
  Marker 12: mean=2.49px, max=5.01px
  Marker 14: mean=11.36px, max=15.65px
  Marker 19: mean=1.48px, max=2.44px
  Marker 21: mean=4.18px, max=7.13px
  Marker 23: mean=1.42px, max=1.83px
  Marker 25: mean=1.52px, max=2.88px
  Marker 29: mean=3.18px, max=5.95px
  Marker 31: mean=3.38px, max=4.50px
  Marker 42: mean=1.43px, max=2.76px
  Marker 44: mean=1.24px, max=1.96px
  Marker 46: mean=1.29px, max=2.51px
  Marker 48: mean=23.54px, max=28.12px
  Marker 52: mean=1.37px, max=1.97px
  Marker 53: mean=4.28px, max=6.87px
  Marker 54: mean=1.65px, max=2.59px
  Marker 55: mean=16.25px, max=20.36px
  Marker 56: mean=1.55px, max=2.67px
  Marker 74: mean=2.69px, max=3.69px
  Marker 75: mean=7.10px, max=9.66px
  Marker 80: mean=5.64px, max=8.05px
  Homography calculated
  RANSAC inliers: 46/72
  Saved: image_04_registered.JPG
  Mean marker error: 4.73px
  Max marker error: 28.12px

image_05.JPG
  Shared markers: [10, 12, 25, 31, 42, 44, 46, 47, 48, 49, 52, 53, 54, 55, 56, 64, 71, 72, 73, 74, 75, 76, 77, 80]
  ArUco scale relative to reference: 1.760x
  Using 96 corresponding points
  Removing bad markers: [10, 12, 25, 31, 42, 44, 52, 53, 74]
  Recalculated using: [46, 47, 48, 49, 54, 55, 56, 64, 71, 72, 73, 75, 76, 77, 80]
  Marker 10: mean=37.84px, max=44.06px
  Marker 12: mean=46.18px, max=54.19px
  Marker 25: mean=45.19px, max=52.73px
  Marker 31: mean=37.26px, max=43.15px
  Marker 42: mean=34.73px, max=41.55px
  Marker 44: mean=11.94px, max=16.22px
  Marker 46: mean=2.04px, max=3.44px
  Marker 47: mean=1.44px, max=2.57px
  Marker 48: mean=3.90px, max=5.12px
  Marker 49: mean=6.40px, max=8.54px
  Marker 52: mean=28.62px, max=35.19px
  Marker 53: mean=58.15px, max=67.57px
  Marker 54: mean=2.64px, max=5.29px
  Marker 55: mean=1.79px, max=3.20px
  Marker 56: mean=3.19px, max=5.84px
  Marker 64: mean=9.83px, max=13.23px
  Marker 71: mean=1.44px, max=2.37px
  Marker 72: mean=5.65px, max=8.79px
  Marker 73: mean=1.69px, max=2.46px
  Marker 74: mean=14.58px, max=19.29px
  Marker 75: mean=3.60px, max=4.65px
  Marker 76: mean=7.94px, max=11.61px
  Marker 77: mean=1.65px, max=2.32px
  Marker 80: mean=1.58px, max=2.55px
  Homography calculated
  RANSAC inliers: 36/60
  Saved: image_05_registered.JPG
  Mean marker error: 15.39px
  Max marker error: 67.57px

image_06.JPG
  Shared markers: [44, 46, 47, 48, 49, 54, 55, 56, 62, 64, 66, 70, 71, 72, 73, 75, 76, 77, 78, 80]
  ArUco scale relative to reference: 1.744x
  Using 80 corresponding points
  Removing bad markers: [44, 46, 54, 56, 62]
  Recalculated using: [47, 48, 49, 55, 64, 66, 70, 71, 72, 73, 75, 76, 77, 78, 80]
  Marker 44: mean=47.88px, max=55.80px
  Marker 46: mean=10.85px, max=13.80px
  Marker 47: mean=1.70px, max=3.21px
  Marker 48: mean=0.91px, max=1.37px
  Marker 49: mean=1.16px, max=2.23px
  Marker 54: mean=27.67px, max=32.81px
  Marker 55: mean=2.78px, max=4.37px
  Marker 56: mean=21.08px, max=25.68px
  Marker 62: mean=19.13px, max=23.33px
  Marker 64: mean=1.10px, max=2.01px
  Marker 66: mean=1.04px, max=1.68px
  Marker 70: mean=7.55px, max=10.20px
  Marker 71: mean=2.35px, max=2.95px
  Marker 72: mean=9.04px, max=11.78px
  Marker 73: mean=1.45px, max=2.27px
  Marker 75: mean=3.09px, max=4.84px
  Marker 76: mean=0.99px, max=1.31px
  Marker 77: mean=1.23px, max=1.50px
  Marker 78: mean=2.33px, max=4.40px
  Marker 80: mean=8.03px, max=10.76px
  Homography calculated
  RANSAC inliers: 41/60
  Saved: image_06_registered.JPG
  Mean marker error: 8.57px
  Max marker error: 55.80px

image_07.JPG
  Shared markers: [32, 34, 35, 36, 37, 38, 39, 40, 41, 43, 45, 46, 47, 48, 49, 51, 55, 60, 62, 64, 66, 67, 68, 70, 71, 72, 73, 75, 76, 77, 78, 80]
  ArUco scale relative to reference: 1.756x
  Using 128 corresponding points
  Removing bad markers: [36, 43, 45, 51, 64, 66, 67, 76, 78]
  Recalculated using: [32, 34, 35, 37, 38, 39, 40, 41, 46, 47, 48, 49, 55, 60, 62, 68, 70, 71, 72, 73, 75, 77, 80]
  Marker 32: mean=9.53px, max=14.30px
  Marker 34: mean=5.81px, max=9.58px
  Marker 35: mean=5.04px, max=8.36px
  Marker 36: mean=13.01px, max=17.56px
  Marker 37: mean=4.36px, max=6.69px
  Marker 38: mean=2.44px, max=3.72px
  Marker 39: mean=2.62px, max=5.24px
  Marker 40: mean=4.71px, max=6.92px
  Marker 41: mean=2.41px, max=4.80px
  Marker 43: mean=13.97px, max=19.39px
  Marker 45: mean=14.46px, max=19.88px
  Marker 46: mean=2.05px, max=3.33px
  Marker 47: mean=6.32px, max=8.44px
  Marker 48: mean=3.32px, max=5.36px
  Marker 49: mean=2.46px, max=4.08px
  Marker 51: mean=41.79px, max=49.30px
  Marker 55: mean=2.35px, max=2.76px
  Marker 60: mean=3.87px, max=7.86px
  Marker 62: mean=2.50px, max=3.75px
  Marker 64: mean=13.46px, max=18.78px
  Marker 66: mean=12.88px, max=18.15px
  Marker 67: mean=26.46px, max=32.43px
  Marker 68: mean=5.38px, max=8.01px
  Marker 70: mean=2.34px, max=3.88px
  Marker 71: mean=2.27px, max=4.30px
  Marker 72: mean=7.33px, max=9.15px
  Marker 73: mean=3.23px, max=6.61px
  Marker 75: mean=4.08px, max=5.93px
  Marker 76: mean=13.64px, max=18.99px
  Marker 77: mean=3.53px, max=6.95px
  Marker 78: mean=31.03px, max=38.57px
  Marker 80: mean=2.46px, max=4.53px
  Homography calculated
  RANSAC inliers: 40/92
  Saved: image_07_registered.JPG
  Mean marker error: 8.47px
  Max marker error: 49.30px

image_08.JPG
  Shared markers: [16, 20, 22, 26, 32, 34, 35, 36, 37, 38, 39, 40, 41, 43, 45, 51, 60, 62, 67, 68, 70, 72]
  ArUco scale relative to reference: 1.758x
  Using 88 corresponding points
  Removing bad markers: [16, 20, 22, 26, 34, 62, 70, 72]
  Recalculated using: [32, 35, 36, 37, 38, 39, 40, 41, 43, 45, 51, 60, 67, 68]
  Marker 16: mean=17.09px, max=21.10px
  Marker 20: mean=56.28px, max=63.36px
  Marker 22: mean=29.79px, max=35.07px
  Marker 26: mean=36.95px, max=42.72px
  Marker 32: mean=1.95px, max=2.86px
  Marker 34: mean=15.00px, max=18.79px
  Marker 35: mean=1.75px, max=3.18px
  Marker 36: mean=0.96px, max=1.85px
  Marker 37: mean=1.61px, max=3.12px
  Marker 38: mean=1.54px, max=2.67px
  Marker 39: mean=6.22px, max=8.74px
  Marker 40: mean=6.83px, max=9.61px
  Marker 41: mean=0.89px, max=1.21px
  Marker 43: mean=1.44px, max=2.18px
  Marker 45: mean=1.15px, max=1.98px
  Marker 51: mean=1.69px, max=3.31px
  Marker 60: mean=4.56px, max=6.11px
  Marker 62: mean=11.13px, max=13.81px
  Marker 67: mean=0.97px, max=1.57px
  Marker 68: mean=4.77px, max=6.54px
  Marker 70: mean=20.72px, max=24.52px
  Marker 72: mean=11.74px, max=14.38px
  Homography calculated
  RANSAC inliers: 40/56
  Saved: image_08_registered.JPG
  Mean marker error: 10.68px
  Max marker error: 63.36px

image_09.JPG
  Shared markers: [8, 11, 12, 15, 16, 20, 22, 24, 26, 27, 28, 32, 34, 35, 36, 37, 38, 39, 40, 41, 45, 67, 68, 72]
  ArUco scale relative to reference: 1.771x
  Using 96 corresponding points
  Removing bad markers: [32, 35, 36, 37, 38, 39, 41, 45, 67, 68, 72]
  Recalculated using: [8, 11, 12, 15, 16, 20, 22, 24, 26, 27, 28, 34, 40]
  Marker 8: mean=0.84px, max=1.62px
  Marker 11: mean=2.47px, max=4.43px
  Marker 12: mean=5.95px, max=8.22px
  Marker 15: mean=1.39px, max=2.01px
  Marker 16: mean=2.97px, max=5.05px
  Marker 20: mean=1.77px, max=3.38px
  Marker 22: mean=1.94px, max=2.99px
  Marker 24: mean=3.47px, max=5.33px
  Marker 26: mean=3.96px, max=5.46px
  Marker 27: mean=1.83px, max=3.70px
  Marker 28: mean=1.70px, max=3.11px
  Marker 32: mean=55.93px, max=64.02px
  Marker 34: mean=3.25px, max=6.09px
  Marker 35: mean=24.35px, max=29.76px
  Marker 36: mean=47.26px, max=54.56px
  Marker 37: mean=11.73px, max=16.00px
  Marker 38: mean=28.62px, max=34.38px
  Marker 39: mean=10.73px, max=14.88px
  Marker 40: mean=2.80px, max=5.44px
  Marker 41: mean=70.54px, max=78.49px
  Marker 45: mean=81.18px, max=91.01px
  Marker 67: mean=81.24px, max=91.18px
  Marker 68: mean=69.83px, max=77.95px
  Marker 72: mean=77.24px, max=87.38px
  Homography calculated
  RANSAC inliers: 32/52
  Saved: image_09_registered.JPG
  Mean marker error: 24.71px
  Max marker error: 91.18px

image_10.JPG
  Shared markers: [8, 9, 11, 12, 13, 14, 15, 16, 20, 22, 24, 26, 27, 28, 29, 34, 35, 37, 39, 40, 65]
  ArUco scale relative to reference: 1.768x
  Using 84 corresponding points
  Removing bad markers: [29, 34, 35, 37, 39, 40]
  Recalculated using: [8, 9, 11, 12, 13, 14, 15, 16, 20, 22, 24, 26, 27, 28, 65]
  Marker 8: mean=0.73px, max=1.23px
  Marker 9: mean=1.37px, max=2.56px
  Marker 11: mean=1.09px, max=2.07px
  Marker 12: mean=4.93px, max=6.71px
  Marker 13: mean=1.36px, max=2.45px
  Marker 14: mean=4.69px, max=6.45px
  Marker 15: mean=2.10px, max=3.25px
  Marker 16: mean=3.26px, max=6.00px
  Marker 20: mean=1.96px, max=3.51px
  Marker 22: mean=4.52px, max=7.08px
  Marker 24: mean=1.49px, max=2.70px
  Marker 26: mean=1.64px, max=2.00px
  Marker 27: mean=1.38px, max=1.85px
  Marker 28: mean=1.52px, max=2.68px
  Marker 29: mean=11.87px, max=14.77px
  Marker 34: mean=10.92px, max=14.69px
  Marker 35: mean=46.28px, max=54.33px
  Marker 37: mean=27.26px, max=33.15px
  Marker 39: mean=23.46px, max=29.00px
  Marker 40: mean=11.79px, max=15.72px
  Marker 65: mean=5.04px, max=7.13px
  Homography calculated
  RANSAC inliers: 43/60
  Saved: image_10_registered.JPG
  Mean marker error: 8.03px
  Max marker error: 54.33px

image_11.JPG
  Shared markers: [8, 9, 10, 11, 12, 13, 14, 15, 16, 19, 20, 21, 22, 23, 24, 25, 26, 27, 28, 29, 31, 34, 42, 44, 46, 52, 53, 54, 56, 65, 74, 80]
  ArUco scale relative to reference: 1.770x
  Using 128 corresponding points
  Removing bad markers: [8, 9, 11, 13, 15, 16, 20, 22, 24, 26, 27, 28, 34, 65, 80]
  Recalculated using: [10, 12, 14, 19, 21, 23, 25, 29, 31, 42, 44, 46, 52, 53, 54, 56, 74]
  Marker 8: mean=10.34px, max=13.51px
  Marker 9: mean=20.95px, max=25.39px
  Marker 10: mean=2.03px, max=3.41px
  Marker 11: mean=47.76px, max=54.17px
  Marker 12: mean=2.28px, max=4.28px
  Marker 13: mean=40.77px, max=46.89px
  Marker 14: mean=9.05px, max=12.27px
  Marker 15: mean=24.29px, max=29.34px
  Marker 16: mean=50.21px, max=57.56px
  Marker 19: mean=1.28px, max=2.24px
  Marker 20: mean=60.24px, max=66.60px
  Marker 21: mean=6.61px, max=9.94px
  Marker 22: mean=62.81px, max=70.44px
  Marker 23: mean=1.38px, max=2.30px
  Marker 24: mean=49.08px, max=55.19px
  Marker 25: mean=1.29px, max=2.19px
  Marker 26: mean=48.25px, max=54.09px
  Marker 27: mean=56.60px, max=63.84px
  Marker 28: mean=63.71px, max=71.09px
  Marker 29: mean=2.48px, max=4.55px
  Marker 31: mean=3.20px, max=4.15px
  Marker 34: mean=73.73px, max=83.96px
  Marker 42: mean=1.19px, max=2.36px
  Marker 44: mean=1.68px, max=3.03px
  Marker 46: mean=4.35px, max=6.50px
  Marker 52: mean=2.65px, max=4.51px
  Marker 53: mean=8.00px, max=11.09px
  Marker 54: mean=0.87px, max=1.61px
  Marker 56: mean=5.24px, max=7.40px
  Marker 65: mean=78.77px, max=87.80px
  Marker 74: mean=1.77px, max=2.70px
  Marker 80: mean=14.54px, max=18.45px
  Homography calculated
  RANSAC inliers: 39/68
  Saved: image_11_registered.JPG
  Mean marker error: 23.67px
  Max marker error: 87.80px

Saved image scales: homographies\drawer_014\image_scales.json

==================================================
Processing drawer_015
==================================================
Reference image: image_01.JPG
Markers: [8, 9, 10, 11, 12, 13, 14, 15, 16, 19, 20, 21, 22, 23, 24, 25, 26, 27, 28, 29, 31, 32, 34, 35, 36, 37, 38, 39, 40, 41, 42, 43, 44, 45, 46, 47, 48, 49, 51, 52, 53, 54, 55, 56, 60, 62, 64, 65, 66, 67, 68, 70, 71, 72, 73, 74, 75, 76, 77, 78, 80]

image_02.JPG
  Shared markers: [8, 9, 10, 12, 14, 19, 21, 23, 25, 29, 31, 42, 44, 46, 47, 48, 52, 53, 54, 55, 56, 64, 68, 71, 72, 73, 74, 75, 76, 77, 80]
  ArUco scale relative to reference: 1.748x
  Using 124 corresponding points
  Removing bad markers: [9, 21, 23, 25, 42, 52, 53, 64, 73, 76]
  Recalculated using: [8, 10, 12, 14, 19, 29, 31, 44, 46, 47, 48, 54, 55, 56, 68, 71, 72, 74, 75, 77, 80]
  Marker 8: mean=3.54px, max=6.87px
  Marker 9: mean=12.33px, max=18.75px
  Marker 10: mean=3.32px, max=6.46px
  Marker 12: mean=5.16px, max=8.03px
  Marker 14: mean=5.03px, max=9.57px
  Marker 19: mean=7.55px, max=12.37px
  Marker 21: mean=38.43px, max=47.77px
  Marker 23: mean=19.56px, max=26.39px
  Marker 25: mean=17.29px, max=23.97px
  Marker 29: mean=4.88px, max=8.99px
  Marker 31: mean=4.10px, max=8.50px
  Marker 42: mean=15.05px, max=21.23px
  Marker 44: mean=4.38px, max=8.36px
  Marker 46: mean=4.53px, max=5.98px
  Marker 47: mean=2.46px, max=3.32px
  Marker 48: mean=2.10px, max=2.93px
  Marker 52: mean=15.10px, max=21.17px
  Marker 53: mean=36.39px, max=45.43px
  Marker 54: mean=3.46px, max=5.61px
  Marker 55: mean=2.28px, max=4.62px
  Marker 56: mean=2.17px, max=2.68px
  Marker 64: mean=32.13px, max=38.95px
  Marker 68: mean=2.47px, max=4.72px
  Marker 71: mean=9.68px, max=14.25px
  Marker 72: mean=2.15px, max=3.92px
  Marker 73: mean=11.71px, max=16.84px
  Marker 74: mean=3.28px, max=6.69px
  Marker 75: mean=3.91px, max=5.64px
  Marker 76: mean=28.93px, max=36.06px
  Marker 77: mean=9.96px, max=14.68px
  Marker 80: mean=1.98px, max=3.08px
  Homography calculated
  RANSAC inliers: 39/84
  Saved: image_02_registered.JPG
  Mean marker error: 10.17px
  Max marker error: 47.77px

image_03.JPG
  Shared markers: [8, 10, 11, 12, 15, 16, 20, 22, 24, 26, 27, 28, 32, 34, 35, 36, 37, 38, 39, 40, 41, 43, 45, 47, 49, 67, 68, 72]
  ArUco scale relative to reference: 1.746x
  Using 112 corresponding points
  Removing bad markers: [10, 32, 35, 36, 37, 38, 39, 41, 43, 45, 47, 49, 67, 68, 72]
  Recalculated using: [8, 11, 12, 15, 16, 20, 22, 24, 26, 27, 28, 34, 40]
  Marker 8: mean=0.92px, max=1.68px
  Marker 10: mean=16.87px, max=20.18px
  Marker 11: mean=1.39px, max=2.40px
  Marker 12: mean=6.30px, max=8.02px
  Marker 15: mean=1.55px, max=2.44px
  Marker 16: mean=1.46px, max=2.81px
  Marker 20: mean=1.44px, max=2.86px
  Marker 22: mean=1.71px, max=3.34px
  Marker 24: mean=3.63px, max=4.80px
  Marker 26: mean=2.61px, max=3.87px
  Marker 27: mean=1.26px, max=1.95px
  Marker 28: mean=1.30px, max=1.71px
  Marker 32: mean=76.50px, max=85.54px
  Marker 34: mean=7.52px, max=10.60px
  Marker 35: mean=36.70px, max=42.81px
  Marker 36: mean=65.20px, max=73.45px
  Marker 37: mean=21.75px, max=26.52px
  Marker 38: mean=43.40px, max=50.12px
  Marker 39: mean=18.67px, max=23.10px
  Marker 40: mean=8.66px, max=12.02px
  Marker 41: mean=94.28px, max=103.19px
  Marker 43: mean=125.52px, max=137.43px
  Marker 45: mean=106.81px, max=117.83px
  Marker 47: mean=112.55px, max=125.04px
  Marker 49: mean=159.39px, max=176.54px
  Marker 67: mean=106.15px, max=117.48px
  Marker 68: mean=92.27px, max=101.09px
  Marker 72: mean=98.37px, max=108.96px
  Homography calculated
  RANSAC inliers: 31/52
  Saved: image_03_registered.JPG
  Mean marker error: 43.36px
  Max marker error: 176.54px

image_04.JPG
  Shared markers: [10, 12, 14, 19, 21, 23, 25, 29, 31, 42, 44, 46, 48, 52, 53, 54, 55, 56, 74, 75, 77, 80]
  ArUco scale relative to reference: 1.738x
  Using 88 corresponding points
  Removing bad markers: [48, 55, 77]
  Recalculated using: [10, 12, 14, 19, 21, 23, 25, 29, 31, 42, 44, 46, 52, 53, 54, 56, 74, 75, 80]
  Marker 10: mean=3.23px, max=5.21px
  Marker 12: mean=1.92px, max=3.25px
  Marker 14: mean=9.80px, max=14.11px
  Marker 19: mean=1.84px, max=2.18px
  Marker 21: mean=7.47px, max=11.18px
  Marker 23: mean=2.19px, max=4.51px
  Marker 25: mean=1.74px, max=3.08px
  Marker 29: mean=2.92px, max=5.91px
  Marker 31: mean=3.19px, max=4.97px
  Marker 42: mean=1.46px, max=2.43px
  Marker 44: mean=1.38px, max=2.46px
  Marker 46: mean=0.75px, max=1.22px
  Marker 48: mean=15.51px, max=18.88px
  Marker 52: mean=1.63px, max=3.17px
  Marker 53: mean=7.01px, max=10.41px
  Marker 54: mean=2.60px, max=3.31px
  Marker 55: mean=11.17px, max=14.31px
  Marker 56: mean=1.05px, max=1.35px
  Marker 74: mean=3.11px, max=4.43px
  Marker 75: mean=4.48px, max=6.34px
  Marker 77: mean=31.02px, max=35.87px
  Marker 80: mean=3.75px, max=5.54px
  Homography calculated
  RANSAC inliers: 44/76
  Saved: image_04_registered.JPG
  Mean marker error: 5.42px
  Max marker error: 35.87px

image_05.JPG
  Shared markers: [10, 12, 21, 25, 31, 42, 44, 46, 47, 48, 52, 53, 54, 55, 56, 64, 71, 72, 73, 74, 75, 76, 77, 80]
  ArUco scale relative to reference: 1.735x
  Using 96 corresponding points
  Removing bad markers: [10, 12, 21, 25, 31, 42, 52, 53, 64, 74, 76]
  Recalculated using: [44, 46, 47, 48, 54, 55, 56, 71, 72, 73, 75, 77, 80]
  Marker 10: mean=30.58px, max=35.91px
  Marker 12: mean=37.04px, max=43.92px
  Marker 21: mean=59.31px, max=68.59px
  Marker 25: mean=38.63px, max=45.52px
  Marker 31: mean=30.89px, max=36.34px
  Marker 42: mean=29.72px, max=36.00px
  Marker 44: mean=9.97px, max=13.89px
  Marker 46: mean=2.03px, max=3.44px
  Marker 47: mean=1.51px, max=1.98px
  Marker 48: mean=3.27px, max=4.60px
  Marker 52: mean=24.60px, max=30.65px
  Marker 53: mean=50.94px, max=59.58px
  Marker 54: mean=2.03px, max=4.09px
  Marker 55: mean=1.45px, max=2.76px
  Marker 56: mean=2.52px, max=4.80px
  Marker 64: mean=13.56px, max=17.56px
  Marker 71: mean=2.05px, max=4.00px
  Marker 72: mean=3.40px, max=6.50px
  Marker 73: mean=2.22px, max=4.49px
  Marker 74: mean=12.00px, max=16.27px
  Marker 75: mean=3.40px, max=4.37px
  Marker 76: mean=11.09px, max=15.21px
  Marker 77: mean=1.99px, max=4.06px
  Marker 80: mean=1.52px, max=2.43px
  Homography calculated
  RANSAC inliers: 33/52
  Saved: image_05_registered.JPG
  Mean marker error: 15.66px
  Max marker error: 68.59px

image_06.JPG
  Shared markers: [44, 46, 47, 48, 49, 54, 55, 56, 62, 64, 66, 70, 71, 72, 73, 75, 76, 77, 78, 80]
  ArUco scale relative to reference: 1.717x
  Using 80 corresponding points
  Removing bad markers: [44, 54, 56, 62]
  Recalculated using: [46, 47, 48, 49, 55, 64, 66, 70, 71, 72, 73, 75, 76, 77, 78, 80]
  Marker 44: mean=33.10px, max=40.03px
  Marker 46: mean=4.92px, max=7.24px
  Marker 47: mean=2.56px, max=3.95px
  Marker 48: mean=1.99px, max=2.90px
  Marker 49: mean=1.29px, max=2.34px
  Marker 54: mean=16.21px, max=20.55px
  Marker 55: mean=1.25px, max=2.11px
  Marker 56: mean=12.84px, max=16.73px
  Marker 62: mean=10.37px, max=13.93px
  Marker 64: mean=1.55px, max=3.23px
  Marker 66: mean=1.74px, max=3.50px
  Marker 70: mean=2.95px, max=5.26px
  Marker 71: mean=3.62px, max=4.69px
  Marker 72: mean=2.02px, max=4.00px
  Marker 73: mean=1.82px, max=3.15px
  Marker 75: mean=0.96px, max=1.56px
  Marker 76: mean=1.86px, max=3.81px
  Marker 77: mean=1.20px, max=1.73px
  Marker 78: mean=7.96px, max=11.07px
  Marker 80: mean=4.12px, max=6.41px
  Homography calculated
  RANSAC inliers: 42/64
  Saved: image_06_registered.JPG
  Mean marker error: 5.72px
  Max marker error: 40.03px

image_07.JPG
  Shared markers: [32, 34, 35, 36, 37, 38, 39, 40, 41, 43, 45, 46, 47, 48, 49, 51, 55, 60, 62, 64, 66, 67, 68, 70, 71, 72, 73, 75, 76, 77, 78, 80]
  ArUco scale relative to reference: 1.734x
  Using 128 corresponding points
  Removing bad markers: [36, 43, 45, 51, 64, 66, 67, 76, 78]
  Recalculated using: [32, 34, 35, 37, 38, 39, 40, 41, 46, 47, 48, 49, 55, 60, 62, 68, 70, 71, 72, 73, 75, 77, 80]
  Marker 32: mean=9.09px, max=13.51px
  Marker 34: mean=5.34px, max=8.94px
  Marker 35: mean=4.91px, max=8.02px
  Marker 36: mean=12.32px, max=16.60px
  Marker 37: mean=3.59px, max=5.99px
  Marker 38: mean=2.21px, max=3.83px
  Marker 39: mean=2.54px, max=5.09px
  Marker 40: mean=3.94px, max=6.03px
  Marker 41: mean=2.34px, max=4.48px
  Marker 43: mean=13.32px, max=18.49px
  Marker 45: mean=13.75px, max=18.93px
  Marker 46: mean=2.22px, max=3.71px
  Marker 47: mean=6.19px, max=8.24px
  Marker 48: mean=3.31px, max=5.46px
  Marker 49: mean=2.48px, max=4.06px
  Marker 51: mean=39.44px, max=46.77px
  Marker 55: mean=2.44px, max=2.50px
  Marker 60: mean=3.65px, max=7.59px
  Marker 62: mean=2.47px, max=3.73px
  Marker 64: mean=13.47px, max=18.83px
  Marker 66: mean=12.87px, max=18.12px
  Marker 67: mean=24.81px, max=30.61px
  Marker 68: mean=5.19px, max=7.62px
  Marker 70: mean=2.41px, max=3.99px
  Marker 71: mean=2.31px, max=4.30px
  Marker 72: mean=7.11px, max=8.90px
  Marker 73: mean=3.32px, max=6.77px
  Marker 75: mean=4.18px, max=6.00px
  Marker 76: mean=13.93px, max=19.39px
  Marker 77: mean=3.70px, max=7.29px
  Marker 78: mean=31.67px, max=39.33px
  Marker 80: mean=2.65px, max=5.09px
  Homography calculated
  RANSAC inliers: 42/92
  Saved: image_07_registered.JPG
  Mean marker error: 8.22px
  Max marker error: 46.77px

image_08.JPG
  Shared markers: [16, 20, 22, 26, 32, 34, 35, 36, 37, 38, 39, 40, 41, 43, 45, 51, 60, 62, 67, 68, 70, 72]
  ArUco scale relative to reference: 1.731x
  Using 88 corresponding points
  Removing bad markers: [16, 20, 22, 26, 34, 62, 70, 72]
  Recalculated using: [32, 35, 36, 37, 38, 39, 40, 41, 43, 45, 51, 60, 67, 68]
  Marker 16: mean=18.02px, max=21.68px
  Marker 20: mean=56.36px, max=63.32px
  Marker 22: mean=29.82px, max=34.68px
  Marker 26: mean=37.99px, max=43.15px
  Marker 32: mean=1.95px, max=2.59px
  Marker 34: mean=15.03px, max=18.36px
  Marker 35: mean=1.69px, max=2.69px
  Marker 36: mean=1.07px, max=1.61px
  Marker 37: mean=1.68px, max=3.07px
  Marker 38: mean=1.47px, max=2.21px
  Marker 39: mean=6.19px, max=8.25px
  Marker 40: mean=7.35px, max=9.73px
  Marker 41: mean=0.91px, max=1.53px
  Marker 43: mean=1.47px, max=2.05px
  Marker 45: mean=1.13px, max=2.00px
  Marker 51: mean=1.46px, max=2.75px
  Marker 60: mean=3.84px, max=5.73px
  Marker 62: mean=10.08px, max=13.18px
  Marker 67: mean=0.86px, max=1.52px
  Marker 68: mean=3.38px, max=5.39px
  Marker 70: mean=20.32px, max=24.71px
  Marker 72: mean=10.18px, max=13.20px
  Homography calculated
  RANSAC inliers: 41/56
  Saved: image_08_registered.JPG
  Mean marker error: 10.56px
  Max marker error: 63.32px

image_09.JPG
  Shared markers: [8, 11, 12, 15, 16, 20, 22, 24, 26, 27, 28, 32, 34, 35, 36, 37, 38, 39, 40, 41, 45, 47, 67, 68, 72]
  ArUco scale relative to reference: 1.745x
  Using 100 corresponding points
  Removing bad markers: [32, 35, 36, 37, 38, 39, 41, 45, 47, 67, 68, 72]
  Recalculated using: [8, 11, 12, 15, 16, 20, 22, 24, 26, 27, 28, 34, 40]
  Marker 8: mean=1.24px, max=2.13px
  Marker 11: mean=1.66px, max=3.14px
  Marker 12: mean=4.24px, max=6.80px
  Marker 15: mean=1.74px, max=2.57px
  Marker 16: mean=1.72px, max=3.46px
  Marker 20: mean=1.38px, max=2.10px
  Marker 22: mean=2.11px, max=3.86px
  Marker 24: mean=2.88px, max=4.19px
  Marker 26: mean=1.67px, max=3.04px
  Marker 27: mean=1.14px, max=2.39px
  Marker 28: mean=1.34px, max=2.01px
  Marker 32: mean=63.18px, max=70.56px
  Marker 34: mean=7.44px, max=10.08px
  Marker 35: mean=30.71px, max=35.57px
  Marker 36: mean=53.60px, max=60.29px
  Marker 37: mean=18.89px, max=22.88px
  Marker 38: mean=36.21px, max=41.70px
  Marker 39: mean=16.39px, max=20.01px
  Marker 40: mean=8.33px, max=11.16px
  Marker 41: mean=80.28px, max=87.77px
  Marker 45: mean=88.78px, max=98.06px
  Marker 47: mean=105.51px, max=118.10px
  Marker 67: mean=86.74px, max=95.94px
  Marker 68: mean=80.84px, max=89.05px
  Marker 72: mean=89.02px, max=99.26px
  Homography calculated
  RANSAC inliers: 34/52
  Saved: image_09_registered.JPG
  Mean marker error: 31.48px
  Max marker error: 118.10px

image_10.JPG
  Shared markers: [8, 9, 11, 12, 13, 14, 15, 16, 20, 22, 24, 26, 27, 28, 29, 34, 35, 37, 39, 40, 65]
  ArUco scale relative to reference: 1.751x
  Using 84 corresponding points
  Removing bad markers: [29, 34, 35, 37, 39, 40]
  Recalculated using: [8, 9, 11, 12, 13, 14, 15, 16, 20, 22, 24, 26, 27, 28, 65]
  Marker 8: mean=0.89px, max=1.53px
  Marker 9: mean=1.44px, max=2.90px
  Marker 11: mean=1.10px, max=2.03px
  Marker 12: mean=5.18px, max=7.00px
  Marker 13: mean=1.23px, max=2.19px
  Marker 14: mean=4.84px, max=6.87px
  Marker 15: mean=2.03px, max=3.45px
  Marker 16: mean=3.02px, max=5.50px
  Marker 20: mean=1.86px, max=3.32px
  Marker 22: mean=4.36px, max=6.78px
  Marker 24: mean=1.44px, max=2.68px
  Marker 26: mean=1.49px, max=1.76px
  Marker 27: mean=1.18px, max=1.80px
  Marker 28: mean=1.39px, max=2.50px
  Marker 29: mean=12.06px, max=14.94px
  Marker 34: mean=10.78px, max=14.46px
  Marker 35: mean=46.84px, max=55.11px
  Marker 37: mean=27.20px, max=33.20px
  Marker 39: mean=23.48px, max=28.96px
  Marker 40: mean=11.54px, max=15.48px
  Marker 65: mean=5.07px, max=6.98px
  Homography calculated
  RANSAC inliers: 43/60
  Saved: image_10_registered.JPG
  Mean marker error: 8.02px
  Max marker error: 55.11px

image_11.JPG
  Shared markers: [8, 9, 10, 11, 12, 13, 14, 15, 16, 19, 20, 21, 22, 23, 24, 25, 26, 27, 28, 29, 31, 34, 40, 42, 44, 46, 52, 53, 54, 56, 65, 74, 80]
  ArUco scale relative to reference: 1.751x
  Using 132 corresponding points
  Removing bad markers: [11, 13, 16, 21, 27, 28, 53, 65]
  Recalculated using: [8, 9, 10, 12, 14, 15, 19, 20, 22, 23, 24, 25, 26, 29, 31, 34, 40, 42, 44, 46, 52, 54, 56, 74, 80]
  Marker 8: mean=5.83px, max=8.49px
  Marker 9: mean=4.13px, max=8.39px
  Marker 10: mean=7.93px, max=9.71px
  Marker 11: mean=15.21px, max=21.04px
  Marker 12: mean=8.38px, max=10.18px
  Marker 13: mean=15.81px, max=21.42px
  Marker 14: mean=2.56px, max=4.89px
  Marker 15: mean=2.58px, max=5.80px
  Marker 16: mean=10.01px, max=13.35px
  Marker 19: mean=2.70px, max=5.13px
  Marker 20: mean=5.37px, max=10.40px
  Marker 21: mean=15.28px, max=20.68px
  Marker 22: mean=4.03px, max=4.92px
  Marker 23: mean=3.92px, max=7.77px
  Marker 24: mean=3.91px, max=7.57px
  Marker 25: mean=3.41px, max=6.88px
  Marker 26: mean=5.00px, max=9.17px
  Marker 27: mean=16.14px, max=22.57px
  Marker 28: mean=15.77px, max=21.91px
  Marker 29: mean=3.23px, max=5.53px
  Marker 31: mean=4.66px, max=7.18px
  Marker 34: mean=5.96px, max=7.25px
  Marker 40: mean=9.47px, max=12.24px
  Marker 42: mean=3.26px, max=6.50px
  Marker 44: mean=1.41px, max=2.21px
  Marker 46: mean=1.17px, max=2.05px
  Marker 52: mean=4.77px, max=8.01px
  Marker 53: mean=15.90px, max=21.01px
  Marker 54: mean=3.02px, max=3.88px
  Marker 56: mean=1.82px, max=3.47px
  Marker 65: mean=41.69px, max=49.84px
  Marker 74: mean=2.59px, max=4.37px
  Marker 80: mean=7.39px, max=9.71px
  Homography calculated
  RANSAC inliers: 39/100
  Saved: image_11_registered.JPG
  Mean marker error: 7.71px
  Max marker error: 49.84px

Saved image scales: homographies\drawer_015\image_scales.json

==================================================
Processing drawer_016
==================================================
Reference image: image_01.JPG
Markers: [8, 9, 10, 11, 12, 13, 14, 15, 16, 19, 20, 21, 22, 23, 24, 25, 26, 27, 28, 29, 31, 32, 34, 35, 36, 37, 38, 39, 40, 41, 42, 43, 44, 45, 46, 47, 48, 49, 51, 52, 53, 54, 55, 56, 60, 62, 64, 65, 66, 67, 68, 70, 71, 72, 73, 74, 75, 76, 77, 78, 80]

image_02.JPG
  Shared markers: [8, 10, 12, 19, 21, 23, 25, 31, 42, 44, 46, 47, 48, 54, 55, 56, 64, 68, 71, 72, 73, 74, 75, 76, 77, 80]
  ArUco scale relative to reference: 1.770x
  Using 104 corresponding points
  Removing bad markers: [19, 21, 23, 25, 31, 42, 64, 76]
  Recalculated using: [8, 10, 12, 44, 46, 47, 48, 54, 55, 56, 68, 71, 72, 73, 74, 75, 77, 80]
  Marker 8: mean=4.78px, max=9.50px
  Marker 10: mean=3.99px, max=7.70px
  Marker 12: mean=3.42px, max=4.98px
  Marker 19: mean=16.01px, max=21.57px
  Marker 21: mean=48.73px, max=58.85px
  Marker 23: mean=28.89px, max=36.40px
  Marker 25: mean=25.44px, max=32.66px
  Marker 31: mean=10.98px, max=16.27px
  Marker 42: mean=21.86px, max=28.62px
  Marker 44: mean=7.88px, max=12.27px
  Marker 46: mean=3.62px, max=5.14px
  Marker 47: mean=1.81px, max=4.08px
  Marker 48: mean=2.44px, max=4.39px
  Marker 54: mean=2.04px, max=3.52px
  Marker 55: mean=2.21px, max=3.19px
  Marker 56: mean=2.28px, max=4.69px
  Marker 64: mean=27.09px, max=33.54px
  Marker 68: mean=2.40px, max=4.85px
  Marker 71: mean=5.78px, max=9.25px
  Marker 72: mean=2.83px, max=4.57px
  Marker 73: mean=8.13px, max=12.62px
  Marker 74: mean=6.99px, max=11.56px
  Marker 75: mean=4.23px, max=5.68px
  Marker 76: mean=24.31px, max=30.97px
  Marker 77: mean=7.10px, max=11.47px
  Marker 80: mean=2.01px, max=2.72px
  Homography calculated
  RANSAC inliers: 31/72
  Saved: image_02_registered.JPG
  Mean marker error: 10.66px
  Max marker error: 58.85px

image_03.JPG
  Shared markers: [8, 10, 11, 12, 15, 16, 20, 22, 24, 26, 27, 28, 32, 37, 38, 40, 41, 45, 47, 68, 72]
  ArUco scale relative to reference: 1.785x
  Using 84 corresponding points
  Removing bad markers: [10, 32, 37, 38, 41, 45, 47, 68, 72]
  Recalculated using: [8, 11, 12, 15, 16, 20, 22, 24, 26, 27, 28, 40]
  Marker 8: mean=0.97px, max=2.03px
  Marker 10: mean=17.23px, max=20.89px
  Marker 11: mean=2.75px, max=4.58px
  Marker 12: mean=6.24px, max=8.65px
  Marker 15: mean=1.28px, max=1.70px
  Marker 16: mean=1.81px, max=3.68px
  Marker 20: mean=1.51px, max=2.17px
  Marker 22: mean=2.30px, max=4.36px
  Marker 24: mean=2.84px, max=4.12px
  Marker 26: mean=1.88px, max=3.36px
  Marker 27: mean=1.79px, max=3.73px
  Marker 28: mean=1.57px, max=3.18px
  Marker 32: mean=75.65px, max=84.48px
  Marker 37: mean=22.11px, max=26.77px
  Marker 38: mean=43.11px, max=49.50px
  Marker 40: mean=9.44px, max=12.64px
  Marker 41: mean=95.76px, max=104.50px
  Marker 45: mean=106.07px, max=116.96px
  Marker 47: mean=123.11px, max=136.63px
  Marker 68: mean=96.52px, max=105.87px
  Marker 72: mean=105.67px, max=117.05px
  Homography calculated
  RANSAC inliers: 30/48
  Saved: image_03_registered.JPG
  Mean marker error: 34.27px
  Max marker error: 136.63px

image_04.JPG
  Shared markers: [10, 12, 14, 19, 21, 23, 25, 29, 31, 42, 44, 46, 48, 52, 53, 54, 55, 56, 74, 75, 80]
  ArUco scale relative to reference: 1.762x
  Using 84 corresponding points
  Removing bad markers: [14, 48, 55]
  Recalculated using: [10, 12, 19, 21, 23, 25, 29, 31, 42, 44, 46, 52, 53, 54, 56, 74, 75, 80]
  Marker 10: mean=2.44px, max=4.15px
  Marker 12: mean=2.52px, max=5.06px
  Marker 14: mean=11.81px, max=16.24px
  Marker 19: mean=1.58px, max=2.58px
  Marker 21: mean=4.29px, max=7.29px
  Marker 23: mean=1.54px, max=1.90px
  Marker 25: mean=1.52px, max=2.89px
  Marker 29: mean=3.16px, max=6.01px
  Marker 31: mean=3.46px, max=4.77px
  Marker 42: mean=1.46px, max=2.81px
  Marker 44: mean=1.11px, max=1.77px
  Marker 46: mean=1.25px, max=2.41px
  Marker 48: mean=22.97px, max=27.44px
  Marker 52: mean=1.35px, max=2.06px
  Marker 53: mean=4.27px, max=7.03px
  Marker 54: mean=1.63px, max=2.45px
  Marker 55: mean=16.12px, max=20.02px
  Marker 56: mean=1.47px, max=2.50px
  Marker 74: mean=2.67px, max=3.60px
  Marker 75: mean=7.04px, max=9.55px
  Marker 80: mean=5.66px, max=8.08px
  Homography calculated
  RANSAC inliers: 47/72
  Saved: image_04_registered.JPG
  Mean marker error: 4.73px
  Max marker error: 27.44px

image_05.JPG
  Shared markers: [10, 12, 21, 25, 31, 42, 44, 46, 47, 48, 52, 53, 54, 55, 56, 64, 71, 72, 73, 74, 75, 76, 77, 80]
  ArUco scale relative to reference: 1.772x
  Using 96 corresponding points
  Removing bad markers: [47, 48, 55, 64, 71, 72, 73, 76, 77]
  Recalculated using: [10, 12, 21, 25, 31, 42, 44, 46, 52, 53, 54, 56, 74, 75, 80]
  Marker 10: mean=1.67px, max=3.30px
  Marker 12: mean=5.31px, max=8.69px
  Marker 21: mean=9.65px, max=14.21px
  Marker 25: mean=1.99px, max=3.35px
  Marker 31: mean=2.87px, max=4.48px
  Marker 42: mean=1.62px, max=2.80px
  Marker 44: mean=1.49px, max=2.63px
  Marker 46: mean=2.33px, max=3.76px
  Marker 47: mean=69.30px, max=77.01px
  Marker 48: mean=14.24px, max=18.59px
  Marker 52: mean=1.83px, max=3.64px
  Marker 53: mean=8.75px, max=13.16px
  Marker 54: mean=3.60px, max=4.56px
  Marker 55: mean=10.86px, max=14.84px
  Marker 56: mean=1.70px, max=2.20px
  Marker 64: mean=83.37px, max=92.35px
  Marker 71: mean=66.29px, max=72.61px
  Marker 72: mean=82.00px, max=91.32px
  Marker 73: mean=40.84px, max=47.69px
  Marker 74: mean=3.47px, max=4.86px
  Marker 75: mean=2.33px, max=4.71px
  Marker 76: mean=66.42px, max=75.23px
  Marker 77: mean=30.54px, max=36.71px
  Marker 80: mean=3.01px, max=5.49px
  Homography calculated
  RANSAC inliers: 33/60
  Saved: image_05_registered.JPG
  Mean marker error: 21.48px
  Max marker error: 92.35px

image_06.JPG
  Shared markers: [44, 46, 47, 48, 49, 54, 55, 56, 62, 64, 66, 70, 71, 72, 73, 75, 76, 77, 78, 80]
  ArUco scale relative to reference: 1.754x
  Using 80 corresponding points
  Removing bad markers: [44, 46, 54, 56, 62]
  Recalculated using: [47, 48, 49, 55, 64, 66, 70, 71, 72, 73, 75, 76, 77, 78, 80]
  Marker 44: mean=49.65px, max=57.73px
  Marker 46: mean=11.22px, max=14.25px
  Marker 47: mean=1.44px, max=2.80px
  Marker 48: mean=0.77px, max=1.03px
  Marker 49: mean=0.94px, max=1.88px
  Marker 54: mean=28.52px, max=33.80px
  Marker 55: mean=3.32px, max=5.10px
  Marker 56: mean=21.77px, max=26.52px
  Marker 62: mean=18.73px, max=22.83px
  Marker 64: mean=1.06px, max=1.96px
  Marker 66: mean=1.05px, max=1.89px
  Marker 70: mean=7.30px, max=9.86px
  Marker 71: mean=2.87px, max=3.51px
  Marker 72: mean=8.67px, max=11.29px
  Marker 73: mean=1.43px, max=2.23px
  Marker 75: mean=3.45px, max=5.21px
  Marker 76: mean=1.07px, max=1.53px
  Marker 77: mean=1.31px, max=1.74px
  Marker 78: mean=2.57px, max=4.48px
  Marker 80: mean=8.65px, max=11.40px
  Homography calculated
  RANSAC inliers: 40/60
  Saved: image_06_registered.JPG
  Mean marker error: 8.79px
  Max marker error: 57.73px

image_07.JPG
  Shared markers: [32, 35, 36, 37, 38, 39, 40, 41, 43, 45, 47, 48, 49, 51, 55, 60, 62, 64, 66, 67, 68, 70, 71, 72, 73, 75, 76, 77, 78, 80]
  ArUco scale relative to reference: 1.773x
  Using 120 corresponding points
  Removing bad markers: [49, 51, 64, 66, 71, 73, 76, 77, 78]
  Recalculated using: [32, 35, 36, 37, 38, 39, 40, 41, 43, 45, 47, 48, 55, 60, 62, 67, 68, 70, 72, 75, 80]
  Marker 32: mean=1.56px, max=2.91px
  Marker 35: mean=1.32px, max=2.35px
  Marker 36: mean=1.88px, max=3.64px
  Marker 37: mean=3.96px, max=5.48px
  Marker 38: mean=4.62px, max=5.88px
  Marker 39: mean=1.75px, max=3.70px
  Marker 40: mean=1.46px, max=2.44px
  Marker 41: mean=2.52px, max=4.57px
  Marker 43: mean=5.30px, max=8.70px
  Marker 45: mean=3.49px, max=6.78px
  Marker 47: mean=3.88px, max=6.59px
  Marker 48: mean=8.19px, max=11.54px
  Marker 49: mean=14.96px, max=19.69px
  Marker 51: mean=19.35px, max=24.23px
  Marker 55: mean=9.08px, max=13.92px
  Marker 60: mean=2.61px, max=4.90px
  Marker 62: mean=3.14px, max=6.03px
  Marker 64: mean=39.26px, max=47.27px
  Marker 66: mean=36.37px, max=44.03px
  Marker 67: mean=8.95px, max=12.36px
  Marker 68: mean=3.36px, max=5.07px
  Marker 70: mean=7.32px, max=11.06px
  Marker 71: mean=14.09px, max=19.06px
  Marker 72: mean=2.03px, max=3.90px
  Marker 73: mean=22.24px, max=28.50px
  Marker 75: mean=4.01px, max=7.11px
  Marker 76: mean=40.41px, max=48.72px
  Marker 77: mean=21.29px, max=27.68px
  Marker 78: mean=65.40px, max=76.00px
  Marker 80: mean=7.00px, max=11.72px
  Homography calculated
  RANSAC inliers: 38/84
  Saved: image_07_registered.JPG
  Mean marker error: 12.03px
  Max marker error: 76.00px

image_08.JPG
  Shared markers: [16, 20, 22, 24, 26, 32, 34, 35, 36, 37, 38, 39, 40, 41, 43, 45, 51, 60, 62, 67, 68, 70, 72]
  ArUco scale relative to reference: 1.775x
  Using 92 corresponding points
  Removing bad markers: [20, 22, 24, 26, 51, 70]
  Recalculated using: [16, 32, 34, 35, 36, 37, 38, 39, 40, 41, 43, 45, 60, 62, 67, 68, 72]
  Marker 16: mean=3.37px, max=6.32px
  Marker 20: mean=27.39px, max=32.91px
  Marker 22: mean=12.23px, max=16.20px
  Marker 24: mean=33.06px, max=38.69px
  Marker 26: mean=14.25px, max=18.34px
  Marker 32: mean=1.56px, max=2.52px
  Marker 34: mean=4.85px, max=7.64px
  Marker 35: mean=1.53px, max=1.82px
  Marker 36: mean=1.80px, max=3.66px
  Marker 37: mean=3.09px, max=4.79px
  Marker 38: mean=3.10px, max=4.66px
  Marker 39: mean=1.79px, max=3.02px
  Marker 40: mean=1.85px, max=3.21px
  Marker 41: mean=1.97px, max=3.60px
  Marker 43: mean=3.38px, max=6.02px
  Marker 45: mean=2.42px, max=4.75px
  Marker 51: mean=12.84px, max=16.78px
  Marker 60: mean=2.13px, max=4.09px
  Marker 62: mean=4.82px, max=7.94px
  Marker 67: mean=6.11px, max=8.90px
  Marker 68: mean=1.62px, max=3.21px
  Marker 70: mean=12.09px, max=16.38px
  Marker 72: mean=2.73px, max=5.33px
  Homography calculated
  RANSAC inliers: 42/68
  Saved: image_08_registered.JPG
  Mean marker error: 6.96px
  Max marker error: 38.69px

image_09.JPG
  Shared markers: [8, 11, 12, 15, 16, 20, 22, 24, 26, 27, 28, 32, 34, 35, 36, 37, 38, 39, 40, 41, 45, 67, 68, 72]
  ArUco scale relative to reference: 1.786x
  Using 96 corresponding points
  Removing bad markers: [32, 35, 36, 37, 38, 39, 41, 45, 67, 68, 72]
  Recalculated using: [8, 11, 12, 15, 16, 20, 22, 24, 26, 27, 28, 34, 40]
  Marker 8: mean=0.98px, max=2.42px
  Marker 11: mean=2.44px, max=4.19px
  Marker 12: mean=7.17px, max=9.72px
  Marker 15: mean=1.17px, max=1.68px
  Marker 16: mean=2.82px, max=4.75px
  Marker 20: mean=1.71px, max=3.15px
  Marker 22: mean=1.91px, max=2.63px
  Marker 24: mean=3.49px, max=5.13px
  Marker 26: mean=3.74px, max=5.19px
  Marker 27: mean=1.71px, max=3.30px
  Marker 28: mean=1.61px, max=2.82px
  Marker 32: mean=54.75px, max=62.58px
  Marker 34: mean=3.46px, max=6.30px
  Marker 35: mean=24.21px, max=29.48px
  Marker 36: mean=46.48px, max=53.58px
  Marker 37: mean=11.73px, max=16.05px
  Marker 38: mean=28.26px, max=33.93px
  Marker 39: mean=10.94px, max=14.85px
  Marker 40: mean=2.86px, max=5.56px
  Marker 41: mean=69.63px, max=77.09px
  Marker 45: mean=79.27px, max=88.66px
  Marker 67: mean=79.05px, max=88.54px
  Marker 68: mean=70.24px, max=78.49px
  Marker 72: mean=79.66px, max=90.13px
  Homography calculated
  RANSAC inliers: 32/52
  Saved: image_09_registered.JPG
  Mean marker error: 24.55px
  Max marker error: 90.13px

image_10.JPG
  Shared markers: [8, 9, 11, 12, 13, 14, 15, 16, 20, 22, 24, 26, 27, 28, 29, 34, 35, 37, 38, 39, 40, 65]
  ArUco scale relative to reference: 1.778x
  Using 88 corresponding points
  Removing bad markers: [29, 34, 35, 37, 38, 39, 40]
  Recalculated using: [8, 9, 11, 12, 13, 14, 15, 16, 20, 22, 24, 26, 27, 28, 65]
  Marker 8: mean=0.74px, max=1.33px
  Marker 9: mean=1.37px, max=2.61px
  Marker 11: mean=1.48px, max=2.46px
  Marker 12: mean=5.43px, max=7.69px
  Marker 13: mean=0.98px, max=1.04px
  Marker 14: mean=5.30px, max=7.43px
  Marker 15: mean=2.36px, max=3.50px
  Marker 16: mean=6.01px, max=8.46px
  Marker 20: mean=1.93px, max=3.36px
  Marker 22: mean=5.81px, max=8.16px
  Marker 24: mean=1.31px, max=2.28px
  Marker 26: mean=1.50px, max=2.87px
  Marker 27: mean=1.18px, max=2.12px
  Marker 28: mean=1.08px, max=1.28px
  Marker 29: mean=14.36px, max=17.80px
  Marker 34: mean=13.84px, max=17.45px
  Marker 35: mean=53.45px, max=60.92px
  Marker 37: mean=34.97px, max=40.61px
  Marker 38: mean=66.74px, max=74.92px
  Marker 39: mean=28.52px, max=33.61px
  Marker 40: mean=16.77px, max=20.50px
  Marker 65: mean=2.13px, max=3.36px
  Homography calculated
  RANSAC inliers: 43/60
  Saved: image_10_registered.JPG
  Mean marker error: 12.15px
  Max marker error: 74.92px

image_11.JPG
  Shared markers: [8, 9, 10, 11, 12, 13, 14, 15, 16, 19, 20, 21, 22, 23, 24, 25, 26, 27, 28, 29, 31, 34, 42, 44, 46, 52, 53, 54, 56, 65, 74, 80]
  ArUco scale relative to reference: 1.782x
  Using 128 corresponding points
  Removing bad markers: [10, 19, 21, 23, 25, 29, 31, 34, 42, 44, 46, 52, 53, 54, 56, 74, 80]
  Recalculated using: [8, 9, 11, 12, 13, 14, 15, 16, 20, 22, 24, 26, 27, 28, 65]
  Marker 8: mean=0.94px, max=1.43px
  Marker 9: mean=1.40px, max=2.38px
  Marker 10: mean=14.33px, max=17.72px
  Marker 11: mean=1.63px, max=2.72px
  Marker 12: mean=5.26px, max=7.49px
  Marker 13: mean=1.05px, max=1.22px
  Marker 14: mean=5.11px, max=7.26px
  Marker 15: mean=2.37px, max=3.38px
  Marker 16: mean=9.35px, max=12.69px
  Marker 19: mean=25.14px, max=29.85px
  Marker 20: mean=2.68px, max=4.82px
  Marker 21: mean=85.26px, max=94.76px
  Marker 22: mean=8.44px, max=11.84px
  Marker 23: mean=49.53px, max=56.48px
  Marker 24: mean=1.38px, max=2.51px
  Marker 25: mean=59.63px, max=67.21px
  Marker 26: mean=2.37px, max=4.55px
  Marker 27: mean=1.32px, max=2.53px
  Marker 28: mean=1.53px, max=1.72px
  Marker 29: mean=13.20px, max=16.52px
  Marker 31: mean=30.82px, max=36.02px
  Marker 34: mean=20.43px, max=25.70px
  Marker 42: mean=71.65px, max=79.40px
  Marker 44: mean=84.23px, max=91.78px
  Marker 46: mean=82.72px, max=92.41px
  Marker 52: mean=87.21px, max=94.87px
  Marker 53: mean=99.04px, max=108.92px
  Marker 54: mean=68.41px, max=75.42px
  Marker 56: mean=93.79px, max=103.45px
  Marker 65: mean=3.30px, max=5.43px
  Marker 74: mean=65.78px, max=72.28px
  Marker 80: mean=116.90px, max=129.89px
  Homography calculated
  RANSAC inliers: 38/60
  Saved: image_11_registered.JPG
  Mean marker error: 34.88px
  Max marker error: 129.89px

Saved image scales: homographies\drawer_016\image_scales.json

==================================================
Processing drawer_017
==================================================
Reference image: image_01.JPG
Markers: [8, 9, 10, 11, 12, 13, 14, 15, 16, 19, 20, 21, 22, 23, 24, 25, 26, 27, 28, 29, 31, 32, 34, 35, 36, 37, 38, 39, 40, 41, 42, 43, 44, 45, 46, 47, 48, 49, 51, 52, 53, 54, 55, 56, 60, 62, 64, 65, 66, 67, 68, 70, 71, 72, 73, 74, 75, 76, 77, 78, 80]

image_02.JPG
  Shared markers: [8, 9, 10, 12, 14, 19, 21, 23, 25, 29, 31, 42, 44, 46, 47, 48, 52, 53, 54, 55, 56, 64, 68, 71, 72, 73, 74, 75, 76, 77, 80]
  ArUco scale relative to reference: 1.779x
  Using 124 corresponding points
  Removing bad markers: [9, 21, 23, 25, 42, 52, 53, 64, 71, 73, 76, 77]
  Recalculated using: [8, 10, 12, 14, 19, 29, 31, 44, 46, 47, 48, 54, 55, 56, 68, 72, 74, 75, 80]
  Marker 8: mean=3.58px, max=6.77px
  Marker 9: mean=12.43px, max=18.67px
  Marker 10: mean=3.19px, max=6.31px
  Marker 12: mean=5.14px, max=8.01px
  Marker 14: mean=5.03px, max=9.86px
  Marker 19: mean=7.70px, max=12.62px
  Marker 21: mean=38.45px, max=47.52px
  Marker 23: mean=19.67px, max=26.45px
  Marker 25: mean=17.39px, max=23.98px
  Marker 29: mean=4.96px, max=9.01px
  Marker 31: mean=4.13px, max=8.47px
  Marker 42: mean=15.08px, max=21.22px
  Marker 44: mean=4.54px, max=8.37px
  Marker 46: mean=4.56px, max=5.89px
  Marker 47: mean=2.03px, max=2.72px
  Marker 48: mean=2.17px, max=3.20px
  Marker 52: mean=15.19px, max=21.22px
  Marker 53: mean=36.48px, max=45.48px
  Marker 54: mean=3.36px, max=5.49px
  Marker 55: mean=2.39px, max=4.68px
  Marker 56: mean=2.20px, max=2.64px
  Marker 64: mean=34.73px, max=41.68px
  Marker 68: mean=2.36px, max=4.68px
  Marker 71: mean=10.23px, max=14.13px
  Marker 72: mean=2.11px, max=4.08px
  Marker 73: mean=12.35px, max=17.37px
  Marker 74: mean=3.32px, max=6.77px
  Marker 75: mean=4.09px, max=5.74px
  Marker 76: mean=30.88px, max=38.04px
  Marker 77: mean=10.39px, max=15.21px
  Marker 80: mean=1.93px, max=3.04px
  Homography calculated
  RANSAC inliers: 40/76
  Saved: image_02_registered.JPG
  Mean marker error: 10.39px
  Max marker error: 47.52px

image_03.JPG
  Shared markers: [8, 10, 11, 12, 15, 16, 20, 22, 24, 26, 27, 28, 32, 34, 35, 36, 37, 38, 39, 40, 41, 45, 47, 68, 72]
  ArUco scale relative to reference: 1.780x
  Using 100 corresponding points
  Removing bad markers: [11, 27, 28, 32, 36, 45]
  Recalculated using: [8, 10, 12, 15, 16, 20, 22, 24, 26, 34, 35, 37, 38, 39, 40, 41, 47, 68, 72]
  Marker 8: mean=2.34px, max=4.00px
  Marker 10: mean=2.95px, max=5.59px
  Marker 11: mean=22.77px, max=28.93px
  Marker 12: mean=2.02px, max=2.48px
  Marker 15: mean=8.41px, max=12.41px
  Marker 16: mean=8.96px, max=11.30px
  Marker 20: mean=4.45px, max=8.71px
  Marker 22: mean=2.87px, max=5.30px
  Marker 24: mean=3.78px, max=7.76px
  Marker 26: mean=4.68px, max=7.68px
  Marker 27: mean=20.39px, max=26.56px
  Marker 28: mean=17.22px, max=23.23px
  Marker 32: mean=11.10px, max=16.97px
  Marker 34: mean=4.02px, max=6.53px
  Marker 35: mean=2.76px, max=5.66px
  Marker 36: mean=12.15px, max=17.91px
  Marker 37: mean=7.02px, max=9.72px
  Marker 38: mean=2.73px, max=5.10px
  Marker 39: mean=3.16px, max=5.95px
  Marker 40: mean=9.00px, max=11.04px
  Marker 41: mean=5.39px, max=10.51px
  Marker 45: mean=20.48px, max=27.67px
  Marker 47: mean=3.37px, max=6.55px
  Marker 68: mean=3.16px, max=5.84px
  Marker 72: mean=4.47px, max=7.60px
  Homography calculated
  RANSAC inliers: 33/76
  Saved: image_03_registered.JPG
  Mean marker error: 7.59px
  Max marker error: 28.93px

image_04.JPG
  Shared markers: [10, 12, 14, 19, 21, 23, 25, 29, 31, 42, 44, 46, 48, 52, 53, 54, 55, 56, 74, 75, 80]
  ArUco scale relative to reference: 1.762x
  Using 84 corresponding points
  Removing bad markers: [14, 48, 55]
  Recalculated using: [10, 12, 19, 21, 23, 25, 29, 31, 42, 44, 46, 52, 53, 54, 56, 74, 75, 80]
  Marker 10: mean=2.53px, max=4.35px
  Marker 12: mean=2.95px, max=5.90px
  Marker 14: mean=12.82px, max=17.52px
  Marker 19: mean=1.71px, max=2.84px
  Marker 21: mean=3.68px, max=6.55px
  Marker 23: mean=1.64px, max=2.33px
  Marker 25: mean=1.69px, max=3.32px
  Marker 29: mean=3.46px, max=6.56px
  Marker 31: mean=3.80px, max=5.07px
  Marker 42: mean=1.60px, max=3.04px
  Marker 44: mean=1.13px, max=1.96px
  Marker 46: mean=1.35px, max=2.52px
  Marker 48: mean=23.57px, max=27.71px
  Marker 52: mean=1.33px, max=1.94px
  Marker 53: mean=3.72px, max=6.43px
  Marker 54: mean=1.56px, max=2.22px
  Marker 55: mean=16.15px, max=20.02px
  Marker 56: mean=1.51px, max=2.52px
  Marker 74: mean=2.68px, max=3.62px
  Marker 75: mean=7.25px, max=9.64px
  Marker 80: mean=5.67px, max=7.90px
  Homography calculated
  RANSAC inliers: 46/72
  Saved: image_04_registered.JPG
  Mean marker error: 4.85px
  Max marker error: 27.71px

image_05.JPG
  Shared markers: [10, 12, 19, 21, 23, 25, 31, 42, 44, 46, 47, 48, 52, 53, 54, 55, 56, 64, 71, 72, 73, 74, 75, 76, 77, 80]
  ArUco scale relative to reference: 1.778x
  Using 104 corresponding points
  Removing bad markers: [12, 47, 48, 55, 64, 71, 72, 73, 75, 76, 77, 80]
  Recalculated using: [10, 19, 21, 23, 25, 31, 42, 44, 46, 52, 53, 54, 56, 74]
  Marker 10: mean=9.40px, max=12.50px
  Marker 12: mean=23.52px, max=28.44px
  Marker 19: mean=7.68px, max=10.69px
  Marker 21: mean=2.05px, max=3.69px
  Marker 23: mean=2.29px, max=3.84px
  Marker 25: mean=1.37px, max=2.34px
  Marker 31: mean=1.88px, max=3.45px
  Marker 42: mean=1.97px, max=2.87px
  Marker 44: mean=1.24px, max=1.58px
  Marker 46: mean=5.37px, max=7.69px
  Marker 47: mean=184.03px, max=200.47px
  Marker 48: mean=44.57px, max=50.79px
  Marker 52: mean=1.31px, max=2.13px
  Marker 53: mean=1.33px, max=2.55px
  Marker 54: mean=1.09px, max=1.46px
  Marker 55: mean=31.28px, max=36.74px
  Marker 56: mean=4.37px, max=6.55px
  Marker 64: mean=167.73px, max=179.66px
  Marker 71: mean=162.08px, max=174.82px
  Marker 72: mean=217.21px, max=236.47px
  Marker 73: mean=93.24px, max=102.64px
  Marker 74: mean=1.87px, max=2.51px
  Marker 75: mean=17.90px, max=21.71px
  Marker 76: mean=130.24px, max=141.80px
  Marker 77: mean=68.90px, max=77.05px
  Marker 80: mean=13.20px, max=16.78px
  Homography calculated
  RANSAC inliers: 36/56
  Saved: image_05_registered.JPG
  Mean marker error: 46.04px
  Max marker error: 236.47px

image_06.JPG
  Shared markers: [44, 46, 47, 48, 49, 54, 55, 56, 62, 64, 66, 70, 71, 72, 73, 75, 76, 77, 78, 80]
  ArUco scale relative to reference: 1.752x
  Using 80 corresponding points
  Removing bad markers: [44, 46, 54, 56, 62]
  Recalculated using: [47, 48, 49, 55, 64, 66, 70, 71, 72, 73, 75, 76, 77, 78, 80]
  Marker 44: mean=49.90px, max=57.87px
  Marker 46: mean=11.71px, max=14.72px
  Marker 47: mean=1.71px, max=3.36px
  Marker 48: mean=0.89px, max=1.13px
  Marker 49: mean=1.07px, max=2.11px
  Marker 54: mean=29.17px, max=34.49px
  Marker 55: mean=3.24px, max=4.98px
  Marker 56: mean=22.29px, max=26.97px
  Marker 62: mean=19.77px, max=23.91px
  Marker 64: mean=1.12px, max=2.13px
  Marker 66: mean=0.94px, max=1.53px
  Marker 70: mean=7.86px, max=10.60px
  Marker 71: mean=2.51px, max=2.99px
  Marker 72: mean=9.38px, max=12.17px
  Marker 73: mean=1.46px, max=2.36px
  Marker 75: mean=3.55px, max=5.41px
  Marker 76: mean=1.04px, max=1.47px
  Marker 77: mean=1.22px, max=1.71px
  Marker 78: mean=2.31px, max=4.22px
  Marker 80: mean=8.86px, max=11.64px
  Homography calculated
  RANSAC inliers: 40/60
  Saved: image_06_registered.JPG
  Mean marker error: 9.00px
  Max marker error: 57.87px

image_07.JPG
  Shared markers: [32, 35, 36, 37, 38, 39, 40, 41, 43, 45, 47, 48, 49, 51, 55, 60, 62, 64, 66, 67, 68, 70, 71, 72, 73, 75, 76, 77, 78, 80]
  ArUco scale relative to reference: 1.772x
  Using 120 corresponding points
  Removing bad markers: [49, 51, 64, 66, 71, 73, 76, 77, 78]
  Recalculated using: [32, 35, 36, 37, 38, 39, 40, 41, 43, 45, 47, 48, 55, 60, 62, 67, 68, 70, 72, 75, 80]
  Marker 32: mean=1.95px, max=3.71px
  Marker 35: mean=1.45px, max=2.50px
  Marker 36: mean=1.59px, max=2.80px
  Marker 37: mean=3.33px, max=4.85px
  Marker 38: mean=4.68px, max=5.97px
  Marker 39: mean=2.10px, max=3.99px
  Marker 40: mean=1.96px, max=3.49px
  Marker 41: mean=3.04px, max=5.02px
  Marker 43: mean=4.37px, max=7.70px
  Marker 45: mean=2.87px, max=5.63px
  Marker 47: mean=4.63px, max=7.28px
  Marker 48: mean=8.82px, max=12.36px
  Marker 49: mean=15.69px, max=20.62px
  Marker 51: mean=17.15px, max=22.12px
  Marker 55: mean=9.42px, max=14.52px
  Marker 60: mean=2.66px, max=4.42px
  Marker 62: mean=3.20px, max=6.27px
  Marker 64: mean=40.63px, max=49.09px
  Marker 66: mean=37.64px, max=45.40px
  Marker 67: mean=7.27px, max=10.76px
  Marker 68: mean=3.33px, max=5.26px
  Marker 70: mean=7.69px, max=11.58px
  Marker 71: mean=15.05px, max=20.04px
  Marker 72: mean=2.17px, max=3.65px
  Marker 73: mean=23.12px, max=29.61px
  Marker 75: mean=4.29px, max=7.43px
  Marker 76: mean=41.88px, max=50.53px
  Marker 77: mean=22.08px, max=28.79px
  Marker 78: mean=67.56px, max=78.54px
  Marker 80: mean=7.35px, max=12.59px
  Homography calculated
  RANSAC inliers: 37/84
  Saved: image_07_registered.JPG
  Mean marker error: 12.30px
  Max marker error: 78.54px

image_08.JPG
  Shared markers: [16, 20, 22, 26, 32, 34, 35, 36, 37, 38, 39, 40, 41, 43, 45, 51, 60, 62, 67, 68, 70, 72]
  ArUco scale relative to reference: 1.772x
  Using 88 corresponding points
  Removing bad markers: [16, 20, 22, 26, 34, 62, 70, 72]
  Recalculated using: [32, 35, 36, 37, 38, 39, 40, 41, 43, 45, 51, 60, 67, 68]
  Marker 16: mean=15.79px, max=19.62px
  Marker 20: mean=53.82px, max=60.82px
  Marker 22: mean=27.74px, max=32.89px
  Marker 26: mean=34.78px, max=40.39px
  Marker 32: mean=2.05px, max=2.95px
  Marker 34: mean=13.57px, max=17.23px
  Marker 35: mean=1.34px, max=2.20px
  Marker 36: mean=1.15px, max=1.91px
  Marker 37: mean=1.33px, max=2.49px
  Marker 38: mean=1.80px, max=2.71px
  Marker 39: mean=5.27px, max=7.50px
  Marker 40: mean=5.99px, max=8.62px
  Marker 41: mean=1.00px, max=1.30px
  Marker 43: mean=1.53px, max=2.31px
  Marker 45: mean=1.08px, max=2.02px
  Marker 51: mean=1.90px, max=3.64px
  Marker 60: mean=4.52px, max=6.28px
  Marker 62: mean=11.03px, max=13.91px
  Marker 67: mean=0.98px, max=1.73px
  Marker 68: mean=4.66px, max=6.42px
  Marker 70: mean=20.84px, max=25.09px
  Marker 72: mean=11.44px, max=14.23px
  Homography calculated
  RANSAC inliers: 40/56
  Saved: image_08_registered.JPG
  Mean marker error: 10.16px
  Max marker error: 60.82px

image_09.JPG
  Shared markers: [8, 11, 12, 15, 16, 20, 22, 24, 26, 27, 28, 32, 34, 35, 36, 37, 38, 39, 40, 41, 45, 67, 68, 72]
  ArUco scale relative to reference: 1.783x
  Using 96 corresponding points
  Removing bad markers: [32, 35, 36, 38, 41, 45, 67, 68, 72]
  Recalculated using: [8, 11, 12, 15, 16, 20, 22, 24, 26, 27, 28, 34, 37, 39, 40]
  Marker 8: mean=1.33px, max=2.28px
  Marker 11: mean=6.10px, max=8.68px
  Marker 12: mean=2.92px, max=5.73px
  Marker 15: mean=1.46px, max=2.49px
  Marker 16: mean=2.46px, max=4.13px
  Marker 20: mean=1.74px, max=2.39px
  Marker 22: mean=1.74px, max=2.28px
  Marker 24: mean=2.31px, max=4.19px
  Marker 26: mean=3.47px, max=4.92px
  Marker 27: mean=4.55px, max=7.51px
  Marker 28: mean=3.41px, max=6.23px
  Marker 32: mean=44.18px, max=50.79px
  Marker 34: mean=2.82px, max=5.14px
  Marker 35: mean=19.31px, max=23.80px
  Marker 36: mean=37.38px, max=43.37px
  Marker 37: mean=9.32px, max=12.77px
  Marker 38: mean=22.42px, max=27.16px
  Marker 39: mean=8.76px, max=12.06px
  Marker 40: mean=2.27px, max=4.45px
  Marker 41: mean=56.48px, max=62.90px
  Marker 45: mean=64.91px, max=73.01px
  Marker 67: mean=65.02px, max=73.36px
  Marker 68: mean=57.09px, max=63.98px
  Marker 72: mean=64.94px, max=73.64px
  Homography calculated
  RANSAC inliers: 33/60
  Saved: image_09_registered.JPG
  Mean marker error: 20.27px
  Max marker error: 73.64px

image_10.JPG
  Shared markers: [8, 9, 11, 12, 13, 14, 15, 16, 20, 22, 24, 26, 27, 28, 29, 34, 35, 37, 39, 40, 65]
  ArUco scale relative to reference: 1.776x
  Using 84 corresponding points
  Removing bad markers: [29, 34, 35, 37, 39, 40]
  Recalculated using: [8, 9, 11, 12, 13, 14, 15, 16, 20, 22, 24, 26, 27, 28, 65]
  Marker 8: mean=0.82px, max=1.46px
  Marker 9: mean=1.43px, max=2.75px
  Marker 11: mean=1.08px, max=2.03px
  Marker 12: mean=5.61px, max=7.50px
  Marker 13: mean=1.29px, max=2.38px
  Marker 14: mean=5.27px, max=7.15px
  Marker 15: mean=2.19px, max=3.45px
  Marker 16: mean=3.19px, max=5.72px
  Marker 20: mean=1.85px, max=3.47px
  Marker 22: mean=4.50px, max=6.92px
  Marker 24: mean=1.42px, max=2.69px
  Marker 26: mean=1.53px, max=1.96px
  Marker 27: mean=1.22px, max=1.75px
  Marker 28: mean=1.45px, max=2.57px
  Marker 29: mean=13.14px, max=16.11px
  Marker 34: mean=10.85px, max=14.54px
  Marker 35: mean=45.91px, max=53.99px
  Marker 37: mean=26.95px, max=32.81px
  Marker 39: mean=23.23px, max=28.69px
  Marker 40: mean=11.63px, max=15.52px
  Marker 65: mean=5.48px, max=7.55px
  Homography calculated
  RANSAC inliers: 41/60
  Saved: image_10_registered.JPG
  Mean marker error: 8.10px
  Max marker error: 53.99px

image_11.JPG
  Shared markers: [8, 9, 10, 11, 12, 13, 14, 15, 16, 19, 20, 21, 22, 23, 24, 25, 26, 27, 28, 29, 31, 34, 42, 46, 54, 65, 74]
  ArUco scale relative to reference: 1.777x
  Using 108 corresponding points
  Removing bad markers: [10, 19, 21, 23, 25, 29, 31, 34, 42, 46, 54, 74]
  Recalculated using: [8, 9, 11, 12, 13, 14, 15, 16, 20, 22, 24, 26, 27, 28, 65]
  Marker 8: mean=1.17px, max=2.12px
  Marker 9: mean=2.22px, max=3.81px
  Marker 10: mean=13.77px, max=16.78px
  Marker 11: mean=1.26px, max=1.99px
  Marker 12: mean=5.90px, max=7.97px
  Marker 13: mean=2.01px, max=3.72px
  Marker 14: mean=5.99px, max=8.11px
  Marker 15: mean=1.75px, max=3.08px
  Marker 16: mean=2.37px, max=4.75px
  Marker 19: mean=23.04px, max=27.22px
  Marker 20: mean=1.91px, max=2.21px
  Marker 21: mean=70.17px, max=78.46px
  Marker 22: mean=3.30px, max=5.99px
  Marker 23: mean=42.20px, max=48.32px
  Marker 24: mean=2.69px, max=4.19px
  Marker 25: mean=48.33px, max=54.89px
  Marker 26: mean=2.02px, max=3.82px
  Marker 27: mean=1.44px, max=2.15px
  Marker 28: mean=1.68px, max=2.56px
  Marker 29: mean=13.33px, max=16.41px
  Marker 31: mean=26.50px, max=31.14px
  Marker 34: mean=11.22px, max=15.81px
  Marker 42: mean=54.80px, max=61.40px
  Marker 46: mean=44.50px, max=50.24px
  Marker 54: mean=40.75px, max=44.69px
  Marker 65: mean=8.09px, max=11.22px
  Marker 74: mean=45.36px, max=50.88px
  Homography calculated
  RANSAC inliers: 34/60
  Saved: image_11_registered.JPG
  Mean marker error: 17.69px
  Max marker error: 78.46px

Saved image scales: homographies\drawer_017\image_scales.json

==================================================
Processing drawer_018
==================================================
Reference image: image_01.JPG
Markers: [8, 9, 10, 11, 12, 13, 14, 15, 16, 19, 20, 21, 22, 23, 24, 25, 26, 27, 28, 29, 31, 32, 34, 35, 36, 37, 38, 39, 40, 41, 42, 43, 44, 45, 46, 47, 48, 49, 51, 52, 53, 54, 55, 56, 60, 62, 64, 65, 66, 67, 68, 70, 71, 72, 73, 74, 75, 76, 77, 78, 80]

image_02.JPG
  Shared markers: [8, 10, 12, 19, 21, 23, 25, 31, 42, 44, 46, 47, 48, 52, 53, 54, 55, 56, 64, 68, 71, 72, 73, 74, 75, 76, 77, 80]
  ArUco scale relative to reference: 1.762x
  Using 112 corresponding points
  Removing bad markers: [8, 47, 48, 55, 64, 68, 71, 72, 73, 75, 76, 77, 80]
  Recalculated using: [10, 12, 19, 21, 23, 25, 31, 42, 44, 46, 52, 53, 54, 56, 74]
  Marker 8: mean=18.17px, max=21.54px
  Marker 10: mean=0.96px, max=1.66px
  Marker 12: mean=6.95px, max=9.14px
  Marker 19: mean=1.34px, max=2.18px
  Marker 21: mean=8.58px, max=12.87px
  Marker 23: mean=1.78px, max=3.35px
  Marker 25: mean=1.45px, max=2.36px
  Marker 31: mean=2.80px, max=3.79px
  Marker 42: mean=1.60px, max=2.90px
  Marker 44: mean=2.05px, max=3.66px
  Marker 46: mean=2.72px, max=5.23px
  Marker 47: mean=101.58px, max=111.14px
  Marker 48: mean=32.36px, max=39.23px
  Marker 52: mean=2.79px, max=5.43px
  Marker 53: mean=9.31px, max=13.71px
  Marker 54: mean=1.71px, max=2.98px
  Marker 55: mean=26.19px, max=32.43px
  Marker 56: mean=4.55px, max=7.30px
  Marker 64: mean=132.01px, max=145.54px
  Marker 68: mean=134.43px, max=148.18px
  Marker 71: mean=103.62px, max=113.41px
  Marker 72: mean=111.86px, max=123.18px
  Marker 73: mean=72.61px, max=83.01px
  Marker 74: mean=1.97px, max=3.54px
  Marker 75: mean=11.56px, max=16.03px
  Marker 76: mean=109.76px, max=122.82px
  Marker 77: mean=57.41px, max=66.70px
  Marker 80: mean=11.32px, max=15.61px
  Homography calculated
  RANSAC inliers: 34/60
  Saved: image_02_registered.JPG
  Mean marker error: 34.77px
  Max marker error: 148.18px

image_03.JPG
  Shared markers: [8, 10, 11, 12, 15, 16, 20, 22, 24, 26, 27, 28, 32, 34, 35, 36, 37, 38, 39, 40, 41, 45, 47, 68, 72]
  ArUco scale relative to reference: 1.768x
  Using 100 corresponding points
  Removing bad markers: [11, 27, 28, 32, 36, 45]
  Recalculated using: [8, 10, 12, 15, 16, 20, 22, 24, 26, 34, 35, 37, 38, 39, 40, 41, 47, 68, 72]
  Marker 8: mean=2.25px, max=3.97px
  Marker 10: mean=2.84px, max=5.91px
  Marker 11: mean=22.11px, max=28.21px
  Marker 12: mean=1.95px, max=2.18px
  Marker 15: mean=8.19px, max=12.54px
  Marker 16: mean=8.92px, max=11.36px
  Marker 20: mean=4.41px, max=8.78px
  Marker 22: mean=2.94px, max=5.56px
  Marker 24: mean=3.83px, max=7.97px
  Marker 26: mean=4.57px, max=7.70px
  Marker 27: mean=19.77px, max=26.07px
  Marker 28: mean=16.49px, max=22.68px
  Marker 32: mean=11.05px, max=17.04px
  Marker 34: mean=4.16px, max=6.78px
  Marker 35: mean=2.87px, max=5.59px
  Marker 36: mean=12.00px, max=17.72px
  Marker 37: mean=7.00px, max=9.79px
  Marker 38: mean=2.79px, max=5.09px
  Marker 39: mean=3.22px, max=6.16px
  Marker 40: mean=9.02px, max=11.26px
  Marker 41: mean=5.59px, max=10.70px
  Marker 45: mean=20.47px, max=27.75px
  Marker 47: mean=3.46px, max=6.64px
  Marker 68: mean=3.22px, max=5.82px
  Marker 72: mean=4.36px, max=7.36px
  Homography calculated
  RANSAC inliers: 33/76
  Saved: image_03_registered.JPG
  Mean marker error: 7.50px
  Max marker error: 28.21px

image_04.JPG
  Shared markers: [10, 12, 14, 19, 21, 23, 25, 29, 31, 42, 44, 46, 48, 52, 53, 54, 55, 56, 74, 75, 80]
  ArUco scale relative to reference: 1.755x
  Using 84 corresponding points
  Removing bad markers: [14, 48, 55]
  Recalculated using: [10, 12, 19, 21, 23, 25, 29, 31, 42, 44, 46, 52, 53, 54, 56, 74, 75, 80]
  Marker 10: mean=2.42px, max=4.08px
  Marker 12: mean=2.54px, max=5.03px
  Marker 14: mean=11.60px, max=15.84px
  Marker 19: mean=1.51px, max=2.52px
  Marker 21: mean=4.20px, max=7.13px
  Marker 23: mean=1.49px, max=1.88px
  Marker 25: mean=1.46px, max=2.73px
  Marker 29: mean=3.16px, max=5.92px
  Marker 31: mean=3.46px, max=4.55px
  Marker 42: mean=1.47px, max=2.85px
  Marker 44: mean=1.19px, max=1.98px
  Marker 46: mean=1.28px, max=2.38px
  Marker 48: mean=21.79px, max=26.09px
  Marker 52: mean=1.44px, max=2.03px
  Marker 53: mean=4.27px, max=6.86px
  Marker 54: mean=1.68px, max=2.67px
  Marker 55: mean=15.33px, max=19.17px
  Marker 56: mean=1.56px, max=2.75px
  Marker 74: mean=2.71px, max=3.68px
  Marker 75: mean=6.63px, max=9.19px
  Marker 80: mean=5.35px, max=7.76px
  Homography calculated
  RANSAC inliers: 47/72
  Saved: image_04_registered.JPG
  Mean marker error: 4.60px
  Max marker error: 26.09px

image_05.JPG
  Shared markers: [10, 12, 25, 31, 42, 44, 46, 47, 48, 52, 53, 54, 55, 56, 64, 71, 72, 73, 74, 75, 76, 77, 80]
  ArUco scale relative to reference: 1.752x
  Using 92 corresponding points
  Removing bad markers: [25, 42, 52, 53, 64, 73, 76, 77]
  Recalculated using: [10, 12, 31, 44, 46, 47, 48, 54, 55, 56, 71, 72, 74, 75, 80]
  Marker 10: mean=3.17px, max=5.76px
  Marker 12: mean=3.55px, max=6.75px
  Marker 25: mean=17.02px, max=22.67px
  Marker 31: mean=6.88px, max=10.84px
  Marker 42: mean=13.64px, max=18.91px
  Marker 44: mean=3.58px, max=7.10px
  Marker 46: mean=3.54px, max=4.76px
  Marker 47: mean=2.66px, max=3.90px
  Marker 48: mean=2.25px, max=3.74px
  Marker 52: mean=12.96px, max=18.17px
  Marker 53: mean=32.16px, max=39.84px
  Marker 54: mean=2.92px, max=4.66px
  Marker 55: mean=2.60px, max=5.20px
  Marker 56: mean=2.11px, max=2.55px
  Marker 64: mean=31.07px, max=37.39px
  Marker 71: mean=9.67px, max=13.76px
  Marker 72: mean=2.29px, max=3.36px
  Marker 73: mean=11.89px, max=16.69px
  Marker 74: mean=2.83px, max=5.73px
  Marker 75: mean=2.74px, max=4.50px
  Marker 76: mean=27.71px, max=34.23px
  Marker 77: mean=10.38px, max=14.84px
  Marker 80: mean=1.99px, max=2.35px
  Homography calculated
  RANSAC inliers: 29/60
  Saved: image_05_registered.JPG
  Mean marker error: 9.11px
  Max marker error: 39.84px

image_06.JPG
  Shared markers: [44, 46, 47, 48, 49, 54, 55, 56, 62, 64, 66, 70, 71, 72, 73, 75, 76, 77, 78, 80]
  ArUco scale relative to reference: 1.738x
  Using 80 corresponding points
  Removing bad markers: [44, 54, 56, 62]
  Recalculated using: [46, 47, 48, 49, 55, 64, 66, 70, 71, 72, 73, 75, 76, 77, 78, 80]
  Marker 44: mean=37.35px, max=44.54px
  Marker 46: mean=6.36px, max=8.81px
  Marker 47: mean=1.70px, max=3.29px
  Marker 48: mean=1.77px, max=2.54px
  Marker 49: mean=1.84px, max=3.53px
  Marker 54: mean=19.69px, max=24.20px
  Marker 55: mean=1.36px, max=2.31px
  Marker 56: mean=14.74px, max=18.78px
  Marker 62: mean=19.20px, max=23.54px
  Marker 64: mean=1.05px, max=1.85px
  Marker 66: mean=1.60px, max=2.83px
  Marker 70: mean=8.15px, max=11.05px
  Marker 71: mean=2.10px, max=2.97px
  Marker 72: mean=8.59px, max=11.49px
  Marker 73: mean=1.99px, max=3.10px
  Marker 75: mean=1.14px, max=2.16px
  Marker 76: mean=0.96px, max=1.92px
  Marker 77: mean=1.16px, max=1.76px
  Marker 78: mean=4.91px, max=7.37px
  Marker 80: mean=4.64px, max=6.98px
  Homography calculated
  RANSAC inliers: 41/64
  Saved: image_06_registered.JPG
  Mean marker error: 7.02px
  Max marker error: 44.54px

image_07.JPG
  Shared markers: [32, 34, 35, 36, 37, 38, 39, 40, 41, 43, 45, 47, 48, 49, 51, 55, 60, 62, 64, 66, 67, 68, 70, 71, 72, 73, 75, 76, 77, 78, 80]
  ArUco scale relative to reference: 1.757x
  Using 124 corresponding points
  Removing bad markers: [34, 48, 49, 51, 55, 64, 66, 71, 73, 75, 76, 77, 78, 80]
  Recalculated using: [32, 35, 36, 37, 38, 39, 40, 41, 43, 45, 47, 60, 62, 67, 68, 70, 72]
  Marker 32: mean=2.20px, max=4.11px
  Marker 34: mean=10.39px, max=13.71px
  Marker 35: mean=1.29px, max=2.18px
  Marker 36: mean=1.27px, max=1.89px
  Marker 37: mean=3.39px, max=4.77px
  Marker 38: mean=4.68px, max=5.79px
  Marker 39: mean=2.32px, max=4.64px
  Marker 40: mean=1.66px, max=3.44px
  Marker 41: mean=4.37px, max=6.16px
  Marker 43: mean=2.16px, max=4.17px
  Marker 45: mean=1.63px, max=3.11px
  Marker 47: mean=2.83px, max=5.63px
  Marker 48: mean=20.81px, max=25.29px
  Marker 49: mean=13.18px, max=17.57px
  Marker 51: mean=13.18px, max=16.97px
  Marker 55: mean=30.64px, max=36.12px
  Marker 60: mean=1.97px, max=2.86px
  Marker 62: mean=2.02px, max=2.99px
  Marker 64: mean=40.85px, max=48.48px
  Marker 66: mean=34.95px, max=41.93px
  Marker 67: mean=5.33px, max=8.32px
  Marker 68: mean=4.70px, max=6.20px
  Marker 70: mean=4.97px, max=8.15px
  Marker 71: mean=14.25px, max=18.99px
  Marker 72: mean=2.33px, max=4.38px
  Marker 73: mean=29.62px, max=35.83px
  Marker 75: mean=22.17px, max=27.37px
  Marker 76: mean=46.12px, max=54.04px
  Marker 77: mean=33.60px, max=39.83px
  Marker 78: mean=65.60px, max=75.58px
  Marker 80: mean=37.28px, max=44.86px
  Homography calculated
  RANSAC inliers: 35/68
  Saved: image_07_registered.JPG
  Mean marker error: 14.90px
  Max marker error: 75.58px

image_08.JPG
  Shared markers: [16, 20, 22, 26, 32, 34, 35, 36, 37, 38, 39, 40, 41, 43, 45, 51, 60, 62, 67, 68, 70, 72]
  ArUco scale relative to reference: 1.757x
  Using 88 corresponding points
  Removing bad markers: [16, 20, 22, 26, 34, 62, 70, 72]
  Recalculated using: [32, 35, 36, 37, 38, 39, 40, 41, 43, 45, 51, 60, 67, 68]
  Marker 16: mean=15.75px, max=19.45px
  Marker 20: mean=51.68px, max=58.32px
  Marker 22: mean=27.12px, max=31.86px
  Marker 26: mean=34.13px, max=39.26px
  Marker 32: mean=2.11px, max=2.96px
  Marker 34: mean=13.45px, max=16.84px
  Marker 35: mean=1.32px, max=2.19px
  Marker 36: mean=1.19px, max=1.90px
  Marker 37: mean=1.30px, max=2.49px
  Marker 38: mean=1.80px, max=2.82px
  Marker 39: mean=5.27px, max=7.55px
  Marker 40: mean=6.07px, max=8.65px
  Marker 41: mean=1.00px, max=1.52px
  Marker 43: mean=1.47px, max=2.23px
  Marker 45: mean=1.25px, max=2.20px
  Marker 51: mean=2.05px, max=3.67px
  Marker 60: mean=4.03px, max=6.02px
  Marker 62: mean=10.09px, max=12.97px
  Marker 67: mean=0.98px, max=1.74px
  Marker 68: mean=3.53px, max=5.32px
  Marker 70: mean=19.90px, max=24.08px
  Marker 72: mean=10.17px, max=13.10px
  Homography calculated
  RANSAC inliers: 40/56
  Saved: image_08_registered.JPG
  Mean marker error: 9.80px
  Max marker error: 58.32px

image_09.JPG
  Shared markers: [8, 11, 12, 15, 16, 20, 22, 24, 26, 27, 28, 32, 34, 35, 36, 37, 38, 39, 40, 41, 45, 67, 68, 72]
  ArUco scale relative to reference: 1.766x
  Using 96 corresponding points
  Removing bad markers: [32, 35, 36, 38, 41, 45, 67, 68, 72]
  Recalculated using: [8, 11, 12, 15, 16, 20, 22, 24, 26, 27, 28, 34, 37, 39, 40]
  Marker 8: mean=1.34px, max=2.23px
  Marker 11: mean=5.85px, max=8.21px
  Marker 12: mean=2.24px, max=4.73px
  Marker 15: mean=1.14px, max=1.70px
  Marker 16: mean=2.51px, max=4.37px
  Marker 20: mean=1.80px, max=2.18px
  Marker 22: mean=1.69px, max=2.04px
  Marker 24: mean=2.33px, max=4.16px
  Marker 26: mean=3.47px, max=4.91px
  Marker 27: mean=4.55px, max=7.41px
  Marker 28: mean=3.36px, max=6.13px
  Marker 32: mean=43.00px, max=49.63px
  Marker 34: mean=2.89px, max=5.46px
  Marker 35: mean=19.44px, max=23.86px
  Marker 36: mean=37.10px, max=43.12px
  Marker 37: mean=9.28px, max=12.76px
  Marker 38: mean=22.02px, max=26.77px
  Marker 39: mean=8.93px, max=12.29px
  Marker 40: mean=2.29px, max=4.56px
  Marker 41: mean=52.44px, max=58.73px
  Marker 45: mean=62.32px, max=70.40px
  Marker 67: mean=63.91px, max=72.22px
  Marker 68: mean=50.80px, max=56.83px
  Marker 72: mean=55.75px, max=63.40px
  Homography calculated
  RANSAC inliers: 33/60
  Saved: image_09_registered.JPG
  Mean marker error: 19.19px
  Max marker error: 72.22px

image_10.JPG
  Shared markers: [8, 9, 11, 12, 13, 14, 15, 16, 20, 22, 24, 26, 27, 28, 29, 34, 35, 37, 38, 39, 40, 65]
  ArUco scale relative to reference: 1.771x
  Using 88 corresponding points
  Removing bad markers: [29, 34, 35, 37, 38, 39, 40]
  Recalculated using: [8, 9, 11, 12, 13, 14, 15, 16, 20, 22, 24, 26, 27, 28, 65]
  Marker 8: mean=0.91px, max=1.63px
  Marker 9: mean=1.39px, max=2.83px
  Marker 11: mean=1.66px, max=2.79px
  Marker 12: mean=5.52px, max=7.63px
  Marker 13: mean=1.07px, max=1.42px
  Marker 14: mean=5.56px, max=7.56px
  Marker 15: mean=2.44px, max=3.66px
  Marker 16: mean=3.04px, max=5.44px
  Marker 20: mean=1.51px, max=1.98px
  Marker 22: mean=3.56px, max=5.64px
  Marker 24: mean=2.31px, max=3.43px
  Marker 26: mean=1.33px, max=2.19px
  Marker 27: mean=1.55px, max=2.82px
  Marker 28: mean=1.16px, max=2.09px
  Marker 29: mean=13.95px, max=17.05px
  Marker 34: mean=10.03px, max=13.44px
  Marker 35: mean=44.28px, max=51.46px
  Marker 37: mean=26.87px, max=32.09px
  Marker 38: mean=54.67px, max=62.68px
  Marker 39: mean=22.40px, max=27.32px
  Marker 40: mean=11.59px, max=15.25px
  Marker 65: mean=2.53px, max=4.03px
  Homography calculated
  RANSAC inliers: 43/60
  Saved: image_10_registered.JPG
  Mean marker error: 9.97px
  Max marker error: 62.68px

image_11.JPG
  Shared markers: [8, 9, 10, 11, 12, 13, 14, 15, 16, 19, 20, 21, 22, 23, 24, 25, 26, 27, 28, 29, 31, 34, 42, 44, 46, 52, 53, 54, 56, 65, 74, 80]
  ArUco scale relative to reference: 1.771x
  Using 128 corresponding points
  Removing bad markers: [9, 11, 13, 15, 20, 21, 24, 27, 28, 53, 65]
  Recalculated using: [8, 10, 12, 14, 16, 19, 22, 23, 25, 26, 29, 31, 34, 42, 44, 46, 52, 54, 56, 74, 80]
  Marker 8: mean=2.44px, max=4.85px
  Marker 9: mean=13.38px, max=18.51px
  Marker 10: mean=3.49px, max=5.55px
  Marker 11: mean=26.92px, max=33.78px
  Marker 12: mean=2.84px, max=5.15px
  Marker 13: mean=27.62px, max=34.21px
  Marker 14: mean=5.67px, max=9.75px
  Marker 15: mean=10.27px, max=15.57px
  Marker 16: mean=4.19px, max=7.95px
  Marker 19: mean=2.65px, max=5.06px
  Marker 20: mean=14.69px, max=20.55px
  Marker 21: mean=18.43px, max=23.84px
  Marker 22: mean=7.20px, max=12.17px
  Marker 23: mean=7.90px, max=11.86px
  Marker 24: mean=12.01px, max=17.72px
  Marker 25: mean=6.11px, max=9.84px
  Marker 26: mean=4.29px, max=7.30px
  Marker 27: mean=27.94px, max=35.09px
  Marker 28: mean=27.12px, max=34.16px
  Marker 29: mean=2.93px, max=5.87px
  Marker 31: mean=2.14px, max=3.56px
  Marker 34: mean=7.36px, max=12.45px
  Marker 42: mean=4.75px, max=8.26px
  Marker 44: mean=1.26px, max=1.75px
  Marker 46: mean=1.66px, max=2.19px
  Marker 52: mean=5.51px, max=8.70px
  Marker 53: mean=17.83px, max=22.72px
  Marker 54: mean=3.68px, max=4.36px
  Marker 56: mean=0.83px, max=1.23px
  Marker 65: mean=57.08px, max=66.26px
  Marker 74: mean=2.15px, max=3.89px
  Marker 80: mean=5.05px, max=7.29px
  Homography calculated
  RANSAC inliers: 37/84
  Saved: image_11_registered.JPG
  Mean marker error: 10.54px
  Max marker error: 66.26px

Saved image scales: homographies\drawer_018\image_scales.json

==================================================
Processing drawer_019
==================================================
Reference image: image_01.JPG
Markers: [8, 9, 10, 11, 12, 13, 14, 15, 16, 19, 20, 21, 22, 23, 24, 25, 26, 27, 28, 29, 31, 32, 34, 35, 36, 37, 38, 39, 40, 41, 42, 43, 44, 45, 46, 47, 48, 49, 51, 52, 53, 54, 55, 56, 60, 62, 64, 65, 66, 67, 68, 70, 71, 72, 73, 74, 75, 76, 77, 78, 80]

image_02.JPG
  Shared markers: [8, 10, 12, 25, 31, 42, 44, 46, 47, 48, 49, 52, 54, 55, 56, 64, 68, 71, 72, 73, 74, 75, 76, 77, 80]
  ArUco scale relative to reference: 1.734x
  Using 100 corresponding points
  Removing bad markers: [25, 31, 42, 49, 52, 64, 73, 76, 77]
  Recalculated using: [8, 10, 12, 44, 46, 47, 48, 54, 55, 56, 68, 71, 72, 74, 75, 80]
  Marker 8: mean=4.48px, max=9.07px
  Marker 10: mean=3.82px, max=7.56px
  Marker 12: mean=3.19px, max=4.79px
  Marker 25: mean=25.84px, max=33.00px
  Marker 31: mean=10.83px, max=15.97px
  Marker 42: mean=22.36px, max=29.02px
  Marker 44: mean=8.70px, max=12.96px
  Marker 46: mean=2.27px, max=3.52px
  Marker 47: mean=2.32px, max=3.72px
  Marker 48: mean=2.27px, max=4.39px
  Marker 49: mean=14.67px, max=18.41px
  Marker 52: mean=21.63px, max=28.08px
  Marker 54: mean=1.70px, max=2.70px
  Marker 55: mean=3.74px, max=6.42px
  Marker 56: mean=3.03px, max=5.69px
  Marker 64: mean=32.19px, max=38.83px
  Marker 68: mean=2.34px, max=4.55px
  Marker 71: mean=9.98px, max=14.13px
  Marker 72: mean=1.94px, max=3.66px
  Marker 73: mean=12.91px, max=17.67px
  Marker 74: mean=7.48px, max=11.83px
  Marker 75: mean=1.88px, max=3.35px
  Marker 76: mean=29.56px, max=36.35px
  Marker 77: mean=11.64px, max=16.01px
  Marker 80: mean=1.86px, max=3.49px
  Homography calculated
  RANSAC inliers: 31/64
  Saved: image_02_registered.JPG
  Mean marker error: 9.71px
  Max marker error: 38.83px

image_03.JPG
  Shared markers: [8, 10, 11, 12, 15, 16, 19, 20, 22, 24, 26, 27, 28, 32, 34, 35, 37, 38, 39, 40, 41, 45, 47, 68, 72]
  ArUco scale relative to reference: 1.764x
  Using 100 corresponding points
  Removing bad markers: [10, 19, 32, 35, 37, 38, 39, 41, 45, 47, 68, 72]
  Recalculated using: [8, 11, 12, 15, 16, 20, 22, 24, 26, 27, 28, 34, 40]
  Marker 8: mean=1.44px, max=2.79px
  Marker 10: mean=10.37px, max=14.12px
  Marker 11: mean=5.42px, max=8.54px
  Marker 12: mean=2.30px, max=4.58px
  Marker 15: mean=1.51px, max=2.13px
  Marker 16: mean=2.44px, max=4.59px
  Marker 19: mean=25.51px, max=30.85px
  Marker 20: mean=2.09px, max=2.78px
  Marker 22: mean=2.11px, max=2.55px
  Marker 24: mean=2.69px, max=4.98px
  Marker 26: mean=3.70px, max=5.42px
  Marker 27: mean=4.11px, max=7.47px
  Marker 28: mean=3.35px, max=6.70px
  Marker 32: mean=52.31px, max=60.41px
  Marker 34: mean=3.85px, max=6.87px
  Marker 35: mean=23.92px, max=29.43px
  Marker 37: mean=11.73px, max=15.94px
  Marker 38: mean=27.12px, max=32.88px
  Marker 39: mean=11.25px, max=15.42px
  Marker 40: mean=3.13px, max=6.14px
  Marker 41: mean=62.22px, max=69.90px
  Marker 45: mean=75.02px, max=84.96px
  Marker 47: mean=75.10px, max=85.00px
  Marker 68: mean=59.34px, max=66.05px
  Marker 72: mean=63.69px, max=72.09px
  Homography calculated
  RANSAC inliers: 30/52
  Saved: image_03_registered.JPG
  Mean marker error: 21.43px
  Max marker error: 85.00px

image_04.JPG
  Shared markers: [10, 12, 14, 19, 21, 23, 25, 29, 31, 42, 44, 46, 48, 52, 53, 54, 55, 56, 74, 75, 77, 80]
  ArUco scale relative to reference: 1.747x
  Using 88 corresponding points
  Removing bad markers: [14, 48, 77]
  Recalculated using: [10, 12, 19, 21, 23, 25, 29, 31, 42, 44, 46, 52, 53, 54, 55, 56, 74, 75, 80]
  Marker 10: mean=3.35px, max=5.29px
  Marker 12: mean=1.96px, max=3.25px
  Marker 14: mean=10.51px, max=15.30px
  Marker 19: mean=1.92px, max=2.21px
  Marker 21: mean=7.52px, max=11.09px
  Marker 23: mean=2.24px, max=4.56px
  Marker 25: mean=1.67px, max=3.02px
  Marker 29: mean=3.08px, max=6.13px
  Marker 31: mean=3.31px, max=5.00px
  Marker 42: mean=1.43px, max=2.32px
  Marker 44: mean=1.43px, max=2.56px
  Marker 46: mean=0.75px, max=1.36px
  Marker 48: mean=14.37px, max=17.82px
  Marker 52: mean=1.66px, max=3.13px
  Marker 53: mean=7.00px, max=10.14px
  Marker 54: mean=2.66px, max=3.43px
  Marker 55: mean=9.91px, max=13.06px
  Marker 56: mean=1.13px, max=1.62px
  Marker 74: mean=2.97px, max=4.31px
  Marker 75: mean=3.70px, max=5.50px
  Marker 77: mean=29.43px, max=34.58px
  Marker 80: mean=3.02px, max=4.90px
  Homography calculated
  RANSAC inliers: 44/76
  Saved: image_04_registered.JPG
  Mean marker error: 5.23px
  Max marker error: 34.58px

image_05.JPG
  Shared markers: [10, 12, 14, 19, 21, 23, 25, 29, 31, 42, 44, 46, 48, 52, 53, 54, 55, 56, 73, 74, 75, 76, 77, 80]
  ArUco scale relative to reference: 1.760x
  Using 96 corresponding points
  Removing bad markers: [12, 14, 29, 48, 55, 73, 76, 77]
  Recalculated using: [10, 19, 21, 23, 25, 31, 42, 44, 46, 52, 53, 54, 56, 74, 75, 80]
  Marker 10: mean=6.34px, max=8.29px
  Marker 12: mean=15.91px, max=18.80px
  Marker 14: mean=26.94px, max=31.54px
  Marker 19: mean=4.52px, max=6.39px
  Marker 21: mean=2.70px, max=5.12px
  Marker 23: mean=1.30px, max=2.06px
  Marker 25: mean=1.49px, max=2.49px
  Marker 29: mean=13.04px, max=16.16px
  Marker 31: mean=0.88px, max=1.30px
  Marker 42: mean=1.89px, max=3.18px
  Marker 44: mean=1.56px, max=2.47px
  Marker 46: mean=2.11px, max=3.34px
  Marker 48: mean=24.96px, max=31.04px
  Marker 52: mean=1.50px, max=2.19px
  Marker 53: mean=2.84px, max=5.11px
  Marker 54: mean=3.30px, max=4.63px
  Marker 55: mean=18.86px, max=24.37px
  Marker 56: mean=2.24px, max=3.40px
  Marker 73: mean=61.92px, max=70.84px
  Marker 74: mean=2.88px, max=3.84px
  Marker 75: mean=6.39px, max=10.21px
  Marker 76: mean=95.49px, max=106.83px
  Marker 77: mean=47.04px, max=55.10px
  Marker 80: mean=6.32px, max=10.01px
  Homography calculated
  RANSAC inliers: 41/64
  Saved: image_05_registered.JPG
  Mean marker error: 14.68px
  Max marker error: 106.83px

image_06.JPG
  Shared markers: [44, 46, 47, 48, 49, 54, 55, 56, 62, 64, 66, 70, 71, 72, 73, 75, 76, 77, 78, 80]
  ArUco scale relative to reference: 1.740x
  Using 80 corresponding points
  Removing bad markers: [44, 54, 56, 62]
  Recalculated using: [46, 47, 48, 49, 55, 64, 66, 70, 71, 72, 73, 75, 76, 77, 78, 80]
  Marker 44: mean=35.80px, max=42.60px
  Marker 46: mean=6.30px, max=8.76px
  Marker 47: mean=1.64px, max=3.23px
  Marker 48: mean=1.75px, max=2.51px
  Marker 49: mean=1.78px, max=3.31px
  Marker 54: mean=19.13px, max=23.37px
  Marker 55: mean=1.44px, max=2.34px
  Marker 56: mean=14.22px, max=18.10px
  Marker 62: mean=19.40px, max=23.85px
  Marker 64: mean=1.17px, max=2.03px
  Marker 66: mean=1.70px, max=3.11px
  Marker 70: mean=8.14px, max=11.13px
  Marker 71: mean=2.32px, max=3.16px
  Marker 72: mean=8.30px, max=11.33px
  Marker 73: mean=2.10px, max=3.26px
  Marker 75: mean=1.23px, max=2.19px
  Marker 76: mean=1.13px, max=1.98px
  Marker 77: mean=1.21px, max=1.91px
  Marker 78: mean=5.22px, max=7.85px
  Marker 80: mean=4.62px, max=6.70px
  Homography calculated
  RANSAC inliers: 40/64
  Saved: image_06_registered.JPG
  Mean marker error: 6.93px
  Max marker error: 42.60px

image_07.JPG
  Shared markers: [16, 32, 34, 35, 36, 37, 38, 39, 40, 41, 43, 45, 46, 47, 48, 49, 51, 55, 56, 60, 62, 64, 66, 67, 68, 70, 71, 72, 73, 75, 76, 77, 78, 80]
  ArUco scale relative to reference: 1.756x
  Using 136 corresponding points
  Removing bad markers: [32, 36, 43, 45, 51, 56, 64, 66, 67, 76, 78]
  Recalculated using: [16, 34, 35, 37, 38, 39, 40, 41, 46, 47, 48, 49, 55, 60, 62, 68, 70, 71, 72, 73, 75, 77, 80]
  Marker 16: mean=2.75px, max=4.05px
  Marker 32: mean=12.30px, max=17.07px
  Marker 34: mean=5.74px, max=9.49px
  Marker 35: mean=6.86px, max=10.36px
  Marker 36: mean=15.29px, max=19.95px
  Marker 37: mean=2.77px, max=4.74px
  Marker 38: mean=3.18px, max=6.11px
  Marker 39: mean=3.94px, max=6.50px
  Marker 40: mean=2.95px, max=5.36px
  Marker 41: mean=4.34px, max=8.17px
  Marker 43: mean=17.59px, max=23.24px
  Marker 45: mean=17.70px, max=23.23px
  Marker 46: mean=2.20px, max=3.69px
  Marker 47: mean=3.74px, max=5.76px
  Marker 48: mean=1.97px, max=3.56px
  Marker 49: mean=3.84px, max=7.18px
  Marker 51: mean=45.58px, max=53.47px
  Marker 55: mean=2.63px, max=4.93px
  Marker 56: mean=11.42px, max=16.76px
  Marker 60: mean=7.38px, max=11.56px
  Marker 62: mean=2.84px, max=5.30px
  Marker 64: mean=17.71px, max=23.66px
  Marker 66: mean=16.94px, max=22.67px
  Marker 67: mean=29.26px, max=35.27px
  Marker 68: mean=2.65px, max=4.90px
  Marker 70: mean=2.54px, max=4.08px
  Marker 71: mean=2.37px, max=4.86px
  Marker 72: mean=4.59px, max=6.35px
  Marker 73: mean=5.99px, max=10.08px
  Marker 75: mean=2.48px, max=4.60px
  Marker 76: mean=18.07px, max=23.92px
  Marker 77: mean=6.49px, max=10.52px
  Marker 78: mean=37.69px, max=45.99px
  Marker 80: mean=3.15px, max=6.40px
  Homography calculated
  RANSAC inliers: 39/92
  Saved: image_07_registered.JPG
  Mean marker error: 9.62px
  Max marker error: 53.47px

image_08.JPG
  Shared markers: [16, 20, 22, 26, 32, 34, 35, 36, 37, 38, 39, 40, 41, 43, 45, 51, 60, 62, 67, 68, 70, 72]
  ArUco scale relative to reference: 1.764x
  Using 88 corresponding points
  Removing bad markers: [20, 22, 26, 51]
  Recalculated using: [16, 32, 34, 35, 36, 37, 38, 39, 40, 41, 43, 45, 60, 62, 67, 68, 70, 72]
  Marker 16: mean=2.51px, max=4.63px
  Marker 20: mean=27.89px, max=34.08px
  Marker 22: mean=10.33px, max=14.75px
  Marker 26: mean=13.40px, max=17.99px
  Marker 32: mean=1.72px, max=3.15px
  Marker 34: mean=2.82px, max=5.47px
  Marker 35: mean=2.04px, max=3.65px
  Marker 36: mean=1.70px, max=2.79px
  Marker 37: mean=4.70px, max=6.30px
  Marker 38: mean=4.17px, max=5.93px
  Marker 39: mean=2.08px, max=3.38px
  Marker 40: mean=3.05px, max=5.23px
  Marker 41: mean=2.09px, max=3.77px
  Marker 43: mean=3.50px, max=6.28px
  Marker 45: mean=2.45px, max=5.02px
  Marker 51: mean=13.03px, max=17.15px
  Marker 60: mean=2.13px, max=3.85px
  Marker 62: mean=3.77px, max=6.54px
  Marker 67: mean=5.75px, max=8.75px
  Marker 68: mean=1.87px, max=3.39px
  Marker 70: mean=9.23px, max=12.85px
  Marker 72: mean=1.92px, max=3.75px
  Homography calculated
  RANSAC inliers: 41/72
  Saved: image_08_registered.JPG
  Mean marker error: 5.55px
  Max marker error: 34.08px

image_09.JPG
  Shared markers: [8, 11, 12, 15, 16, 20, 22, 24, 26, 27, 28, 32, 34, 35, 36, 37, 38, 39, 40, 41, 45, 67, 68, 72]
  ArUco scale relative to reference: 1.764x
  Using 96 corresponding points
  Removing bad markers: [32, 35, 36, 37, 38, 39, 41, 45, 67, 68, 72]
  Recalculated using: [8, 11, 12, 15, 16, 20, 22, 24, 26, 27, 28, 34, 40]
  Marker 8: mean=0.94px, max=1.85px
  Marker 11: mean=2.35px, max=4.42px
  Marker 12: mean=5.97px, max=8.65px
  Marker 15: mean=1.32px, max=2.08px
  Marker 16: mean=2.74px, max=4.73px
  Marker 20: mean=1.81px, max=3.21px
  Marker 22: mean=1.98px, max=2.74px
  Marker 24: mean=3.45px, max=5.24px
  Marker 26: mean=3.80px, max=5.29px
  Marker 27: mean=1.78px, max=3.59px
  Marker 28: mean=1.65px, max=3.09px
  Marker 32: mean=53.18px, max=60.94px
  Marker 34: mean=3.43px, max=6.24px
  Marker 35: mean=23.46px, max=28.73px
  Marker 36: mean=45.22px, max=52.33px
  Marker 37: mean=11.35px, max=15.52px
  Marker 38: mean=27.23px, max=32.90px
  Marker 39: mean=10.64px, max=14.73px
  Marker 40: mean=2.84px, max=5.55px
  Marker 41: mean=67.63px, max=75.12px
  Marker 45: mean=77.42px, max=86.90px
  Marker 67: mean=77.57px, max=87.18px
  Marker 68: mean=68.16px, max=76.06px
  Marker 72: mean=76.97px, max=87.02px
  Homography calculated
  RANSAC inliers: 30/52
  Saved: image_09_registered.JPG
  Mean marker error: 23.87px
  Max marker error: 87.18px

image_10.JPG
  Shared markers: [8, 9, 11, 12, 13, 14, 15, 16, 20, 22, 24, 26, 27, 28, 29, 34, 35, 37, 39, 40, 65]
  ArUco scale relative to reference: 1.760x
  Using 84 corresponding points
  Removing bad markers: [29, 34, 35, 37, 39, 40]
  Recalculated using: [8, 9, 11, 12, 13, 14, 15, 16, 20, 22, 24, 26, 27, 28, 65]
  Marker 8: mean=0.92px, max=1.69px
  Marker 9: mean=1.70px, max=3.16px
  Marker 11: mean=1.15px, max=1.97px
  Marker 12: mean=5.70px, max=7.74px
  Marker 13: mean=1.38px, max=2.59px
  Marker 14: mean=5.80px, max=7.89px
  Marker 15: mean=2.10px, max=3.23px
  Marker 16: mean=3.30px, max=6.14px
  Marker 20: mean=2.12px, max=3.74px
  Marker 22: mean=4.60px, max=7.17px
  Marker 24: mean=1.59px, max=2.79px
  Marker 26: mean=1.70px, max=2.15px
  Marker 27: mean=1.34px, max=1.82px
  Marker 28: mean=1.56px, max=2.68px
  Marker 29: mean=13.84px, max=16.95px
  Marker 34: mean=10.71px, max=14.46px
  Marker 35: mean=43.74px, max=51.38px
  Marker 37: mean=25.85px, max=31.56px
  Marker 39: mean=22.47px, max=27.80px
  Marker 40: mean=11.38px, max=15.33px
  Marker 65: mean=4.97px, max=7.02px
  Homography calculated
  RANSAC inliers: 38/60
  Saved: image_10_registered.JPG
  Mean marker error: 8.00px
  Max marker error: 51.38px

image_11.JPG
  Shared markers: [8, 9, 10, 11, 12, 13, 14, 15, 16, 19, 20, 21, 22, 23, 24, 25, 26, 27, 28, 29, 31, 34, 42, 44, 46, 52, 53, 54, 56, 65, 74, 80]
  ArUco scale relative to reference: 1.750x
  Using 128 corresponding points
  Removing bad markers: [8, 9, 11, 13, 14, 15, 16, 20, 22, 24, 26, 27, 28, 34, 65, 80]
  Recalculated using: [10, 12, 19, 21, 23, 25, 29, 31, 42, 44, 46, 52, 53, 54, 56, 74]
  Marker 8: mean=11.88px, max=15.71px
  Marker 9: mean=24.02px, max=29.09px
  Marker 10: mean=2.02px, max=3.66px
  Marker 11: mean=53.94px, max=61.20px
  Marker 12: mean=2.61px, max=4.92px
  Marker 13: mean=46.04px, max=52.82px
  Marker 14: mean=10.49px, max=14.28px
  Marker 15: mean=27.78px, max=33.56px
  Marker 16: mean=53.98px, max=61.57px
  Marker 19: mean=1.42px, max=2.24px
  Marker 20: mean=66.89px, max=73.93px
  Marker 21: mean=6.13px, max=9.12px
  Marker 22: mean=68.16px, max=76.08px
  Marker 23: mean=1.41px, max=2.41px
  Marker 24: mean=55.09px, max=61.85px
  Marker 25: mean=1.24px, max=2.10px
  Marker 26: mean=53.38px, max=59.48px
  Marker 27: mean=63.66px, max=71.60px
  Marker 28: mean=71.25px, max=79.15px
  Marker 29: mean=3.03px, max=5.56px
  Marker 31: mean=3.23px, max=4.43px
  Marker 34: mean=77.74px, max=88.04px
  Marker 42: mean=1.16px, max=2.15px
  Marker 44: mean=1.79px, max=3.00px
  Marker 46: mean=6.30px, max=8.64px
  Marker 52: mean=2.36px, max=3.93px
  Marker 53: mean=7.35px, max=10.05px
  Marker 54: mean=0.73px, max=1.49px
  Marker 56: mean=6.31px, max=8.50px
  Marker 65: mean=87.00px, max=96.40px
  Marker 74: mean=1.69px, max=2.52px
  Marker 80: mean=16.95px, max=20.79px
  Homography calculated
  RANSAC inliers: 38/64
  Saved: image_11_registered.JPG
  Mean marker error: 26.16px
  Max marker error: 96.40px

Saved image scales: homographies\drawer_019\image_scales.json

==================================================
Processing drawer_020
==================================================
Reference image: image_01.JPG
Markers: [8, 9, 10, 11, 12, 13, 14, 15, 16, 19, 20, 21, 22, 23, 24, 25, 26, 27, 28, 29, 31, 32, 34, 35, 36, 37, 38, 39, 40, 41, 42, 43, 44, 45, 46, 47, 48, 49, 51, 52, 53, 54, 55, 56, 60, 62, 64, 65, 66, 67, 68, 70, 71, 72, 73, 74, 75, 76, 77, 78, 80]

image_02.JPG
  Shared markers: [42, 44, 46, 47, 48, 49, 52, 54, 55, 56, 64, 68, 71, 72, 73, 74, 75, 76, 77, 78, 80]
  ArUco scale relative to reference: 1.550x
  Using 84 corresponding points
  Removing bad markers: [42, 44, 46, 52, 54, 56, 68, 74, 80]
  Recalculated using: [47, 48, 49, 55, 64, 71, 72, 73, 75, 76, 77, 78]
  Marker 42: mean=133.96px, max=148.63px
  Marker 44: mean=65.07px, max=74.84px
  Marker 46: mean=16.31px, max=21.28px
  Marker 47: mean=1.01px, max=1.18px
  Marker 48: mean=2.01px, max=3.78px
  Marker 49: mean=0.93px, max=1.52px
  Marker 52: mean=112.55px, max=126.14px
  Marker 54: mean=38.21px, max=45.51px
  Marker 55: mean=4.69px, max=7.72px
  Marker 56: mean=32.74px, max=39.58px
  Marker 64: mean=1.43px, max=2.18px
  Marker 68: mean=23.95px, max=27.43px
  Marker 71: mean=4.55px, max=5.01px
  Marker 72: mean=8.00px, max=10.22px
  Marker 73: mean=3.30px, max=4.64px
  Marker 74: mean=78.93px, max=89.60px
  Marker 75: mean=4.17px, max=7.43px
  Marker 76: mean=1.76px, max=2.93px
  Marker 77: mean=1.70px, max=2.10px
  Marker 78: mean=9.35px, max=13.56px
  Marker 80: mean=14.05px, max=18.60px
  Homography calculated
  RANSAC inliers: 23/48
  Saved: image_02_registered.JPG
  Mean marker error: 26.60px
  Max marker error: 148.63px

image_03.JPG
  Shared markers: [8, 10, 11, 12, 15, 16, 20, 22, 24, 26, 27, 28, 32, 34, 35, 36, 37, 38, 39, 40, 41, 45, 47, 67, 68, 72]
  ArUco scale relative to reference: 1.520x
  Using 104 corresponding points
  Removing bad markers: [11, 27, 28, 32, 35, 36, 38, 41, 45, 47, 67, 68, 72]
  Recalculated using: [8, 10, 12, 15, 16, 20, 22, 24, 26, 34, 37, 39, 40]
  Marker 8: mean=2.60px, max=4.59px
  Marker 10: mean=6.64px, max=10.57px
  Marker 11: mean=14.82px, max=19.52px
  Marker 12: mean=2.43px, max=4.19px
  Marker 15: mean=3.08px, max=5.56px
  Marker 16: mean=3.33px, max=5.50px
  Marker 20: mean=2.59px, max=5.20px
  Marker 22: mean=2.21px, max=2.49px
  Marker 24: mean=2.21px, max=3.59px
  Marker 26: mean=3.68px, max=5.76px
  Marker 27: mean=12.64px, max=17.93px
  Marker 28: mean=10.30px, max=15.39px
  Marker 32: mean=44.61px, max=52.21px
  Marker 34: mean=3.08px, max=5.91px
  Marker 35: mean=20.71px, max=25.75px
  Marker 36: mean=39.86px, max=47.02px
  Marker 37: mean=9.28px, max=13.08px
  Marker 38: mean=22.36px, max=27.76px
  Marker 39: mean=9.54px, max=13.30px
  Marker 40: mean=2.17px, max=4.28px
  Marker 41: mean=50.36px, max=57.09px
  Marker 45: mean=64.48px, max=73.87px
  Marker 47: mean=58.56px, max=67.35px
  Marker 67: mean=70.30px, max=80.42px
  Marker 68: mean=46.14px, max=51.72px
  Marker 72: mean=48.92px, max=55.78px
  Homography calculated
  RANSAC inliers: 24/52
  Saved: image_03_registered.JPG
  Mean marker error: 21.42px
  Max marker error: 80.42px

image_04.JPG
  Shared markers: [10, 12, 19, 21, 23, 25, 29, 31, 42, 44, 46, 48, 52, 53, 54, 55, 56, 74, 75, 80]
  ArUco scale relative to reference: 1.537x
  Using 80 corresponding points
  Removing bad markers: [48, 55, 75, 80]
  Recalculated using: [10, 12, 19, 21, 23, 25, 29, 31, 42, 44, 46, 52, 53, 54, 56, 74]
  Marker 10: mean=1.43px, max=2.58px
  Marker 12: mean=8.47px, max=11.83px
  Marker 19: mean=1.43px, max=2.42px
  Marker 21: mean=1.86px, max=3.90px
  Marker 23: mean=1.42px, max=2.52px
  Marker 25: mean=2.18px, max=3.75px
  Marker 29: mean=7.56px, max=11.03px
  Marker 31: mean=3.58px, max=4.71px
  Marker 42: mean=1.62px, max=3.22px
  Marker 44: mean=1.71px, max=2.62px
  Marker 46: mean=3.29px, max=5.96px
  Marker 48: mean=34.85px, max=41.34px
  Marker 52: mean=1.69px, max=2.46px
  Marker 53: mean=2.91px, max=4.72px
  Marker 54: mean=1.74px, max=3.34px
  Marker 55: mean=26.35px, max=32.05px
  Marker 56: mean=4.26px, max=6.95px
  Marker 74: mean=2.85px, max=4.35px
  Marker 75: mean=12.78px, max=16.80px
  Marker 80: mean=11.53px, max=15.35px
  Homography calculated
  RANSAC inliers: 41/64
  Saved: image_04_registered.JPG
  Mean marker error: 6.68px
  Max marker error: 41.34px

image_05.JPG
  Shared markers: [10, 12, 25, 31, 42, 44, 46, 47, 48, 52, 53, 54, 55, 56, 64, 71, 72, 73, 74, 75, 76, 77, 80]
  ArUco scale relative to reference: 1.556x
  Using 92 corresponding points
  Removing bad markers: [10, 12, 46, 47, 48, 55, 64, 71, 72, 73, 75, 76, 77, 80]
  Recalculated using: [25, 31, 42, 44, 52, 53, 54, 56, 74]
  Marker 10: mean=18.90px, max=23.32px
  Marker 12: mean=40.23px, max=47.42px
  Marker 25: mean=1.37px, max=2.47px
  Marker 31: mean=6.61px, max=8.96px
  Marker 42: mean=1.28px, max=1.83px
  Marker 44: mean=2.09px, max=3.70px
  Marker 46: mean=12.00px, max=15.30px
  Marker 47: mean=263.39px, max=285.63px
  Marker 48: mean=70.62px, max=78.35px
  Marker 52: mean=0.94px, max=1.66px
  Marker 53: mean=0.66px, max=1.05px
  Marker 54: mean=2.32px, max=4.35px
  Marker 55: mean=50.59px, max=57.33px
  Marker 56: mean=8.83px, max=11.95px
  Marker 64: mean=228.53px, max=242.73px
  Marker 71: mean=229.76px, max=247.10px
  Marker 72: mean=309.77px, max=335.50px
  Marker 73: mean=134.45px, max=145.21px
  Marker 74: mean=1.46px, max=2.42px
  Marker 75: mean=32.38px, max=37.59px
  Marker 76: mean=178.65px, max=191.69px
  Marker 77: mean=101.44px, max=110.97px
  Marker 80: mean=23.91px, max=28.61px
  Homography calculated
  RANSAC inliers: 23/36
  Saved: image_05_registered.JPG
  Mean marker error: 74.79px
  Max marker error: 335.50px

image_06.JPG
  Shared markers: [44, 46, 47, 48, 49, 54, 55, 56, 62, 64, 66, 70, 71, 72, 73, 75, 76, 77, 78, 80]
  ArUco scale relative to reference: 1.571x
  Using 80 corresponding points
  Removing bad markers: [44, 46, 54, 56, 62, 80]
  Recalculated using: [47, 48, 49, 55, 64, 66, 70, 71, 72, 73, 75, 76, 77, 78]
  Marker 44: mean=63.39px, max=72.61px
  Marker 46: mean=17.38px, max=21.46px
  Marker 47: mean=1.37px, max=2.66px
  Marker 48: mean=1.40px, max=2.30px
  Marker 49: mean=1.15px, max=2.23px
  Marker 54: mean=37.85px, max=44.27px
  Marker 55: mean=6.13px, max=8.69px
  Marker 56: mean=30.85px, max=36.62px
  Marker 62: mean=20.12px, max=24.83px
  Marker 64: mean=1.10px, max=2.23px
  Marker 66: mean=1.05px, max=1.76px
  Marker 70: mean=7.87px, max=10.76px
  Marker 71: mean=3.10px, max=3.74px
  Marker 72: mean=8.24px, max=11.16px
  Marker 73: mean=1.42px, max=2.61px
  Marker 75: mean=6.65px, max=9.40px
  Marker 76: mean=1.20px, max=1.83px
  Marker 77: mean=1.77px, max=3.12px
  Marker 78: mean=1.81px, max=3.51px
  Marker 80: mean=14.53px, max=18.19px
  Homography calculated
  RANSAC inliers: 34/56
  Saved: image_06_registered.JPG
  Mean marker error: 11.42px
  Max marker error: 72.61px

image_07.JPG
  Shared markers: [32, 35, 36, 37, 38, 39, 40, 41, 43, 45, 47, 48, 49, 51, 55, 60, 62, 64, 66, 67, 68, 70, 71, 72, 73, 75, 76, 77, 78, 80]
  ArUco scale relative to reference: 1.581x
  Using 120 corresponding points
  Removing bad markers: [43, 45, 49, 51, 64, 66, 67, 73, 76, 77, 78]
  Recalculated using: [32, 35, 36, 37, 38, 39, 40, 41, 47, 48, 55, 60, 62, 68, 70, 71, 72, 75, 80]
  Marker 32: mean=6.16px, max=10.70px
  Marker 35: mean=3.69px, max=5.94px
  Marker 36: mean=9.29px, max=13.34px
  Marker 37: mean=3.02px, max=4.62px
  Marker 38: mean=2.24px, max=4.35px
  Marker 39: mean=5.01px, max=7.30px
  Marker 40: mean=1.34px, max=3.25px
  Marker 41: mean=2.47px, max=3.73px
  Marker 43: mean=12.34px, max=17.53px
  Marker 45: mean=11.41px, max=16.69px
  Marker 47: mean=2.66px, max=4.37px
  Marker 48: mean=5.95px, max=8.45px
  Marker 49: mean=11.66px, max=16.51px
  Marker 51: mean=36.84px, max=44.08px
  Marker 55: mean=7.77px, max=12.17px
  Marker 60: mean=4.93px, max=8.82px
  Marker 62: mean=3.24px, max=5.82px
  Marker 64: mean=34.77px, max=42.31px
  Marker 66: mean=32.29px, max=39.61px
  Marker 67: mean=21.78px, max=27.65px
  Marker 68: mean=4.33px, max=7.02px
  Marker 70: mean=5.25px, max=9.11px
  Marker 71: mean=9.86px, max=15.02px
  Marker 72: mean=4.50px, max=7.16px
  Marker 73: mean=18.17px, max=24.48px
  Marker 75: mean=4.99px, max=8.55px
  Marker 76: mean=36.19px, max=44.13px
  Marker 77: mean=18.13px, max=24.32px
  Marker 78: mean=59.58px, max=69.41px
  Marker 80: mean=6.00px, max=11.91px
  Homography calculated
  RANSAC inliers: 31/76
  Saved: image_07_registered.JPG
  Mean marker error: 12.86px
  Max marker error: 69.41px

image_08.JPG
  Shared markers: [16, 20, 22, 26, 32, 34, 35, 36, 37, 38, 39, 40, 41, 43, 45, 51, 60, 62, 67, 68, 70, 72]
  ArUco scale relative to reference: 1.585x
  Using 88 corresponding points
  Removing bad markers: [16, 20, 22, 26, 34, 62, 70, 72]
  Recalculated using: [32, 35, 36, 37, 38, 39, 40, 41, 43, 45, 51, 60, 67, 68]
  Marker 16: mean=20.68px, max=25.47px
  Marker 20: mean=72.44px, max=83.40px
  Marker 22: mean=36.70px, max=43.34px
  Marker 26: mean=46.01px, max=53.32px
  Marker 32: mean=2.22px, max=3.48px
  Marker 34: mean=18.14px, max=22.69px
  Marker 35: mean=2.15px, max=3.88px
  Marker 36: mean=1.18px, max=1.72px
  Marker 37: mean=1.96px, max=3.75px
  Marker 38: mean=1.79px, max=2.96px
  Marker 39: mean=7.60px, max=10.57px
  Marker 40: mean=8.16px, max=11.40px
  Marker 41: mean=0.95px, max=1.73px
  Marker 43: mean=1.49px, max=2.21px
  Marker 45: mean=1.36px, max=2.40px
  Marker 51: mean=1.74px, max=3.11px
  Marker 60: mean=5.68px, max=7.78px
  Marker 62: mean=14.79px, max=18.12px
  Marker 67: mean=0.99px, max=1.83px
  Marker 68: mean=6.68px, max=9.00px
  Marker 70: mean=28.06px, max=32.58px
  Marker 72: mean=16.78px, max=20.02px
  Homography calculated
  RANSAC inliers: 33/56
  Saved: image_08_registered.JPG
  Mean marker error: 13.53px
  Max marker error: 83.40px

image_09.JPG
  Shared markers: [8, 11, 12, 15, 16, 20, 22, 24, 26, 27, 28, 32, 34, 35, 36, 37, 38, 39, 40, 41, 45, 67, 68, 72]
  ArUco scale relative to reference: 1.526x
  Using 96 corresponding points
  Removing bad markers: [32, 35, 36, 38, 41, 45, 67, 68, 72]
  Recalculated using: [8, 11, 12, 15, 16, 20, 22, 24, 26, 27, 28, 34, 37, 39, 40]
  Marker 8: mean=2.18px, max=3.19px
  Marker 11: mean=8.73px, max=12.13px
  Marker 12: mean=2.46px, max=6.31px
  Marker 15: mean=1.92px, max=3.38px
  Marker 16: mean=3.13px, max=5.30px
  Marker 20: mean=2.14px, max=2.66px
  Marker 22: mean=2.01px, max=2.40px
  Marker 24: mean=2.42px, max=4.72px
  Marker 26: mean=3.95px, max=5.67px
  Marker 27: mean=6.76px, max=10.26px
  Marker 28: mean=5.32px, max=8.85px
  Marker 32: mean=47.04px, max=54.55px
  Marker 34: mean=3.20px, max=5.94px
  Marker 35: mean=21.38px, max=26.36px
  Marker 36: mean=40.85px, max=47.79px
  Marker 37: mean=9.87px, max=13.89px
  Marker 38: mean=23.76px, max=29.27px
  Marker 39: mean=9.87px, max=13.73px
  Marker 40: mean=2.36px, max=4.68px
  Marker 41: mean=57.51px, max=64.38px
  Marker 45: mean=68.87px, max=78.14px
  Marker 67: mean=71.37px, max=80.86px
  Marker 68: mean=56.36px, max=63.48px
  Marker 72: mean=63.76px, max=73.12px
  Homography calculated
  RANSAC inliers: 31/60
  Saved: image_09_registered.JPG
  Mean marker error: 21.55px
  Max marker error: 80.86px

image_10.JPG
  Shared markers: [8, 9, 11, 12, 13, 14, 15, 16, 20, 22, 24, 26, 27, 28, 29, 34, 35, 37, 39, 40, 65]
  ArUco scale relative to reference: 1.516x
  Using 84 corresponding points
  Removing bad markers: [29, 34, 35, 37, 39, 40]
  Recalculated using: [8, 9, 11, 12, 13, 14, 15, 16, 20, 22, 24, 26, 27, 28, 65]
  Marker 8: mean=0.95px, max=1.79px
  Marker 9: mean=1.99px, max=3.76px
  Marker 11: mean=1.02px, max=2.05px
  Marker 12: mean=7.13px, max=9.64px
  Marker 13: mean=1.37px, max=2.43px
  Marker 14: mean=7.03px, max=9.48px
  Marker 15: mean=2.35px, max=3.69px
  Marker 16: mean=3.24px, max=6.12px
  Marker 20: mean=2.16px, max=4.03px
  Marker 22: mean=5.15px, max=7.77px
  Marker 24: mean=1.57px, max=3.01px
  Marker 26: mean=1.66px, max=2.09px
  Marker 27: mean=1.17px, max=1.79px
  Marker 28: mean=1.54px, max=2.84px
  Marker 29: mean=17.64px, max=21.64px
  Marker 34: mean=11.88px, max=15.86px
  Marker 35: mean=48.98px, max=57.80px
  Marker 37: mean=27.84px, max=34.19px
  Marker 39: mean=24.79px, max=30.70px
  Marker 40: mean=12.05px, max=16.19px
  Marker 65: mean=4.73px, max=6.15px
  Homography calculated
  RANSAC inliers: 38/60
  Saved: image_10_registered.JPG
  Mean marker error: 8.87px
  Max marker error: 57.80px

image_11.JPG
  Shared markers: [8, 9, 10, 11, 12, 13, 14, 15, 16, 19, 20, 21, 22, 23, 24, 25, 26, 27, 28, 29, 31, 34, 42, 44, 46, 52, 53, 54, 56, 65, 74, 80]
  ArUco scale relative to reference: 1.516x
  Using 128 corresponding points
  Removing bad markers: [10, 19, 21, 23, 25, 29, 31, 34, 42, 44, 46, 52, 53, 54, 56, 65, 74, 80]
  Recalculated using: [8, 9, 11, 12, 13, 14, 15, 16, 20, 22, 24, 26, 27, 28]
  Marker 8: mean=3.11px, max=5.52px
  Marker 9: mean=2.62px, max=4.98px
  Marker 10: mean=13.23px, max=18.90px
  Marker 11: mean=1.54px, max=2.32px
  Marker 12: mean=2.94px, max=5.94px
  Marker 13: mean=3.17px, max=5.25px
  Marker 14: mean=5.67px, max=9.45px
  Marker 15: mean=3.65px, max=5.53px
  Marker 16: mean=4.62px, max=7.62px
  Marker 19: mean=29.82px, max=36.97px
  Marker 20: mean=1.83px, max=2.71px
  Marker 21: mean=99.32px, max=111.56px
  Marker 22: mean=4.93px, max=7.87px
  Marker 23: mean=58.99px, max=68.50px
  Marker 24: mean=3.26px, max=4.74px
  Marker 25: mean=66.61px, max=76.76px
  Marker 26: mean=1.57px, max=3.05px
  Marker 27: mean=1.49px, max=2.32px
  Marker 28: mean=1.76px, max=2.61px
  Marker 29: mean=15.41px, max=20.84px
  Marker 31: mean=33.18px, max=40.76px
  Marker 34: mean=14.43px, max=19.20px
  Marker 42: mean=73.90px, max=84.38px
  Marker 44: mean=68.10px, max=76.58px
  Marker 46: mean=46.44px, max=53.73px
  Marker 52: mean=84.09px, max=94.35px
  Marker 53: mean=109.30px, max=121.91px
  Marker 54: mean=45.13px, max=51.95px
  Marker 56: mean=63.90px, max=71.83px
  Marker 65: mean=10.77px, max=14.00px
  Marker 74: mean=56.15px, max=65.07px
  Marker 80: mean=73.18px, max=82.15px
  Homography calculated
  RANSAC inliers: 32/56
  Saved: image_11_registered.JPG
  Mean marker error: 31.38px
  Max marker error: 121.91px

Saved image scales: homographies\drawer_020\image_scales.json

==================================================
Processing drawer_021
==================================================
Reference image: image_01.JPG
Markers: [8, 9, 10, 11, 12, 13, 14, 15, 16, 19, 20, 21, 22, 23, 24, 25, 26, 27, 28, 29, 31, 32, 34, 35, 36, 37, 38, 39, 40, 41, 42, 43, 44, 45, 46, 47, 48, 49, 51, 52, 53, 54, 55, 56, 60, 62, 64, 65, 66, 67, 68, 70, 71, 72, 73, 74, 75, 76, 77, 78, 80]

image_02.JPG
  Shared markers: [8, 11, 12, 15, 16, 20, 22, 24, 26, 27, 28, 32, 34, 35, 36, 37, 38, 39, 40, 41, 45, 47, 67, 68, 72]
  ArUco scale relative to reference: 1.573x
  Using 100 corresponding points
  Removing bad markers: [32, 35, 36, 37, 38, 39, 41, 45, 47, 67, 68, 72]
  Recalculated using: [8, 11, 12, 15, 16, 20, 22, 24, 26, 27, 28, 34, 40]
  Marker 8: mean=2.57px, max=4.44px
  Marker 11: mean=2.21px, max=4.36px
  Marker 12: mean=3.83px, max=7.90px
  Marker 15: mean=3.37px, max=4.95px
  Marker 16: mean=1.70px, max=3.55px
  Marker 20: mean=1.58px, max=3.19px
  Marker 22: mean=2.07px, max=4.06px
  Marker 24: mean=4.66px, max=6.03px
  Marker 26: mean=2.92px, max=4.54px
  Marker 27: mean=1.63px, max=2.98px
  Marker 28: mean=1.73px, max=2.45px
  Marker 32: mean=77.36px, max=87.02px
  Marker 34: mean=8.54px, max=11.61px
  Marker 35: mean=37.12px, max=43.39px
  Marker 36: mean=66.03px, max=74.88px
  Marker 37: mean=22.10px, max=26.88px
  Marker 38: mean=43.18px, max=50.07px
  Marker 39: mean=19.56px, max=23.91px
  Marker 40: mean=9.54px, max=12.71px
  Marker 41: mean=96.30px, max=106.08px
  Marker 45: mean=109.79px, max=121.93px
  Marker 47: mean=125.78px, max=141.94px
  Marker 67: mean=109.78px, max=122.24px
  Marker 68: mean=95.51px, max=105.49px
  Marker 72: mean=104.99px, max=117.80px
  Homography calculated
  RANSAC inliers: 32/52
  Saved: image_02_registered.JPG
  Mean marker error: 38.15px
  Max marker error: 141.94px

image_03.JPG
  Shared markers: [42, 44, 46, 47, 48, 52, 54, 55, 56, 64, 68, 71, 72, 73, 74, 75, 76, 77, 80]
  ArUco scale relative to reference: 1.532x
  Using 76 corresponding points
  Removing bad markers: [42, 44, 52, 64, 68, 74, 76]
  Recalculated using: [46, 47, 48, 54, 55, 56, 71, 72, 73, 75, 77, 80]
  Marker 42: mean=51.92px, max=62.24px
  Marker 44: mean=22.42px, max=29.38px
  Marker 46: mean=3.02px, max=5.65px
  Marker 47: mean=2.18px, max=4.23px
  Marker 48: mean=3.76px, max=6.46px
  Marker 52: mean=46.40px, max=56.18px
  Marker 54: mean=5.84px, max=10.88px
  Marker 55: mean=2.80px, max=3.28px
  Marker 56: mean=8.30px, max=13.41px
  Marker 64: mean=17.62px, max=23.73px
  Marker 68: mean=11.54px, max=16.95px
  Marker 71: mean=2.28px, max=4.15px
  Marker 72: mean=1.88px, max=4.28px
  Marker 73: mean=3.92px, max=7.77px
  Marker 74: mean=24.07px, max=31.52px
  Marker 75: mean=5.05px, max=7.45px
  Marker 76: mean=16.43px, max=22.43px
  Marker 77: mean=4.34px, max=8.33px
  Marker 80: mean=3.01px, max=5.00px
  Homography calculated
  RANSAC inliers: 23/48
  Saved: image_03_registered.JPG
  Mean marker error: 12.46px
  Max marker error: 62.24px

image_04.JPG
  Shared markers: [16, 20, 22, 26, 32, 34, 35, 36, 37, 38, 39, 40, 41, 43, 45, 51, 60, 62, 67, 68, 70, 72]
  ArUco scale relative to reference: 1.557x
  Using 88 corresponding points
  Removing bad markers: [16, 20, 22, 26, 70]
  Recalculated using: [32, 34, 35, 36, 37, 38, 39, 40, 41, 43, 45, 51, 60, 62, 67, 68, 72]
  Marker 16: mean=10.83px, max=14.48px
  Marker 20: mean=50.10px, max=57.66px
  Marker 22: mean=23.38px, max=28.57px
  Marker 26: mean=29.72px, max=35.58px
  Marker 32: mean=2.22px, max=3.95px
  Marker 34: mean=10.00px, max=13.54px
  Marker 35: mean=1.47px, max=2.12px
  Marker 36: mean=1.21px, max=2.10px
  Marker 37: mean=2.24px, max=3.97px
  Marker 38: mean=3.74px, max=4.96px
  Marker 39: mean=3.07px, max=5.40px
  Marker 40: mean=2.39px, max=4.72px
  Marker 41: mean=2.15px, max=3.52px
  Marker 43: mean=1.85px, max=3.15px
  Marker 45: mean=1.28px, max=2.20px
  Marker 51: mean=7.20px, max=9.68px
  Marker 60: mean=3.03px, max=5.22px
  Marker 62: mean=9.45px, max=13.11px
  Marker 67: mean=2.40px, max=4.23px
  Marker 68: mean=1.87px, max=3.57px
  Marker 70: mean=21.40px, max=26.58px
  Marker 72: mean=9.20px, max=12.73px
  Homography calculated
  RANSAC inliers: 36/68
  Saved: image_04_registered.JPG
  Mean marker error: 9.10px
  Max marker error: 57.66px

image_05.JPG
  Shared markers: [8, 11, 12, 15, 16, 20, 22, 24, 26, 27, 28, 32, 34, 35, 36, 37, 38, 39, 40, 41, 45, 67, 68, 72]
  ArUco scale relative to reference: 1.572x
  Using 96 corresponding points
  Removing bad markers: [12, 32, 35, 36, 37, 38, 39, 41, 45, 67, 68, 72]
  Recalculated using: [8, 11, 15, 16, 20, 22, 24, 26, 27, 28, 34, 40]
  Marker 8: mean=1.61px, max=3.00px
  Marker 11: mean=1.38px, max=2.90px
  Marker 12: mean=10.77px, max=13.50px
  Marker 15: mean=1.83px, max=2.89px
  Marker 16: mean=1.52px, max=2.57px
  Marker 20: mean=1.57px, max=3.02px
  Marker 22: mean=1.94px, max=3.77px
  Marker 24: mean=4.33px, max=5.42px
  Marker 26: mean=2.92px, max=4.53px
  Marker 27: mean=1.40px, max=2.65px
  Marker 28: mean=1.40px, max=2.48px
  Marker 32: mean=83.64px, max=93.56px
  Marker 34: mean=7.85px, max=11.03px
  Marker 35: mean=38.75px, max=45.31px
  Marker 36: mean=70.20px, max=79.15px
  Marker 37: mean=22.27px, max=27.46px
  Marker 38: mean=46.06px, max=53.35px
  Marker 39: mean=19.45px, max=24.08px
  Marker 40: mean=8.43px, max=11.89px
  Marker 41: mean=108.73px, max=118.71px
  Marker 45: mean=119.72px, max=131.93px
  Marker 67: mean=116.50px, max=128.66px
  Marker 68: mean=111.90px, max=123.84px
  Marker 72: mean=127.34px, max=142.66px
  Homography calculated
  RANSAC inliers: 29/48
  Saved: image_05_registered.JPG
  Mean marker error: 37.98px
  Max marker error: 142.66px

image_06.JPG
  Shared markers: [8, 9, 11, 12, 13, 14, 15, 16, 20, 22, 24, 26, 27, 28, 29, 34, 35, 37, 39, 40, 65]
  ArUco scale relative to reference: 1.590x
  Using 84 corresponding points
  Removing bad markers: [29, 34, 35, 37, 39, 40]
  Recalculated using: [8, 9, 11, 12, 13, 14, 15, 16, 20, 22, 24, 26, 27, 28, 65]
  Marker 8: mean=1.48px, max=2.95px
  Marker 9: mean=2.41px, max=4.30px
  Marker 11: mean=1.09px, max=2.22px
  Marker 12: mean=8.27px, max=10.92px
  Marker 13: mean=1.52px, max=2.59px
  Marker 14: mean=7.69px, max=10.38px
  Marker 15: mean=1.98px, max=3.35px
  Marker 16: mean=2.85px, max=5.39px
  Marker 20: mean=1.69px, max=3.07px
  Marker 22: mean=4.58px, max=7.00px
  Marker 24: mean=1.83px, max=3.15px
  Marker 26: mean=1.43px, max=2.19px
  Marker 27: mean=1.10px, max=1.90px
  Marker 28: mean=1.27px, max=2.10px
  Marker 29: mean=18.65px, max=22.80px
  Marker 34: mean=11.17px, max=14.86px
  Marker 35: mean=49.52px, max=58.49px
  Marker 37: mean=27.83px, max=34.15px
  Marker 39: mean=24.30px, max=30.01px
  Marker 40: mean=11.55px, max=15.57px
  Marker 65: mean=4.62px, max=6.29px
  Homography calculated
  RANSAC inliers: 39/60
  Saved: image_06_registered.JPG
  Mean marker error: 8.90px
  Max marker error: 58.49px

image_07.JPG
  Shared markers: [8, 9, 10, 11, 12, 13, 14, 15, 16, 19, 20, 21, 22, 23, 24, 25, 26, 27, 28, 29, 31, 34, 42, 44, 46, 52, 53, 54, 56, 65, 74, 80]
  ArUco scale relative to reference: 1.604x
  Using 128 corresponding points
  Removing bad markers: [10, 19, 21, 23, 25, 29, 31, 34, 42, 44, 46, 52, 53, 54, 56, 74, 80]
  Recalculated using: [8, 9, 11, 12, 13, 14, 15, 16, 20, 22, 24, 26, 27, 28, 65]
  Marker 8: mean=1.20px, max=2.42px
  Marker 9: mean=1.82px, max=3.44px
  Marker 10: mean=21.02px, max=25.71px
  Marker 11: mean=1.88px, max=3.16px
  Marker 12: mean=7.84px, max=10.86px
  Marker 13: mean=1.16px, max=1.53px
  Marker 14: mean=6.98px, max=9.88px
  Marker 15: mean=2.97px, max=4.49px
  Marker 16: mean=8.61px, max=12.42px
  Marker 19: mean=34.68px, max=40.47px
  Marker 20: mean=3.08px, max=5.38px
  Marker 21: mean=106.95px, max=117.21px
  Marker 22: mean=9.32px, max=13.23px
  Marker 23: mean=65.32px, max=73.23px
  Marker 24: mean=1.58px, max=2.99px
  Marker 25: mean=78.72px, max=87.41px
  Marker 26: mean=2.00px, max=4.01px
  Marker 27: mean=1.14px, max=2.33px
  Marker 28: mean=1.57px, max=2.52px
  Marker 29: mean=18.22px, max=22.55px
  Marker 31: mean=43.13px, max=49.57px
  Marker 34: mean=23.27px, max=29.84px
  Marker 42: mean=93.96px, max=102.96px
  Marker 44: mean=108.11px, max=116.57px
  Marker 46: mean=99.69px, max=110.84px
  Marker 52: mean=112.29px, max=121.14px
  Marker 53: mean=124.20px, max=134.89px
  Marker 54: mean=87.74px, max=95.82px
  Marker 56: mean=115.67px, max=126.83px
  Marker 65: mean=4.75px, max=6.84px
  Marker 74: mean=87.16px, max=95.25px
  Marker 80: mean=139.67px, max=153.26px
  Homography calculated
  RANSAC inliers: 34/60
  Saved: image_07_registered.JPG
  Mean marker error: 44.24px
  Max marker error: 153.26px

image_08.JPG
  Shared markers: [10, 12, 19, 21, 23, 25, 29, 31, 42, 44, 46, 48, 52, 53, 54, 55, 56, 74, 75, 80]
  ArUco scale relative to reference: 1.614x
  Using 80 corresponding points
  Removing bad markers: [48, 55, 75, 80]
  Recalculated using: [10, 12, 19, 21, 23, 25, 29, 31, 42, 44, 46, 52, 53, 54, 56, 74]
  Marker 10: mean=1.33px, max=2.11px
  Marker 12: mean=7.40px, max=10.49px
  Marker 19: mean=1.44px, max=2.01px
  Marker 21: mean=2.57px, max=4.91px
  Marker 23: mean=1.45px, max=2.62px
  Marker 25: mean=1.79px, max=3.61px
  Marker 29: mean=6.25px, max=9.53px
  Marker 31: mean=3.39px, max=4.62px
  Marker 42: mean=1.53px, max=2.95px
  Marker 44: mean=1.96px, max=3.25px
  Marker 46: mean=3.39px, max=6.36px
  Marker 48: mean=39.10px, max=47.12px
  Marker 52: mean=1.86px, max=3.44px
  Marker 53: mean=3.82px, max=5.92px
  Marker 54: mean=1.85px, max=3.19px
  Marker 55: mean=29.65px, max=36.49px
  Marker 56: mean=4.92px, max=7.79px
  Marker 74: mean=2.61px, max=4.09px
  Marker 75: mean=13.67px, max=18.32px
  Marker 80: mean=12.75px, max=17.21px
  Homography calculated
  RANSAC inliers: 40/64
  Saved: image_08_registered.JPG
  Mean marker error: 7.14px
  Max marker error: 47.12px

image_09.JPG
  Shared markers: [10, 12, 25, 31, 42, 44, 46, 47, 48, 52, 53, 54, 55, 56, 64, 71, 72, 73, 74, 75, 76, 77, 80]
  ArUco scale relative to reference: 1.547x
  Using 92 corresponding points
  Removing bad markers: [10, 12, 46, 47, 48, 55, 64, 71, 72, 73, 75, 76, 77, 80]
  Recalculated using: [25, 31, 42, 44, 52, 53, 54, 56, 74]
  Marker 10: mean=16.62px, max=20.52px
  Marker 12: mean=33.04px, max=39.30px
  Marker 25: mean=1.50px, max=2.67px
  Marker 31: mean=6.33px, max=8.84px
  Marker 42: mean=1.34px, max=2.00px
  Marker 44: mean=2.01px, max=3.57px
  Marker 46: mean=11.50px, max=15.40px
  Marker 47: mean=232.30px, max=252.51px
  Marker 48: mean=69.59px, max=78.84px
  Marker 52: mean=1.02px, max=1.67px
  Marker 53: mean=0.98px, max=1.53px
  Marker 54: mean=2.22px, max=4.34px
  Marker 55: mean=51.75px, max=59.71px
  Marker 56: mean=9.26px, max=12.67px
  Marker 64: mean=233.27px, max=250.66px
  Marker 71: mean=216.33px, max=232.33px
  Marker 72: mean=263.18px, max=286.65px
  Marker 73: mean=135.65px, max=148.65px
  Marker 74: mean=1.50px, max=2.47px
  Marker 75: mean=31.15px, max=37.24px
  Marker 76: mean=185.89px, max=201.94px
  Marker 77: mean=104.27px, max=115.78px
  Marker 80: mean=24.43px, max=29.84px
  Homography calculated
  RANSAC inliers: 23/36
  Saved: image_09_registered.JPG
  Mean marker error: 71.09px
  Max marker error: 286.65px

image_10.JPG
  Shared markers: [46, 47, 48, 49, 54, 55, 56, 62, 64, 66, 70, 71, 72, 73, 75, 76, 77, 78, 80]
  ArUco scale relative to reference: 1.537x
  Using 76 corresponding points
  Removing bad markers: [46, 54, 56, 62, 80]
  Recalculated using: [47, 48, 49, 55, 64, 66, 70, 71, 72, 73, 75, 76, 77, 78]
  Marker 46: mean=12.30px, max=16.61px
  Marker 47: mean=1.22px, max=2.30px
  Marker 48: mean=2.36px, max=4.01px
  Marker 49: mean=1.25px, max=2.36px
  Marker 54: mean=32.41px, max=39.20px
  Marker 55: mean=3.11px, max=5.56px
  Marker 56: mean=26.58px, max=32.78px
  Marker 62: mean=18.40px, max=22.81px
  Marker 64: mean=1.39px, max=2.64px
  Marker 66: mean=1.23px, max=1.74px
  Marker 70: mean=7.30px, max=10.14px
  Marker 71: mean=3.70px, max=4.72px
  Marker 72: mean=7.43px, max=10.22px
  Marker 73: mean=2.90px, max=4.33px
  Marker 75: mean=2.53px, max=5.09px
  Marker 76: mean=1.22px, max=1.73px
  Marker 77: mean=1.69px, max=2.30px
  Marker 78: mean=2.75px, max=4.69px
  Marker 80: mean=10.38px, max=14.28px
  Homography calculated
  RANSAC inliers: 32/56
  Saved: image_10_registered.JPG
  Mean marker error: 7.38px
  Max marker error: 39.20px

image_11.JPG
  Shared markers: [32, 35, 36, 37, 38, 39, 40, 41, 43, 45, 47, 48, 49, 51, 55, 60, 62, 64, 66, 67, 68, 70, 71, 72, 73, 75, 76, 77, 78, 80]
  ArUco scale relative to reference: 1.536x
  Using 120 corresponding points
  Removing bad markers: [49, 51, 55, 64, 66, 67, 71, 73, 76, 77, 78]
  Recalculated using: [32, 35, 36, 37, 38, 39, 40, 41, 43, 45, 47, 48, 60, 62, 68, 70, 72, 75, 80]
  Marker 32: mean=2.04px, max=4.18px
  Marker 35: mean=1.81px, max=2.87px
  Marker 36: mean=3.25px, max=5.90px
  Marker 37: mean=5.15px, max=6.42px
  Marker 38: mean=5.70px, max=7.58px
  Marker 39: mean=2.63px, max=4.37px
  Marker 40: mean=1.84px, max=2.52px
  Marker 41: mean=2.98px, max=5.58px
  Marker 43: mean=8.91px, max=13.60px
  Marker 45: mean=6.30px, max=11.01px
  Marker 47: mean=3.84px, max=7.09px
  Marker 48: mean=8.56px, max=13.14px
  Marker 49: mean=18.49px, max=24.48px
  Marker 51: mean=29.51px, max=36.23px
  Marker 55: mean=11.09px, max=17.10px
  Marker 60: mean=4.26px, max=7.88px
  Marker 62: mean=4.32px, max=8.17px
  Marker 64: mean=48.29px, max=57.92px
  Marker 66: mean=45.12px, max=54.15px
  Marker 67: mean=14.25px, max=19.61px
  Marker 68: mean=4.59px, max=7.14px
  Marker 70: mean=9.09px, max=13.90px
  Marker 71: mean=16.58px, max=22.97px
  Marker 72: mean=3.24px, max=6.24px
  Marker 73: mean=26.71px, max=34.55px
  Marker 75: mean=5.12px, max=9.43px
  Marker 76: mean=49.67px, max=59.66px
  Marker 77: mean=25.96px, max=33.84px
  Marker 78: mean=79.61px, max=91.64px
  Marker 80: mean=8.31px, max=15.04px
  Homography calculated
  RANSAC inliers: 33/76
  Saved: image_11_registered.JPG
  Mean marker error: 15.24px
  Max marker error: 91.64px

Saved image scales: homographies\drawer_021\image_scales.json

Done.

============================================================
RUNNING: detect_trays.py
============================================================
Inference mode: ROBOFLOW HOSTED
Found 21 drawers.

==================================================
Processing drawer_001
==================================================
Detected trays: 37
Detected labels: 24
Saved tray detections for drawer_001

==================================================
Processing drawer_002
==================================================
Detected trays: 11
Detected labels: 5
Saved tray detections for drawer_002

==================================================
Processing drawer_003
==================================================
Detected trays: 38
Detected labels: 32
Saved tray detections for drawer_003

==================================================
Processing drawer_004
==================================================
Detected trays: 33
Detected labels: 28
Saved tray detections for drawer_004

==================================================
Processing drawer_005
==================================================
Detected trays: 30
Detected labels: 17
Saved tray detections for drawer_005

==================================================
Processing drawer_006
==================================================
Detected trays: 32
Detected labels: 25
Saved tray detections for drawer_006

==================================================
Processing drawer_007
==================================================
Detected trays: 38
Detected labels: 23
Saved tray detections for drawer_007

==================================================
Processing drawer_008
==================================================
Detected trays: 22
Detected labels: 14
Saved tray detections for drawer_008

==================================================
Processing drawer_009
==================================================
Detected trays: 28
Detected labels: 19
Saved tray detections for drawer_009

==================================================
Processing drawer_010
==================================================
Detected trays: 8
Detected labels: 4
Saved tray detections for drawer_010

==================================================
Processing drawer_011
==================================================
Detected trays: 41
Detected labels: 22
Saved tray detections for drawer_011

==================================================
Processing drawer_012
==================================================
Detected trays: 30
Detected labels: 21
Saved tray detections for drawer_012

==================================================
Processing drawer_013
==================================================
Detected trays: 31
Detected labels: 17
Saved tray detections for drawer_013

==================================================
Processing drawer_014
==================================================
Detected trays: 40
Detected labels: 21
Saved tray detections for drawer_014

==================================================
Processing drawer_015
==================================================
Detected trays: 42
Detected labels: 27
Saved tray detections for drawer_015

==================================================
Processing drawer_016
==================================================
Detected trays: 39
Detected labels: 22
Saved tray detections for drawer_016

==================================================
Processing drawer_017
==================================================
Detected trays: 36
Detected labels: 18
Saved tray detections for drawer_017

==================================================
Processing drawer_018
==================================================
Detected trays: 38
Detected labels: 27
Saved tray detections for drawer_018

==================================================
Processing drawer_019
==================================================
Detected trays: 31
Detected labels: 13
Saved tray detections for drawer_019

==================================================
Processing drawer_020
==================================================
Detected trays: 46
Detected labels: 35
Saved tray detections for drawer_020

==================================================
Processing drawer_021
==================================================
Detected trays: 36
Detected labels: 24
Saved tray detections for drawer_021

All drawers finished.

============================================================
RUNNING: detect_labels_all_views.py
============================================================
Inference mode: ROBOFLOW HOSTED
Found 21 drawers.

==================================================
Processing drawer_001
==================================================
Processing image_01_registered.JPG...
  Detected labels: 26
Processing image_02_registered.JPG...
  Detected labels: 20
Processing image_03_registered.JPG...
  Detected labels: 19
Processing image_04_registered.JPG...
  Detected labels: 13
Processing image_05_registered.JPG...
  Detected labels: 18
Processing image_06_registered.JPG...
  Detected labels: 12
Processing image_07_registered.JPG...
  Detected labels: 12
Processing image_08_registered.JPG...
  Detected labels: 12
Processing image_09_registered.JPG...
  Detected labels: 12
Processing image_10_registered.JPG...
  Detected labels: 17
Processing image_11_registered.JPG...
  Detected labels: 17
Saved labels_all_views.json for drawer_001

==================================================
Processing drawer_002
==================================================
Processing image_01_registered.JPG...
  Detected labels: 5
Processing image_02_registered.JPG...
  Detected labels: 5
Processing image_03_registered.JPG...
  Detected labels: 2
Processing image_04_registered.JPG...
  Detected labels: 5
Processing image_05_registered.JPG...
  Detected labels: 5
Processing image_06_registered.JPG...
  Detected labels: 2
Processing image_07_registered.JPG...
  Detected labels: 0
Processing image_08_registered.JPG...
  Detected labels: 1
Processing image_09_registered.JPG...
  Detected labels: 1
Processing image_10_registered.JPG...
  Detected labels: 1
Processing image_11_registered.JPG...
  Detected labels: 5
Saved labels_all_views.json for drawer_002

==================================================
Processing drawer_003
==================================================
Processing image_01_registered.JPG...
  Detected labels: 35
Processing image_02_registered.JPG...
  Detected labels: 33
Processing image_03_registered.JPG...
  Detected labels: 28
Processing image_04_registered.JPG...
  Detected labels: 24
Processing image_05_registered.JPG...
  Detected labels: 31
Processing image_06_registered.JPG...
  Detected labels: 23
Processing image_07_registered.JPG...
  Detected labels: 14
Processing image_08_registered.JPG...
  Detected labels: 12
Processing image_09_registered.JPG...
  Detected labels: 22
Processing image_10_registered.JPG...
  Detected labels: 21
Processing image_11_registered.JPG...
  Detected labels: 22
Saved labels_all_views.json for drawer_003

==================================================
Processing drawer_004
==================================================
Processing image_01_registered.JPG...
  Detected labels: 28
Processing image_02_registered.JPG...
  Detected labels: 28
Processing image_03_registered.JPG...
  Detected labels: 25
Processing image_04_registered.JPG...
  Detected labels: 24
Processing image_05_registered.JPG...
  Detected labels: 24
Processing image_06_registered.JPG...
  Detected labels: 22
Processing image_07_registered.JPG...
  Detected labels: 19
Processing image_08_registered.JPG...
  Detected labels: 16
Processing image_09_registered.JPG...
  Detected labels: 19
Processing image_10_registered.JPG...
  Detected labels: 18
Processing image_11_registered.JPG...
  Detected labels: 20
Saved labels_all_views.json for drawer_004

==================================================
Processing drawer_005
==================================================
Processing image_01_registered.JPG...
  Detected labels: 19
Processing image_02_registered.JPG...
  Detected labels: 16
Processing image_03_registered.JPG...
  Detected labels: 14
Processing image_04_registered.JPG...
  Detected labels: 12
Processing image_05_registered.JPG...
  Detected labels: 12
Processing image_06_registered.JPG...
  Detected labels: 11
Processing image_07_registered.JPG...
  Detected labels: 12
Processing image_08_registered.JPG...
  Detected labels: 13
Processing image_09_registered.JPG...
  Detected labels: 14
Processing image_10_registered.JPG...
  Detected labels: 14
Processing image_11_registered.JPG...
  Detected labels: 13
Saved labels_all_views.json for drawer_005

==================================================
Processing drawer_006
==================================================
Processing image_01_registered.JPG...
  Detected labels: 29
Processing image_02_registered.JPG...
  Detected labels: 28
Processing image_03_registered.JPG...
  Detected labels: 24
Processing image_04_registered.JPG...
  Detected labels: 18
Processing image_05_registered.JPG...
  Detected labels: 23
Processing image_06_registered.JPG...
  Detected labels: 21
Processing image_07_registered.JPG...
  Detected labels: 19
Processing image_08_registered.JPG...
  Detected labels: 18
Processing image_09_registered.JPG...
  Detected labels: 19
Processing image_10_registered.JPG...
  Detected labels: 19
Processing image_11_registered.JPG...
  Detected labels: 18
Saved labels_all_views.json for drawer_006

==================================================
Processing drawer_007
==================================================
Processing image_01_registered.JPG...
  Detected labels: 26
Processing image_02_registered.JPG...
  Detected labels: 25
Processing image_03_registered.JPG...
  Detected labels: 23
Processing image_04_registered.JPG...
  Detected labels: 19
Processing image_05_registered.JPG...
  Detected labels: 23
Processing image_06_registered.JPG...
  Detected labels: 17
Processing image_07_registered.JPG...
  Detected labels: 13
Processing image_08_registered.JPG...
  Detected labels: 12
Processing image_09_registered.JPG...
  Detected labels: 19
Processing image_10_registered.JPG...
  Detected labels: 18
Processing image_11_registered.JPG...
  Detected labels: 19
Saved labels_all_views.json for drawer_007

==================================================
Processing drawer_008
==================================================
Processing image_01_registered.JPG...
  Detected labels: 14
Processing image_02_registered.JPG...
  Detected labels: 15
Processing image_03_registered.JPG...
  Detected labels: 8
Processing image_04_registered.JPG...
  Detected labels: 15
Processing image_05_registered.JPG...
  Detected labels: 15
Processing image_06_registered.JPG...
  Detected labels: 12
Processing image_07_registered.JPG...
  Detected labels: 5
Processing image_08_registered.JPG...
  Detected labels: 4
Processing image_09_registered.JPG...
  Detected labels: 4
Processing image_10_registered.JPG...
  Detected labels: 8
Processing image_11_registered.JPG...
  Detected labels: 12
Saved labels_all_views.json for drawer_008

==================================================
Processing drawer_009
==================================================
Processing image_01_registered.JPG...
  Detected labels: 19
Processing image_02_registered.JPG...
  Detected labels: 19
Processing image_03_registered.JPG...
  Detected labels: 13
Processing image_04_registered.JPG...
  Detected labels: 16
Processing image_05_registered.JPG...
  Detected labels: 16
Processing image_06_registered.JPG...
  Detected labels: 12
Processing image_07_registered.JPG...
  Detected labels: 8
Processing image_08_registered.JPG...
  Detected labels: 8
Processing image_09_registered.JPG...
  Detected labels: 10
Processing image_10_registered.JPG...
  Detected labels: 10
Processing image_11_registered.JPG...
  Detected labels: 13
Saved labels_all_views.json for drawer_009

==================================================
Processing drawer_010
==================================================
Processing image_01_registered.JPG...
  Detected labels: 4
Processing image_02_registered.JPG...
  Detected labels: 4
Processing image_03_registered.JPG...
  Detected labels: 2
Processing image_04_registered.JPG...
  Detected labels: 4
Processing image_05_registered.JPG...
  Detected labels: 4
Processing image_06_registered.JPG...
  Detected labels: 2
Processing image_07_registered.JPG...
  Detected labels: 0
Processing image_08_registered.JPG...
  Detected labels: 1
Processing image_09_registered.JPG...
  Detected labels: 2
Processing image_10_registered.JPG...
  Detected labels: 2
Processing image_11_registered.JPG...
  Detected labels: 4
Saved labels_all_views.json for drawer_010

==================================================
Processing drawer_011
==================================================
Processing image_01_registered.JPG...
  Detected labels: 24
Processing image_02_registered.JPG...
  Detected labels: 23
Processing image_03_registered.JPG...
  Detected labels: 22
Processing image_04_registered.JPG...
  Detected labels: 10
Processing image_05_registered.JPG...
  Detected labels: 16
Processing image_06_registered.JPG...
  Detected labels: 15
Processing image_07_registered.JPG...
  Detected labels: 15
Processing image_08_registered.JPG...
  Detected labels: 17
Processing image_09_registered.JPG...
  Detected labels: 19
Processing image_10_registered.JPG...
  Detected labels: 18
Processing image_11_registered.JPG...
  Detected labels: 17
Saved labels_all_views.json for drawer_011

==================================================
Processing drawer_012
==================================================
Processing image_01_registered.JPG...
  Detected labels: 24
Processing image_02_registered.JPG...
  Detected labels: 20
Processing image_03_registered.JPG...
  Detected labels: 21
Processing image_04_registered.JPG...
  Detected labels: 14
Processing image_05_registered.JPG...
  Detected labels: 16
Processing image_06_registered.JPG...
  Detected labels: 12
Processing image_07_registered.JPG...
  Detected labels: 12
Processing image_08_registered.JPG...
  Detected labels: 14
Processing image_09_registered.JPG...
  Detected labels: 18
Processing image_10_registered.JPG...
  Detected labels: 15
Processing image_11_registered.JPG...
  Detected labels: 15
Saved labels_all_views.json for drawer_012

==================================================
Processing drawer_013
==================================================
Processing image_01_registered.JPG...
  Detected labels: 20
Processing image_02_registered.JPG...
  Detected labels: 16
Processing image_03_registered.JPG...
  Detected labels: 17
Processing image_04_registered.JPG...
  Detected labels: 13
Processing image_05_registered.JPG...
  Detected labels: 14
Processing image_06_registered.JPG...
  Detected labels: 11
Processing image_07_registered.JPG...
  Detected labels: 8
Processing image_08_registered.JPG...
  Detected labels: 11
Processing image_09_registered.JPG...
  Detected labels: 14
Processing image_10_registered.JPG...
  Detected labels: 13
Processing image_11_registered.JPG...
  Detected labels: 14
Saved labels_all_views.json for drawer_013

==================================================
Processing drawer_014
==================================================
Processing image_01_registered.JPG...
  Detected labels: 23
Processing image_02_registered.JPG...
  Detected labels: 21
Processing image_03_registered.JPG...
  Detected labels: 16
Processing image_04_registered.JPG...
  Detected labels: 14
Processing image_05_registered.JPG...
  Detected labels: 20
Processing image_06_registered.JPG...
  Detected labels: 17
Processing image_07_registered.JPG...
  Detected labels: 14
Processing image_08_registered.JPG...
  Detected labels: 11
Processing image_09_registered.JPG...
  Detected labels: 12
Processing image_10_registered.JPG...
  Detected labels: 9
Processing image_11_registered.JPG...
  Detected labels: 12
Saved labels_all_views.json for drawer_014

==================================================
Processing drawer_015
==================================================
Processing image_01_registered.JPG...
  Detected labels: 29
Processing image_02_registered.JPG...
  Detected labels: 29
Processing image_03_registered.JPG...
  Detected labels: 26
Processing image_04_registered.JPG...
  Detected labels: 21
Processing image_05_registered.JPG...
  Detected labels: 22
Processing image_06_registered.JPG...
  Detected labels: 18
Processing image_07_registered.JPG...
  Detected labels: 16
Processing image_08_registered.JPG...
  Detected labels: 13
Processing image_09_registered.JPG...
  Detected labels: 18
Processing image_10_registered.JPG...
  Detected labels: 17
Processing image_11_registered.JPG...
  Detected labels: 22
Saved labels_all_views.json for drawer_015

==================================================
Processing drawer_016
==================================================
Processing image_01_registered.JPG...
  Detected labels: 25
Processing image_02_registered.JPG...
  Detected labels: 21
Processing image_03_registered.JPG...
  Detected labels: 24
Processing image_04_registered.JPG...
  Detected labels: 17
Processing image_05_registered.JPG...
  Detected labels: 17
Processing image_06_registered.JPG...
  Detected labels: 16
Processing image_07_registered.JPG...
  Detected labels: 10
Processing image_08_registered.JPG...
  Detected labels: 19
Processing image_09_registered.JPG...
  Detected labels: 21
Processing image_10_registered.JPG...
  Detected labels: 20
Processing image_11_registered.JPG...
  Detected labels: 22
Saved labels_all_views.json for drawer_016

==================================================
Processing drawer_017
==================================================
Processing image_01_registered.JPG...
  Detected labels: 20
Processing image_02_registered.JPG...
  Detected labels: 19
Processing image_03_registered.JPG...
  Detected labels: 17
Processing image_04_registered.JPG...
  Detected labels: 13
Processing image_05_registered.JPG...
  Detected labels: 17
Processing image_06_registered.JPG...
  Detected labels: 12
Processing image_07_registered.JPG...
  Detected labels: 8
Processing image_08_registered.JPG...
  Detected labels: 9
Processing image_09_registered.JPG...
  Detected labels: 14
Processing image_10_registered.JPG...
  Detected labels: 13
Processing image_11_registered.JPG...
  Detected labels: 21
Saved labels_all_views.json for drawer_017

==================================================
Processing drawer_018
==================================================
Processing image_01_registered.JPG...
  Detected labels: 29
Processing image_02_registered.JPG...
  Detected labels: 28
Processing image_03_registered.JPG...
  Detected labels: 24
Processing image_04_registered.JPG...
  Detected labels: 20
Processing image_05_registered.JPG...
  Detected labels: 25
Processing image_06_registered.JPG...
  Detected labels: 16
Processing image_07_registered.JPG...
  Detected labels: 13
Processing image_08_registered.JPG...
  Detected labels: 16
Processing image_09_registered.JPG...
  Detected labels: 20
Processing image_10_registered.JPG...
  Detected labels: 20
Processing image_11_registered.JPG...
  Detected labels: 22
Saved labels_all_views.json for drawer_018

==================================================
Processing drawer_019
==================================================
Processing image_01_registered.JPG...
  Detected labels: 16
Processing image_02_registered.JPG...
  Detected labels: 14
Processing image_03_registered.JPG...
  Detected labels: 12
Processing image_04_registered.JPG...
  Detected labels: 11
Processing image_05_registered.JPG...
  Detected labels: 11
Processing image_06_registered.JPG...
  Detected labels: 8
Processing image_07_registered.JPG...
  Detected labels: 2
Processing image_08_registered.JPG...
  Detected labels: 4
Processing image_09_registered.JPG...
  Detected labels: 8
Processing image_10_registered.JPG...
  Detected labels: 8
Processing image_11_registered.JPG...
  Detected labels: 15
Saved labels_all_views.json for drawer_019

==================================================
Processing drawer_020
==================================================
Processing image_01_registered.JPG...
  Detected labels: 38
Processing image_02_registered.JPG...
  Detected labels: 29
Processing image_03_registered.JPG...
  Detected labels: 31
Processing image_04_registered.JPG...
  Detected labels: 22
Processing image_05_registered.JPG...
  Detected labels: 26
Processing image_06_registered.JPG...
  Detected labels: 18
Processing image_07_registered.JPG...
  Detected labels: 17
Processing image_08_registered.JPG...
  Detected labels: 20
Processing image_09_registered.JPG...
  Detected labels: 24
Processing image_10_registered.JPG...
  Detected labels: 23
Processing image_11_registered.JPG...
  Detected labels: 28
Saved labels_all_views.json for drawer_020

==================================================
Processing drawer_021
==================================================
Processing image_01_registered.JPG...
  Detected labels: 25
Processing image_02_registered.JPG...
  Detected labels: 21
Processing image_03_registered.JPG...
  Detected labels: 19
Processing image_04_registered.JPG...
  Detected labels: 18
Processing image_05_registered.JPG...
  Detected labels: 18
Processing image_06_registered.JPG...
  Detected labels: 13
Processing image_07_registered.JPG...
  Detected labels: 10
Processing image_08_registered.JPG...
  Detected labels: 10
Processing image_09_registered.JPG...
  Detected labels: 15
Processing image_10_registered.JPG...
  Detected labels: 15
Processing image_11_registered.JPG...
  Detected labels: 22
Saved labels_all_views.json for drawer_021

All drawers finished.

============================================================
RUNNING: choose_best_views.py
============================================================
Found 21 drawers.

==================================================
Processing drawer_001
==================================================
Loaded 37 trays
Found 10 registered images

Best view for each tray:

Tray 1 candidate distances:
  image_02_registered.JPG: raw=1688px, scale=1.977x, normalized=854px
  image_03_registered.JPG: raw=1906px, scale=2.006x, normalized=950px
  image_04_registered.JPG: raw=3050px, scale=1.992x, normalized=1531px
  image_05_registered.JPG: raw=1821px, scale=1.977x, normalized=921px
  image_06_registered.JPG: raw=760px, scale=1.999x, normalized=380px
  image_07_registered.JPG: raw=141px, scale=2.020x, normalized=70px
  image_08_registered.JPG: raw=2156px, scale=2.036x, normalized=1059px
  image_09_registered.JPG: raw=2554px, scale=1.997x, normalized=1279px
  image_10_registered.JPG: raw=3596px, scale=2.001x, normalized=1797px
  image_11_registered.JPG: raw=3422px, scale=1.993x, normalized=1717px
Tray 1: image_07_registered.JPG [distance] normalized distance=70px, label=36420px²

Tray 2 candidate distances:
  image_02_registered.JPG: raw=583px, scale=1.977x, normalized=295px
  image_03_registered.JPG: raw=1760px, scale=2.006x, normalized=877px
  image_04_registered.JPG: raw=1962px, scale=1.992x, normalized=985px
  image_05_registered.JPG: raw=688px, scale=1.977x, normalized=348px
  image_06_registered.JPG: raw=880px, scale=1.999x, normalized=440px
  image_07_registered.JPG: raw=1317px, scale=2.020x, normalized=652px
  image_08_registered.JPG: raw=2299px, scale=2.036x, normalized=1129px
  image_09_registered.JPG: raw=2407px, scale=1.997x, normalized=1206px
  image_10_registered.JPG: raw=2994px, scale=2.001x, normalized=1496px
  image_11_registered.JPG: raw=2578px, scale=1.993x, normalized=1294px
Tray 2: image_02_registered.JPG [distance] normalized distance=295px, label=29181px²

Tray 3 candidate distances:
  image_02_registered.JPG: raw=1522px, scale=1.977x, normalized=770px
  image_03_registered.JPG: raw=760px, scale=2.006x, normalized=379px
  image_04_registered.JPG: raw=2082px, scale=1.992x, normalized=1046px
  image_05_registered.JPG: raw=1836px, scale=1.977x, normalized=929px
  image_06_registered.JPG: raw=2557px, scale=1.999x, normalized=1279px
  image_07_registered.JPG: raw=2499px, scale=2.020x, normalized=1237px
  image_08_registered.JPG: raw=1402px, scale=2.036x, normalized=688px
  image_09_registered.JPG: raw=975px, scale=1.997x, normalized=488px
  image_10_registered.JPG: raw=1211px, scale=2.001x, normalized=605px
  image_11_registered.JPG: raw=1157px, scale=1.993x, normalized=581px
Tray 3: image_03_registered.JPG [distance] normalized distance=379px, label=0px²

Tray 4 candidate distances:
  image_02_registered.JPG: raw=1612px, scale=1.977x, normalized=815px
  image_03_registered.JPG: raw=2567px, scale=2.006x, normalized=1280px
  image_04_registered.JPG: raw=426px, scale=1.992x, normalized=214px
  image_05_registered.JPG: raw=1616px, scale=1.977x, normalized=817px
  image_06_registered.JPG: raw=3007px, scale=1.999x, normalized=1504px
  image_07_registered.JPG: raw=3499px, scale=2.020x, normalized=1732px
  image_08_registered.JPG: raw=3247px, scale=2.036x, normalized=1595px
  image_09_registered.JPG: raw=2926px, scale=1.997x, normalized=1466px
  image_10_registered.JPG: raw=2343px, scale=2.001x, normalized=1171px
  image_11_registered.JPG: raw=1472px, scale=1.993x, normalized=739px
Tray 4: image_04_registered.JPG [distance] normalized distance=214px, label=0px²

Tray 5 candidate distances:
  image_02_registered.JPG: raw=893px, scale=1.977x, normalized=452px
  image_03_registered.JPG: raw=1259px, scale=2.006x, normalized=628px
  image_04_registered.JPG: raw=1468px, scale=1.992x, normalized=737px
  image_05_registered.JPG: raw=1183px, scale=1.977x, normalized=598px
  image_06_registered.JPG: raw=2151px, scale=1.999x, normalized=1076px
  image_07_registered.JPG: raw=2333px, scale=2.020x, normalized=1155px
  image_08_registered.JPG: raw=1932px, scale=2.036x, normalized=949px
  image_09_registered.JPG: raw=1667px, scale=1.997x, normalized=835px
  image_10_registered.JPG: raw=1756px, scale=2.001x, normalized=878px
  image_11_registered.JPG: raw=1315px, scale=1.993x, normalized=660px
Tray 5: image_02_registered.JPG [distance] normalized distance=452px, label=30001px²

Tray 6 candidate distances:
  image_02_registered.JPG: raw=2416px, scale=1.977x, normalized=1222px
  image_03_registered.JPG: raw=1463px, scale=2.006x, normalized=729px
  image_04_registered.JPG: raw=3680px, scale=1.992x, normalized=1848px
  image_05_registered.JPG: raw=2702px, scale=1.977x, normalized=1367px
  image_06_registered.JPG: raw=2137px, scale=1.999x, normalized=1069px
  image_07_registered.JPG: raw=1375px, scale=2.020x, normalized=681px
  image_08_registered.JPG: raw=1192px, scale=2.036x, normalized=585px
  image_09_registered.JPG: raw=1843px, scale=1.997x, normalized=923px
  image_10_registered.JPG: raw=3196px, scale=2.001x, normalized=1597px
  image_11_registered.JPG: raw=3422px, scale=1.993x, normalized=1718px
Tray 6: image_08_registered.JPG [distance] normalized distance=585px, label=0px²

Tray 7 candidate distances:
  image_02_registered.JPG: raw=834px, scale=1.977x, normalized=422px
  image_03_registered.JPG: raw=2495px, scale=2.006x, normalized=1244px
  image_04_registered.JPG: raw=837px, scale=1.992x, normalized=420px
  image_05_registered.JPG: raw=634px, scale=1.977x, normalized=321px
  image_06_registered.JPG: raw=1995px, scale=1.999x, normalized=998px
  image_07_registered.JPG: raw=2652px, scale=2.020x, normalized=1313px
  image_08_registered.JPG: raw=3198px, scale=2.036x, normalized=1570px
  image_09_registered.JPG: raw=3071px, scale=1.997x, normalized=1538px
  image_10_registered.JPG: raw=3043px, scale=2.001x, normalized=1521px
  image_11_registered.JPG: raw=2289px, scale=1.993x, normalized=1149px
Tray 7: image_05_registered.JPG [distance] normalized distance=321px, label=33525px²

Tray 8 candidate distances:
  image_02_registered.JPG: raw=945px, scale=1.977x, normalized=478px
  image_03_registered.JPG: raw=1130px, scale=2.006x, normalized=563px
  image_04_registered.JPG: raw=2240px, scale=1.992x, normalized=1125px
  image_05_registered.JPG: raw=1218px, scale=1.977x, normalized=616px
  image_06_registered.JPG: raw=1286px, scale=1.999x, normalized=643px
  image_07_registered.JPG: raw=1259px, scale=2.020x, normalized=623px
  image_08_registered.JPG: raw=1592px, scale=2.036x, normalized=782px
  image_09_registered.JPG: raw=1752px, scale=1.997x, normalized=878px
  image_10_registered.JPG: raw=2533px, scale=2.001x, normalized=1266px
  image_11_registered.JPG: raw=2324px, scale=1.993x, normalized=1166px
Tray 8: image_02_registered.JPG [distance] normalized distance=478px, label=27955px²

Tray 9 candidate distances:
  image_02_registered.JPG: raw=538px, scale=1.977x, normalized=272px
  image_03_registered.JPG: raw=2075px, scale=2.006x, normalized=1035px
  image_04_registered.JPG: raw=867px, scale=1.992x, normalized=435px
  image_05_registered.JPG: raw=544px, scale=1.977x, normalized=275px
  image_06_registered.JPG: raw=1937px, scale=1.999x, normalized=969px
  image_07_registered.JPG: raw=2456px, scale=2.020x, normalized=1216px
  image_08_registered.JPG: raw=2760px, scale=2.036x, normalized=1355px
  image_09_registered.JPG: raw=2599px, scale=1.997x, normalized=1302px
  image_10_registered.JPG: raw=2597px, scale=2.001x, normalized=1298px
  image_11_registered.JPG: raw=1916px, scale=1.993x, normalized=961px
Tray 9: image_02_registered.JPG [distance] normalized distance=272px, label=32684px²

Tray 10 candidate distances:
  image_02_registered.JPG: raw=2583px, scale=1.977x, normalized=1307px
  image_03_registered.JPG: raw=1038px, scale=2.006x, normalized=518px
  image_04_registered.JPG: raw=3145px, scale=1.992x, normalized=1579px
  image_05_registered.JPG: raw=2904px, scale=1.977x, normalized=1469px
  image_06_registered.JPG: raw=3421px, scale=1.999x, normalized=1711px
  image_07_registered.JPG: raw=3076px, scale=2.020x, normalized=1523px
  image_08_registered.JPG: raw=1127px, scale=2.036x, normalized=553px
  image_09_registered.JPG: raw=478px, scale=1.997x, normalized=239px
  image_10_registered.JPG: raw=1078px, scale=2.001x, normalized=539px
  image_11_registered.JPG: raw=1747px, scale=1.993x, normalized=877px
Tray 10: image_09_registered.JPG [distance] normalized distance=239px, label=0px²

Tray 11 candidate distances:
  image_02_registered.JPG: raw=2158px, scale=1.977x, normalized=1092px
  image_03_registered.JPG: raw=510px, scale=2.006x, normalized=254px
  image_04_registered.JPG: raw=3165px, scale=1.992x, normalized=1589px
  image_05_registered.JPG: raw=2491px, scale=1.977x, normalized=1260px
  image_06_registered.JPG: raw=2539px, scale=1.999x, normalized=1270px
  image_07_registered.JPG: raw=2054px, scale=2.020x, normalized=1017px
  image_08_registered.JPG: raw=153px, scale=2.036x, normalized=75px
  image_09_registered.JPG: raw=710px, scale=1.997x, normalized=356px
  image_10_registered.JPG: raw=2053px, scale=2.001x, normalized=1026px
  image_11_registered.JPG: raw=2394px, scale=1.993x, normalized=1202px
Tray 11: image_08_registered.JPG [distance] normalized distance=75px, label=35942px²

Tray 12 candidate distances:
  image_02_registered.JPG: raw=363px, scale=1.977x, normalized=184px
  image_03_registered.JPG: raw=1569px, scale=2.006x, normalized=782px
  image_04_registered.JPG: raw=1334px, scale=1.992x, normalized=670px
  image_05_registered.JPG: raw=656px, scale=1.977x, normalized=332px
  image_06_registered.JPG: raw=1723px, scale=1.999x, normalized=862px
  image_07_registered.JPG: raw=2066px, scale=2.020x, normalized=1023px
  image_08_registered.JPG: raw=2222px, scale=2.036x, normalized=1091px
  image_09_registered.JPG: raw=2094px, scale=1.997x, normalized=1049px
  image_10_registered.JPG: raw=2306px, scale=2.001x, normalized=1153px
  image_11_registered.JPG: raw=1793px, scale=1.993x, normalized=900px
Tray 12: image_02_registered.JPG [distance] normalized distance=184px, label=0px²

Tray 13 candidate distances:
  image_02_registered.JPG: raw=1988px, scale=1.977x, normalized=1006px
  image_03_registered.JPG: raw=2855px, scale=2.006x, normalized=1423px
  image_04_registered.JPG: raw=3150px, scale=1.992x, normalized=1582px
  image_05_registered.JPG: raw=1932px, scale=1.977x, normalized=977px
  image_06_registered.JPG: raw=719px, scale=1.999x, normalized=359px
  image_07_registered.JPG: raw=1223px, scale=2.020x, normalized=606px
  image_08_registered.JPG: raw=3355px, scale=2.036x, normalized=1648px
  image_09_registered.JPG: raw=3611px, scale=1.997x, normalized=1809px
  image_10_registered.JPG: raw=4476px, scale=2.001x, normalized=2237px
  image_11_registered.JPG: raw=4045px, scale=1.993x, normalized=2030px
Tray 13: image_06_registered.JPG [distance] normalized distance=359px, label=0px²

Tray 14 candidate distances:
  image_02_registered.JPG: raw=1736px, scale=1.977x, normalized=878px
  image_03_registered.JPG: raw=419px, scale=2.006x, normalized=209px
  image_04_registered.JPG: raw=2820px, scale=1.992x, normalized=1416px
  image_05_registered.JPG: raw=2059px, scale=1.977x, normalized=1041px
  image_06_registered.JPG: raw=2096px, scale=1.999x, normalized=1048px
  image_07_registered.JPG: raw=1709px, scale=2.020x, normalized=846px
  image_08_registered.JPG: raw=636px, scale=2.036x, normalized=312px
  image_09_registered.JPG: raw=958px, scale=1.997x, normalized=480px
  image_10_registered.JPG: raw=2121px, scale=2.001x, normalized=1060px
  image_11_registered.JPG: raw=2272px, scale=1.993x, normalized=1140px
Tray 14: image_03_registered.JPG [distance] normalized distance=209px, label=33329px²

Tray 15 candidate distances:
  image_02_registered.JPG: raw=2036px, scale=1.977x, normalized=1030px
  image_03_registered.JPG: raw=1826px, scale=2.006x, normalized=910px
  image_04_registered.JPG: raw=1765px, scale=1.992x, normalized=886px
  image_05_registered.JPG: raw=2237px, scale=1.977x, normalized=1132px
  image_06_registered.JPG: raw=3356px, scale=1.999x, normalized=1679px
  image_07_registered.JPG: raw=3480px, scale=2.020x, normalized=1723px
  image_08_registered.JPG: raw=2391px, scale=2.036x, normalized=1174px
  image_09_registered.JPG: raw=1847px, scale=1.997x, normalized=925px
  image_10_registered.JPG: raw=914px, scale=2.001x, normalized=457px
  image_11_registered.JPG: raw=94px, scale=1.993x, normalized=47px
Tray 15: image_11_registered.JPG [distance] normalized distance=47px, label=0px²

Tray 16 candidate distances:
  image_02_registered.JPG: raw=2154px, scale=1.977x, normalized=1090px
  image_03_registered.JPG: raw=740px, scale=2.006x, normalized=369px
  image_04_registered.JPG: raw=2708px, scale=1.992x, normalized=1360px
  image_05_registered.JPG: raw=2473px, scale=1.977x, normalized=1251px
  image_06_registered.JPG: raw=3054px, scale=1.999x, normalized=1527px
  image_07_registered.JPG: raw=2812px, scale=2.020x, normalized=1392px
  image_08_registered.JPG: raw=1114px, scale=2.036x, normalized=547px
  image_09_registered.JPG: raw=435px, scale=1.997x, normalized=218px
  image_10_registered.JPG: raw=961px, scale=2.001x, normalized=480px
  image_11_registered.JPG: raw=1405px, scale=1.993x, normalized=705px
Tray 16: image_09_registered.JPG [distance] normalized distance=218px, label=37034px²

Tray 17 candidate distances:
  image_02_registered.JPG: raw=1045px, scale=1.977x, normalized=529px
  image_03_registered.JPG: raw=2441px, scale=2.006x, normalized=1217px
  image_04_registered.JPG: raw=2146px, scale=1.992x, normalized=1078px
  image_05_registered.JPG: raw=886px, scale=1.977x, normalized=448px
  image_06_registered.JPG: raw=722px, scale=1.999x, normalized=361px
  image_07_registered.JPG: raw=1530px, scale=2.020x, normalized=757px
  image_08_registered.JPG: raw=3027px, scale=2.036x, normalized=1486px
  image_09_registered.JPG: raw=3149px, scale=1.997x, normalized=1577px
  image_10_registered.JPG: raw=3700px, scale=2.001x, normalized=1849px
  image_11_registered.JPG: raw=3160px, scale=1.993x, normalized=1586px
Tray 17: image_06_registered.JPG [distance] normalized distance=361px, label=0px²

Tray 18 candidate distances:
  image_02_registered.JPG: raw=1888px, scale=1.977x, normalized=955px
  image_03_registered.JPG: raw=2529px, scale=2.006x, normalized=1261px
  image_04_registered.JPG: raw=3161px, scale=1.992x, normalized=1587px
  image_05_registered.JPG: raw=1903px, scale=1.977x, normalized=963px
  image_06_registered.JPG: raw=538px, scale=1.999x, normalized=269px
  image_07_registered.JPG: raw=740px, scale=2.020x, normalized=367px
  image_08_registered.JPG: raw=2925px, scale=2.036x, normalized=1436px
  image_09_registered.JPG: raw=3243px, scale=1.997x, normalized=1624px
  image_10_registered.JPG: raw=4195px, scale=2.001x, normalized=2097px
  image_11_registered.JPG: raw=3869px, scale=1.993x, normalized=1942px
Tray 18: image_06_registered.JPG [distance] normalized distance=269px, label=29308px²

Tray 19 candidate distances:
  image_02_registered.JPG: raw=1326px, scale=1.977x, normalized=671px
  image_03_registered.JPG: raw=726px, scale=2.006x, normalized=362px
  image_04_registered.JPG: raw=2508px, scale=1.992x, normalized=1259px
  image_05_registered.JPG: raw=1632px, scale=1.977x, normalized=825px
  image_06_registered.JPG: raw=1672px, scale=1.999x, normalized=836px
  image_07_registered.JPG: raw=1426px, scale=2.020x, normalized=706px
  image_08_registered.JPG: raw=1117px, scale=2.036x, normalized=548px
  image_09_registered.JPG: raw=1335px, scale=1.997x, normalized=668px
  image_10_registered.JPG: raw=2290px, scale=2.001x, normalized=1145px
  image_11_registered.JPG: raw=2252px, scale=1.993x, normalized=1130px
Tray 19: image_03_registered.JPG [distance] normalized distance=362px, label=35909px²

Tray 20 candidate distances:
  image_02_registered.JPG: raw=827px, scale=1.977x, normalized=418px
  image_03_registered.JPG: raw=1788px, scale=2.006x, normalized=891px
  image_04_registered.JPG: raw=924px, scale=1.992x, normalized=464px
  image_05_registered.JPG: raw=995px, scale=1.977x, normalized=503px
  image_06_registered.JPG: raw=2260px, scale=1.999x, normalized=1130px
  image_07_registered.JPG: raw=2625px, scale=2.020x, normalized=1300px
  image_08_registered.JPG: raw=2473px, scale=2.036x, normalized=1214px
  image_09_registered.JPG: raw=2205px, scale=1.997x, normalized=1104px
  image_10_registered.JPG: raw=2056px, scale=2.001x, normalized=1028px
  image_11_registered.JPG: raw=1394px, scale=1.993x, normalized=700px
Tray 20: image_02_registered.JPG [distance] normalized distance=418px, label=32558px²

Tray 21 candidate distances:
  image_02_registered.JPG: raw=1371px, scale=1.977x, normalized=693px
  image_03_registered.JPG: raw=2243px, scale=2.006x, normalized=1118px
  image_04_registered.JPG: raw=2662px, scale=1.992x, normalized=1337px
  image_05_registered.JPG: raw=1368px, scale=1.977x, normalized=692px
  image_06_registered.JPG: raw=23px, scale=1.999x, normalized=11px
  image_07_registered.JPG: raw=829px, scale=2.020x, normalized=410px
  image_08_registered.JPG: raw=2691px, scale=2.036x, normalized=1322px
  image_09_registered.JPG: raw=2946px, scale=1.997x, normalized=1475px
  image_10_registered.JPG: raw=3759px, scale=2.001x, normalized=1879px
  image_11_registered.JPG: raw=3384px, scale=1.993x, normalized=1698px
Tray 21: image_06_registered.JPG [distance] normalized distance=11px, label=34177px²

Tray 22 candidate distances:
  image_02_registered.JPG: raw=1549px, scale=1.977x, normalized=784px
  image_03_registered.JPG: raw=1797px, scale=2.006x, normalized=896px
  image_04_registered.JPG: raw=1258px, scale=1.992x, normalized=632px
  image_05_registered.JPG: raw=1734px, scale=1.977x, normalized=877px
  image_06_registered.JPG: raw=2930px, scale=1.999x, normalized=1465px
  image_07_registered.JPG: raw=3164px, scale=2.020x, normalized=1567px
  image_08_registered.JPG: raw=2442px, scale=2.036x, normalized=1199px
  image_09_registered.JPG: raw=1999px, scale=1.997x, normalized=1001px
  image_10_registered.JPG: raw=1409px, scale=2.001x, normalized=704px
  image_11_registered.JPG: raw=654px, scale=1.993x, normalized=328px
Tray 22: image_11_registered.JPG [distance] normalized distance=328px, label=34627px²

Tray 23 candidate distances:
  image_02_registered.JPG: raw=1500px, scale=1.977x, normalized=759px
  image_03_registered.JPG: raw=2606px, scale=2.006x, normalized=1299px
  image_04_registered.JPG: raw=2652px, scale=1.992x, normalized=1332px
  image_05_registered.JPG: raw=1402px, scale=1.977x, normalized=709px
  image_06_registered.JPG: raw=457px, scale=1.999x, normalized=228px
  image_07_registered.JPG: raw=1262px, scale=2.020x, normalized=625px
  image_08_registered.JPG: raw=3139px, scale=2.036x, normalized=1542px
  image_09_registered.JPG: raw=3343px, scale=1.997x, normalized=1674px
  image_10_registered.JPG: raw=4067px, scale=2.001x, normalized=2033px
  image_11_registered.JPG: raw=3588px, scale=1.993x, normalized=1801px
Tray 23: image_06_registered.JPG [distance] normalized distance=228px, label=33783px²

Tray 24 candidate distances:
  image_02_registered.JPG: raw=2500px, scale=1.977x, normalized=1265px
  image_03_registered.JPG: raw=1522px, scale=2.006x, normalized=759px
  image_04_registered.JPG: raw=2629px, scale=1.992x, normalized=1320px
  image_05_registered.JPG: raw=2766px, scale=1.977x, normalized=1399px
  image_06_registered.JPG: raw=3626px, scale=1.999x, normalized=1813px
  image_07_registered.JPG: raw=3500px, scale=2.020x, normalized=1733px
  image_08_registered.JPG: raw=1889px, scale=2.036x, normalized=928px
  image_09_registered.JPG: raw=1225px, scale=1.997x, normalized=614px
  image_10_registered.JPG: raw=136px, scale=2.001x, normalized=68px
  image_11_registered.JPG: raw=903px, scale=1.993x, normalized=453px
Tray 24: image_10_registered.JPG [distance] normalized distance=68px, label=35914px²

Tray 25 candidate distances:
  image_02_registered.JPG: raw=2526px, scale=1.977x, normalized=1278px
  image_03_registered.JPG: raw=2029px, scale=2.006x, normalized=1012px
  image_04_registered.JPG: raw=2262px, scale=1.992x, normalized=1136px
  image_05_registered.JPG: raw=2727px, scale=1.977x, normalized=1380px
  image_06_registered.JPG: raw=3801px, scale=1.999x, normalized=1901px
  image_07_registered.JPG: raw=3839px, scale=2.020x, normalized=1901px
  image_08_registered.JPG: raw=2481px, scale=2.036x, normalized=1218px
  image_09_registered.JPG: raw=1885px, scale=1.997x, normalized=944px
  image_10_registered.JPG: raw=611px, scale=2.001x, normalized=306px
  image_11_registered.JPG: raw=449px, scale=1.993x, normalized=225px
Tray 25: image_11_registered.JPG [distance] normalized distance=225px, label=27674px²

Tray 26 candidate distances:
  image_02_registered.JPG: raw=2147px, scale=1.977x, normalized=1086px
  image_03_registered.JPG: raw=1490px, scale=2.006x, normalized=743px
  image_04_registered.JPG: raw=2175px, scale=1.992x, normalized=1092px
  image_05_registered.JPG: raw=2399px, scale=1.977x, normalized=1214px
  image_06_registered.JPG: raw=3356px, scale=1.999x, normalized=1678px
  image_07_registered.JPG: raw=3342px, scale=2.020x, normalized=1655px
  image_08_registered.JPG: raw=1995px, scale=2.036x, normalized=980px
  image_09_registered.JPG: raw=1381px, scale=1.997x, normalized=692px
  image_10_registered.JPG: raw=471px, scale=2.001x, normalized=236px
  image_11_registered.JPG: raw=479px, scale=1.993x, normalized=241px
Tray 26: image_10_registered.JPG [distance] normalized distance=236px, label=32573px²

Tray 27 candidate distances:
  image_02_registered.JPG: raw=1371px, scale=1.977x, normalized=693px
  image_03_registered.JPG: raw=2074px, scale=2.006x, normalized=1034px
  image_04_registered.JPG: raw=797px, scale=1.992x, normalized=400px
  image_05_registered.JPG: raw=1484px, scale=1.977x, normalized=751px
  image_06_registered.JPG: raw=2799px, scale=1.999x, normalized=1400px
  image_07_registered.JPG: raw=3163px, scale=2.020x, normalized=1566px
  image_08_registered.JPG: raw=2746px, scale=2.036x, normalized=1349px
  image_09_registered.JPG: raw=2382px, scale=1.997x, normalized=1193px
  image_10_registered.JPG: raw=1878px, scale=2.001x, normalized=939px
  image_11_registered.JPG: raw=1077px, scale=1.993x, normalized=541px
Tray 27: image_04_registered.JPG [distance] normalized distance=400px, label=28667px²

Tray 28 candidate distances:
  image_02_registered.JPG: raw=1489px, scale=1.977x, normalized=753px
  image_03_registered.JPG: raw=2774px, scale=2.006x, normalized=1383px
  image_04_registered.JPG: raw=153px, scale=1.992x, normalized=77px
  image_05_registered.JPG: raw=1395px, scale=1.977x, normalized=706px
  image_06_registered.JPG: raw=2791px, scale=1.999x, normalized=1396px
  image_07_registered.JPG: raw=3400px, scale=2.020x, normalized=1683px
  image_08_registered.JPG: raw=3482px, scale=2.036x, normalized=1710px
  image_09_registered.JPG: raw=3242px, scale=1.997x, normalized=1624px
  image_10_registered.JPG: raw=2824px, scale=2.001x, normalized=1412px
  image_11_registered.JPG: raw=1953px, scale=1.993x, normalized=980px
Tray 28: image_04_registered.JPG [distance] normalized distance=77px, label=31800px²

Tray 29 candidate distances:
  image_02_registered.JPG: raw=693px, scale=1.977x, normalized=351px
  image_03_registered.JPG: raw=2378px, scale=2.006x, normalized=1185px
  image_04_registered.JPG: raw=1615px, scale=1.992x, normalized=811px
  image_05_registered.JPG: raw=419px, scale=1.977x, normalized=212px
  image_06_registered.JPG: raw=1216px, scale=1.999x, normalized=608px
  image_07_registered.JPG: raw=1943px, scale=2.020x, normalized=962px
  image_08_registered.JPG: raw=3021px, scale=2.036x, normalized=1484px
  image_09_registered.JPG: raw=3041px, scale=1.997x, normalized=1523px
  image_10_registered.JPG: raw=3377px, scale=2.001x, normalized=1688px
  image_11_registered.JPG: raw=2757px, scale=1.993x, normalized=1384px
Tray 29: image_05_registered.JPG [distance] normalized distance=212px, label=34457px²

Tray 30 candidate distances:
  image_02_registered.JPG: raw=1923px, scale=1.977x, normalized=973px
  image_03_registered.JPG: raw=2479px, scale=2.006x, normalized=1236px
  image_04_registered.JPG: raw=980px, scale=1.992x, normalized=492px
  image_05_registered.JPG: raw=1991px, scale=1.977x, normalized=1007px
  image_06_registered.JPG: raw=3331px, scale=1.999x, normalized=1666px
  image_07_registered.JPG: raw=3710px, scale=2.020x, normalized=1837px
  image_08_registered.JPG: raw=3115px, scale=2.036x, normalized=1529px
  image_09_registered.JPG: raw=2710px, scale=1.997x, normalized=1357px
  image_10_registered.JPG: raw=1906px, scale=2.001x, normalized=952px
  image_11_registered.JPG: raw=1033px, scale=1.993x, normalized=518px
Tray 30: image_11_registered.JPG [label override] normalized distance=518px, label=30595px²

Tray 31 candidate distances:
  image_02_registered.JPG: raw=2007px, scale=1.977x, normalized=1016px
  image_03_registered.JPG: raw=3075px, scale=2.006x, normalized=1533px
  image_04_registered.JPG: raw=595px, scale=1.992x, normalized=299px
  image_05_registered.JPG: raw=1924px, scale=1.977x, normalized=973px
  image_06_registered.JPG: raw=3311px, scale=1.999x, normalized=1656px
  image_07_registered.JPG: raw=3910px, scale=2.020x, normalized=1936px
  image_08_registered.JPG: raw=3762px, scale=2.036x, normalized=1847px
  image_09_registered.JPG: raw=3486px, scale=1.997x, normalized=1746px
  image_10_registered.JPG: raw=2839px, scale=2.001x, normalized=1419px
  image_11_registered.JPG: raw=1922px, scale=1.993x, normalized=965px
Tray 31: image_04_registered.JPG [distance] normalized distance=299px, label=28038px²

Tray 32 candidate distances:
  image_02_registered.JPG: raw=2042px, scale=1.977x, normalized=1033px
  image_03_registered.JPG: raw=2247px, scale=2.006x, normalized=1120px
  image_04_registered.JPG: raw=1385px, scale=1.992x, normalized=696px
  image_05_registered.JPG: raw=2171px, scale=1.977x, normalized=1098px
  image_06_registered.JPG: raw=3430px, scale=1.999x, normalized=1716px
  image_07_registered.JPG: raw=3694px, scale=2.020x, normalized=1829px
  image_08_registered.JPG: raw=2843px, scale=2.036x, normalized=1396px
  image_09_registered.JPG: raw=2369px, scale=1.997x, normalized=1187px
  image_10_registered.JPG: raw=1448px, scale=2.001x, normalized=724px
  image_11_registered.JPG: raw=594px, scale=1.993x, normalized=298px
Tray 32: image_11_registered.JPG [distance] normalized distance=298px, label=32800px²

Tray 33 candidate distances:
  image_02_registered.JPG: raw=2826px, scale=1.977x, normalized=1430px
  image_03_registered.JPG: raw=2063px, scale=2.006x, normalized=1028px
  image_04_registered.JPG: raw=2693px, scale=1.992x, normalized=1352px
  image_05_registered.JPG: raw=3045px, scale=1.977x, normalized=1540px
  image_06_registered.JPG: raw=4036px, scale=1.999x, normalized=2019px
  image_07_registered.JPG: raw=3973px, scale=2.020x, normalized=1967px
  image_08_registered.JPG: raw=2403px, scale=2.036x, normalized=1180px
  image_09_registered.JPG: raw=1781px, scale=1.997x, normalized=892px
  image_10_registered.JPG: raw=423px, scale=2.001x, normalized=212px
  image_11_registered.JPG: raw=881px, scale=1.993x, normalized=442px
Tray 33: image_10_registered.JPG [distance] normalized distance=212px, label=29499px²

Tray 34 candidate distances:
  image_02_registered.JPG: raw=3144px, scale=1.977x, normalized=1590px
  image_03_registered.JPG: raw=2194px, scale=2.006x, normalized=1093px
  image_04_registered.JPG: raw=3114px, scale=1.992x, normalized=1563px
  image_05_registered.JPG: raw=3374px, scale=1.977x, normalized=1707px
  image_06_registered.JPG: raw=4295px, scale=1.999x, normalized=2148px
  image_07_registered.JPG: raw=4139px, scale=2.020x, normalized=2049px
  image_08_registered.JPG: raw=2406px, scale=2.036x, normalized=1181px
  image_09_registered.JPG: raw=1794px, scale=1.997x, normalized=898px
  image_10_registered.JPG: raw=636px, scale=2.001x, normalized=318px
  image_11_registered.JPG: raw=1331px, scale=1.993x, normalized=668px
Tray 34: image_10_registered.JPG [distance] normalized distance=318px, label=29132px²

Tray 35 candidate distances:
  image_02_registered.JPG: raw=2541px, scale=1.977x, normalized=1286px
  image_03_registered.JPG: raw=815px, scale=2.006x, normalized=406px
  image_04_registered.JPG: raw=3416px, scale=1.992x, normalized=1715px
  image_05_registered.JPG: raw=2882px, scale=1.977x, normalized=1458px
  image_06_registered.JPG: raw=3057px, scale=1.999x, normalized=1529px
  image_07_registered.JPG: raw=2553px, scale=2.020x, normalized=1264px
  image_08_registered.JPG: raw=427px, scale=2.036x, normalized=210px
  image_09_registered.JPG: raw=524px, scale=1.997x, normalized=262px
  image_10_registered.JPG: raw=1857px, scale=2.001x, normalized=928px
  image_11_registered.JPG: raw=2389px, scale=1.993x, normalized=1199px
Tray 35: image_08_registered.JPG [distance] normalized distance=210px, label=31490px²

Tray 36 candidate distances:
  image_02_registered.JPG: raw=2859px, scale=1.977x, normalized=1446px
  image_03_registered.JPG: raw=1690px, scale=2.006x, normalized=842px
  image_04_registered.JPG: raw=3059px, scale=1.992x, normalized=1536px
  image_05_registered.JPG: raw=3133px, scale=1.977x, normalized=1585px
  image_06_registered.JPG: raw=3920px, scale=1.999x, normalized=1960px
  image_07_registered.JPG: raw=3698px, scale=2.020x, normalized=1831px
  image_08_registered.JPG: raw=1896px, scale=2.036x, normalized=931px
  image_09_registered.JPG: raw=1246px, scale=1.997x, normalized=624px
  image_10_registered.JPG: raw=498px, scale=2.001x, normalized=249px
  image_11_registered.JPG: raw=1350px, scale=1.993x, normalized=677px
Tray 36: image_10_registered.JPG [distance] normalized distance=249px, label=30712px²

Tray 37 candidate distances:
  image_02_registered.JPG: raw=2624px, scale=1.977x, normalized=1327px
  image_03_registered.JPG: raw=1034px, scale=2.006x, normalized=515px
  image_04_registered.JPG: raw=3655px, scale=1.992x, normalized=1835px
  image_05_registered.JPG: raw=2962px, scale=1.977x, normalized=1498px
  image_06_registered.JPG: raw=2896px, scale=1.999x, normalized=1448px
  image_07_registered.JPG: raw=2275px, scale=2.020x, normalized=1127px
  image_08_registered.JPG: raw=410px, scale=2.036x, normalized=201px
  image_09_registered.JPG: raw=1006px, scale=1.997x, normalized=504px
  image_10_registered.JPG: raw=2384px, scale=2.001x, normalized=1191px
  image_11_registered.JPG: raw=2860px, scale=1.993x, normalized=1435px
Tray 37: image_08_registered.JPG [distance] normalized distance=201px, label=32776px²

Saved best_views.json for drawer_001

==================================================
Processing drawer_002
==================================================
Loaded 11 trays
Found 10 registered images

Best view for each tray:

Tray 1 candidate distances:
  image_02_registered.JPG: raw=610px, scale=1.826x, normalized=334px
  image_03_registered.JPG: raw=1695px, scale=1.849x, normalized=917px
  image_04_registered.JPG: raw=1724px, scale=1.825x, normalized=945px
  image_05_registered.JPG: raw=983px, scale=1.833x, normalized=536px
  image_06_registered.JPG: raw=429px, scale=1.823x, normalized=235px
  image_07_registered.JPG: raw=1418px, scale=1.842x, normalized=770px
  image_08_registered.JPG: raw=2206px, scale=1.840x, normalized=1198px
  image_09_registered.JPG: raw=2016px, scale=1.852x, normalized=1089px
  image_10_registered.JPG: raw=2446px, scale=1.838x, normalized=1331px
  image_11_registered.JPG: raw=1970px, scale=1.841x, normalized=1070px
Tray 1: image_06_registered.JPG [distance] normalized distance=235px, label=0px²

Tray 2 candidate distances:
  image_02_registered.JPG: raw=1596px, scale=1.826x, normalized=874px
  image_03_registered.JPG: raw=567px, scale=1.849x, normalized=307px
  image_04_registered.JPG: raw=2250px, scale=1.825x, normalized=1233px
  image_05_registered.JPG: raw=2110px, scale=1.833x, normalized=1151px
  image_06_registered.JPG: raw=2370px, scale=1.823x, normalized=1300px
  image_07_registered.JPG: raw=2164px, scale=1.842x, normalized=1175px
  image_08_registered.JPG: raw=1879px, scale=1.840x, normalized=1021px
  image_09_registered.JPG: raw=509px, scale=1.852x, normalized=275px
  image_10_registered.JPG: raw=681px, scale=1.838x, normalized=370px
  image_11_registered.JPG: raw=1113px, scale=1.841x, normalized=604px
Tray 2: image_09_registered.JPG [distance] normalized distance=275px, label=38070px²

Tray 3 candidate distances:
  image_02_registered.JPG: raw=1584px, scale=1.826x, normalized=867px
  image_03_registered.JPG: raw=2182px, scale=1.849x, normalized=1180px
  image_04_registered.JPG: raw=2684px, scale=1.825x, normalized=1471px
  image_05_registered.JPG: raw=1939px, scale=1.833x, normalized=1058px
  image_06_registered.JPG: raw=688px, scale=1.823x, normalized=377px
  image_07_registered.JPG: raw=980px, scale=1.842x, normalized=532px
  image_08_registered.JPG: raw=2024px, scale=1.840x, normalized=1100px
  image_09_registered.JPG: raw=2427px, scale=1.852x, normalized=1310px
  image_10_registered.JPG: raw=3154px, scale=1.838x, normalized=1715px
  image_11_registered.JPG: raw=2901px, scale=1.841x, normalized=1576px
Tray 3: image_06_registered.JPG [distance] normalized distance=377px, label=0px²

Tray 4 candidate distances:
  image_02_registered.JPG: raw=1634px, scale=1.826x, normalized=895px
  image_03_registered.JPG: raw=453px, scale=1.849x, normalized=245px
  image_04_registered.JPG: raw=2708px, scale=1.825x, normalized=1484px
  image_05_registered.JPG: raw=2281px, scale=1.833x, normalized=1244px
  image_06_registered.JPG: raw=1972px, scale=1.823x, normalized=1082px
  image_07_registered.JPG: raw=1240px, scale=1.842x, normalized=673px
  image_08_registered.JPG: raw=888px, scale=1.840x, normalized=483px
  image_09_registered.JPG: raw=606px, scale=1.852x, normalized=327px
  image_10_registered.JPG: raw=1666px, scale=1.838x, normalized=906px
  image_11_registered.JPG: raw=1925px, scale=1.841x, normalized=1046px
Tray 4: image_03_registered.JPG [distance] normalized distance=245px, label=0px²

Tray 5 candidate distances:
  image_02_registered.JPG: raw=2180px, scale=1.826x, normalized=1194px
  image_03_registered.JPG: raw=1478px, scale=1.849x, normalized=799px
  image_04_registered.JPG: raw=3393px, scale=1.825x, normalized=1859px
  image_05_registered.JPG: raw=2820px, scale=1.833x, normalized=1538px
  image_06_registered.JPG: raw=2067px, scale=1.823x, normalized=1134px
  image_07_registered.JPG: raw=767px, scale=1.842x, normalized=416px
  image_08_registered.JPG: raw=336px, scale=1.840x, normalized=183px
  image_09_registered.JPG: raw=1548px, scale=1.852x, normalized=836px
  image_10_registered.JPG: raw=2629px, scale=1.838x, normalized=1430px
  image_11_registered.JPG: raw=2852px, scale=1.841x, normalized=1550px
Tray 5: image_08_registered.JPG [distance] normalized distance=183px, label=0px²

Tray 6 candidate distances:
  image_02_registered.JPG: raw=1587px, scale=1.826x, normalized=869px
  image_03_registered.JPG: raw=1721px, scale=1.849x, normalized=931px
  image_04_registered.JPG: raw=1345px, scale=1.825x, normalized=737px
  image_05_registered.JPG: raw=1681px, scale=1.833x, normalized=917px
  image_06_registered.JPG: raw=2595px, scale=1.823x, normalized=1423px
  image_07_registered.JPG: raw=3067px, scale=1.842x, normalized=1665px
  image_08_registered.JPG: raw=3083px, scale=1.840x, normalized=1675px
  image_09_registered.JPG: raw=1841px, scale=1.852x, normalized=994px
  image_10_registered.JPG: raw=1019px, scale=1.838x, normalized=554px
  image_11_registered.JPG: raw=264px, scale=1.841x, normalized=143px
Tray 6: image_11_registered.JPG [distance] normalized distance=143px, label=31721px²

Tray 7 candidate distances:
  image_02_registered.JPG: raw=438px, scale=1.826x, normalized=240px
  image_03_registered.JPG: raw=1714px, scale=1.849x, normalized=927px
  image_04_registered.JPG: raw=809px, scale=1.825x, normalized=444px
  image_05_registered.JPG: raw=405px, scale=1.833x, normalized=221px
  image_06_registered.JPG: raw=1397px, scale=1.823x, normalized=766px
  image_07_registered.JPG: raw=2258px, scale=1.842x, normalized=1226px
  image_08_registered.JPG: raw=2747px, scale=1.840x, normalized=1493px
  image_09_registered.JPG: raw=2008px, scale=1.852x, normalized=1084px
  image_10_registered.JPG: raw=1935px, scale=1.838x, normalized=1053px
  image_11_registered.JPG: raw=1155px, scale=1.841x, normalized=627px
Tray 7: image_05_registered.JPG [distance] normalized distance=221px, label=31259px²

Tray 8 candidate distances:
  image_02_registered.JPG: raw=2423px, scale=1.826x, normalized=1327px
  image_03_registered.JPG: raw=1620px, scale=1.849x, normalized=876px
  image_04_registered.JPG: raw=2595px, scale=1.825x, normalized=1422px
  image_05_registered.JPG: raw=2768px, scale=1.833x, normalized=1510px
  image_06_registered.JPG: raw=3316px, scale=1.823x, normalized=1818px
  image_07_registered.JPG: raw=3296px, scale=1.842x, normalized=1789px
  image_08_registered.JPG: raw=2854px, scale=1.840x, normalized=1551px
  image_09_registered.JPG: raw=1483px, scale=1.852x, normalized=801px
  image_10_registered.JPG: raw=474px, scale=1.838x, normalized=258px
  image_11_registered.JPG: raw=1265px, scale=1.841x, normalized=687px
Tray 8: image_10_registered.JPG [distance] normalized distance=258px, label=0px²

Tray 9 candidate distances:
  image_02_registered.JPG: raw=1643px, scale=1.826x, normalized=900px
  image_03_registered.JPG: raw=2712px, scale=1.849x, normalized=1466px
  image_04_registered.JPG: raw=405px, scale=1.825x, normalized=222px
  image_05_registered.JPG: raw=1144px, scale=1.833x, normalized=624px
  image_06_registered.JPG: raw=2395px, scale=1.823x, normalized=1314px
  image_07_registered.JPG: raw=3467px, scale=1.842x, normalized=1882px
  image_08_registered.JPG: raw=3899px, scale=1.840x, normalized=2119px
  image_09_registered.JPG: raw=3008px, scale=1.852x, normalized=1624px
  image_10_registered.JPG: raw=2495px, scale=1.838x, normalized=1357px
  image_11_registered.JPG: raw=1577px, scale=1.841x, normalized=857px
Tray 9: image_04_registered.JPG [distance] normalized distance=222px, label=31934px²

Tray 10 candidate distances:
  image_02_registered.JPG: raw=1227px, scale=1.826x, normalized=672px
  image_03_registered.JPG: raw=2233px, scale=1.849x, normalized=1207px
  image_04_registered.JPG: raw=234px, scale=1.825x, normalized=128px
  image_05_registered.JPG: raw=874px, scale=1.833x, normalized=477px
  image_06_registered.JPG: raw=2117px, scale=1.823x, normalized=1161px
  image_07_registered.JPG: raw=3048px, scale=1.842x, normalized=1655px
  image_08_registered.JPG: raw=3431px, scale=1.840x, normalized=1864px
  image_09_registered.JPG: raw=2499px, scale=1.852x, normalized=1350px
  image_10_registered.JPG: raw=2039px, scale=1.838x, normalized=1109px
  image_11_registered.JPG: raw=1101px, scale=1.841x, normalized=598px
Tray 10: image_04_registered.JPG [distance] normalized distance=128px, label=0px²

Tray 11 candidate distances:
  image_02_registered.JPG: raw=1724px, scale=1.826x, normalized=944px
  image_03_registered.JPG: raw=2534px, scale=1.849x, normalized=1370px
  image_04_registered.JPG: raw=636px, scale=1.825x, normalized=349px
  image_05_registered.JPG: raw=1383px, scale=1.833x, normalized=755px
  image_06_registered.JPG: raw=2606px, scale=1.823x, normalized=1429px
  image_07_registered.JPG: raw=3527px, scale=1.842x, normalized=1914px
  image_08_registered.JPG: raw=3815px, scale=1.840x, normalized=2073px
  image_09_registered.JPG: raw=2789px, scale=1.852x, normalized=1506px
  image_10_registered.JPG: raw=2119px, scale=1.838x, normalized=1152px
  image_11_registered.JPG: raw=1219px, scale=1.841x, normalized=662px
Tray 11: image_04_registered.JPG [distance] normalized distance=349px, label=32433px²

Saved best_views.json for drawer_002

==================================================
Processing drawer_003
==================================================
Loaded 38 trays
Found 10 registered images

Best view for each tray:

Tray 1 candidate distances:
  image_02_registered.JPG: raw=902px, scale=1.840x, normalized=490px
  image_03_registered.JPG: raw=757px, scale=1.850x, normalized=409px
  image_04_registered.JPG: raw=2171px, scale=1.826x, normalized=1189px
  image_05_registered.JPG: raw=1095px, scale=1.834x, normalized=597px
  image_06_registered.JPG: raw=1115px, scale=1.825x, normalized=611px
  image_07_registered.JPG: raw=869px, scale=1.836x, normalized=473px
  image_08_registered.JPG: raw=1390px, scale=1.841x, normalized=755px
  image_09_registered.JPG: raw=1056px, scale=1.853x, normalized=570px
  image_10_registered.JPG: raw=1972px, scale=1.846x, normalized=1068px
  image_11_registered.JPG: raw=2213px, scale=1.852x, normalized=1195px
Tray 1: image_03_registered.JPG [distance] normalized distance=409px, label=32493px²

Tray 2 candidate distances:
  image_02_registered.JPG: raw=1974px, scale=1.840x, normalized=1073px
  image_03_registered.JPG: raw=765px, scale=1.850x, normalized=414px
  image_04_registered.JPG: raw=3068px, scale=1.826x, normalized=1680px
  image_05_registered.JPG: raw=2173px, scale=1.834x, normalized=1185px
  image_06_registered.JPG: raw=2293px, scale=1.825x, normalized=1257px
  image_07_registered.JPG: raw=1707px, scale=1.836x, normalized=930px
  image_08_registered.JPG: raw=823px, scale=1.841x, normalized=447px
  image_09_registered.JPG: raw=311px, scale=1.853x, normalized=168px
  image_10_registered.JPG: raw=1684px, scale=1.846x, normalized=912px
  image_11_registered.JPG: raw=2484px, scale=1.852x, normalized=1341px
Tray 2: image_09_registered.JPG [distance] normalized distance=168px, label=25656px²

Tray 3 candidate distances:
  image_02_registered.JPG: raw=2127px, scale=1.840x, normalized=1156px
  image_03_registered.JPG: raw=1386px, scale=1.850x, normalized=749px
  image_04_registered.JPG: raw=3482px, scale=1.826x, normalized=1907px
  image_05_registered.JPG: raw=2177px, scale=1.834x, normalized=1187px
  image_06_registered.JPG: raw=1764px, scale=1.825x, normalized=967px
  image_07_registered.JPG: raw=1053px, scale=1.836x, normalized=573px
  image_08_registered.JPG: raw=340px, scale=1.841x, normalized=185px
  image_09_registered.JPG: raw=1197px, scale=1.853x, normalized=646px
  image_10_registered.JPG: raw=2656px, scale=1.846x, normalized=1439px
  image_11_registered.JPG: raw=3312px, scale=1.852x, normalized=1788px
Tray 3: image_08_registered.JPG [distance] normalized distance=185px, label=29967px²

Tray 4 candidate distances:
  image_02_registered.JPG: raw=1784px, scale=1.840x, normalized=970px
  image_03_registered.JPG: raw=2390px, scale=1.850x, normalized=1292px
  image_04_registered.JPG: raw=2831px, scale=1.826x, normalized=1550px
  image_05_registered.JPG: raw=1507px, scale=1.834x, normalized=822px
  image_06_registered.JPG: raw=718px, scale=1.825x, normalized=394px
  image_07_registered.JPG: raw=1328px, scale=1.836x, normalized=723px
  image_08_registered.JPG: raw=2656px, scale=1.841x, normalized=1442px
  image_09_registered.JPG: raw=2798px, scale=1.853x, normalized=1510px
  image_10_registered.JPG: raw=3649px, scale=1.846x, normalized=1977px
  image_11_registered.JPG: raw=3650px, scale=1.852x, normalized=1971px
Tray 4: image_06_registered.JPG [distance] normalized distance=394px, label=32922px²

Tray 5 candidate distances:
  image_02_registered.JPG: raw=2559px, scale=1.840x, normalized=1391px
  image_03_registered.JPG: raw=1616px, scale=1.850x, normalized=873px
  image_04_registered.JPG: raw=3887px, scale=1.826x, normalized=2129px
  image_05_registered.JPG: raw=2612px, scale=1.834x, normalized=1425px
  image_06_registered.JPG: raw=2407px, scale=1.825x, normalized=1319px
  image_07_registered.JPG: raw=1674px, scale=1.836x, normalized=912px
  image_08_registered.JPG: raw=446px, scale=1.841x, normalized=242px
  image_09_registered.JPG: raw=1279px, scale=1.853x, normalized=690px
  image_10_registered.JPG: raw=2684px, scale=1.846x, normalized=1454px
  image_11_registered.JPG: raw=3504px, scale=1.852x, normalized=1892px
Tray 5: image_08_registered.JPG [distance] normalized distance=242px, label=0px²

Tray 6 candidate distances:
  image_02_registered.JPG: raw=639px, scale=1.840x, normalized=347px
  image_03_registered.JPG: raw=1313px, scale=1.850x, normalized=710px
  image_04_registered.JPG: raw=1897px, scale=1.826x, normalized=1039px
  image_05_registered.JPG: raw=652px, scale=1.834x, normalized=355px
  image_06_registered.JPG: raw=734px, scale=1.825x, normalized=402px
  image_07_registered.JPG: raw=962px, scale=1.836x, normalized=524px
  image_08_registered.JPG: raw=1965px, scale=1.841x, normalized=1067px
  image_09_registered.JPG: raw=1698px, scale=1.853x, normalized=917px
  image_10_registered.JPG: raw=2378px, scale=1.846x, normalized=1288px
  image_11_registered.JPG: raw=2352px, scale=1.852x, normalized=1270px
Tray 6: image_02_registered.JPG [distance] normalized distance=347px, label=36016px²

Tray 7 candidate distances:
  image_02_registered.JPG: raw=1534px, scale=1.840x, normalized=834px
  image_03_registered.JPG: raw=608px, scale=1.850x, normalized=329px
  image_04_registered.JPG: raw=2195px, scale=1.826x, normalized=1202px
  image_05_registered.JPG: raw=1828px, scale=1.834x, normalized=997px
  image_06_registered.JPG: raw=2452px, scale=1.825x, normalized=1344px
  image_07_registered.JPG: raw=2138px, scale=1.836x, normalized=1164px
  image_08_registered.JPG: raw=1831px, scale=1.841x, normalized=995px
  image_09_registered.JPG: raw=850px, scale=1.853x, normalized=459px
  image_10_registered.JPG: raw=683px, scale=1.846x, normalized=370px
  image_11_registered.JPG: raw=1380px, scale=1.852x, normalized=745px
Tray 7: image_03_registered.JPG [distance] normalized distance=329px, label=28911px²

Tray 8 candidate distances:
  image_02_registered.JPG: raw=1649px, scale=1.840x, normalized=896px
  image_03_registered.JPG: raw=2096px, scale=1.850x, normalized=1133px
  image_04_registered.JPG: raw=2832px, scale=1.826x, normalized=1551px
  image_05_registered.JPG: raw=1446px, scale=1.834x, normalized=789px
  image_06_registered.JPG: raw=390px, scale=1.825x, normalized=214px
  image_07_registered.JPG: raw=905px, scale=1.836x, normalized=493px
  image_08_registered.JPG: raw=2233px, scale=1.841x, normalized=1213px
  image_09_registered.JPG: raw=2430px, scale=1.853x, normalized=1312px
  image_10_registered.JPG: raw=3388px, scale=1.846x, normalized=1835px
  image_11_registered.JPG: raw=3485px, scale=1.852x, normalized=1882px
Tray 8: image_06_registered.JPG [distance] normalized distance=214px, label=29305px²

Tray 9 candidate distances:
  image_02_registered.JPG: raw=757px, scale=1.840x, normalized=411px
  image_03_registered.JPG: raw=1697px, scale=1.850x, normalized=917px
  image_04_registered.JPG: raw=1819px, scale=1.826x, normalized=996px
  image_05_registered.JPG: raw=550px, scale=1.834x, normalized=300px
  image_06_registered.JPG: raw=743px, scale=1.825x, normalized=407px
  image_07_registered.JPG: raw=1234px, scale=1.836x, normalized=672px
  image_08_registered.JPG: raw=2371px, scale=1.841x, normalized=1288px
  image_09_registered.JPG: raw=2124px, scale=1.853x, normalized=1147px
  image_10_registered.JPG: raw=2696px, scale=1.846x, normalized=1460px
  image_11_registered.JPG: raw=2534px, scale=1.852x, normalized=1368px
Tray 9: image_05_registered.JPG [distance] normalized distance=300px, label=34777px²

Tray 10 candidate distances:
  image_02_registered.JPG: raw=1645px, scale=1.840x, normalized=894px
  image_03_registered.JPG: raw=1581px, scale=1.850x, normalized=855px
  image_04_registered.JPG: raw=2993px, scale=1.826x, normalized=1639px
  image_05_registered.JPG: raw=1602px, scale=1.834x, normalized=874px
  image_06_registered.JPG: raw=724px, scale=1.825x, normalized=397px
  image_07_registered.JPG: raw=166px, scale=1.836x, normalized=90px
  image_08_registered.JPG: raw=1365px, scale=1.841x, normalized=742px
  image_09_registered.JPG: raw=1728px, scale=1.853x, normalized=932px
  image_10_registered.JPG: raw=2936px, scale=1.846x, normalized=1590px
  image_11_registered.JPG: raw=3268px, scale=1.852x, normalized=1765px
Tray 10: image_07_registered.JPG [distance] normalized distance=90px, label=28340px²

Tray 11 candidate distances:
  image_02_registered.JPG: raw=2126px, scale=1.840x, normalized=1155px
  image_03_registered.JPG: raw=1032px, scale=1.850x, normalized=558px
  image_04_registered.JPG: raw=2798px, scale=1.826x, normalized=1532px
  image_05_registered.JPG: raw=2387px, scale=1.834x, normalized=1302px
  image_06_registered.JPG: raw=2937px, scale=1.825x, normalized=1609px
  image_07_registered.JPG: raw=2495px, scale=1.836x, normalized=1359px
  image_08_registered.JPG: raw=1843px, scale=1.841x, normalized=1001px
  image_09_registered.JPG: raw=949px, scale=1.853x, normalized=512px
  image_10_registered.JPG: raw=829px, scale=1.846x, normalized=449px
  image_11_registered.JPG: raw=1809px, scale=1.852x, normalized=977px
Tray 11: image_10_registered.JPG [distance] normalized distance=449px, label=26072px²

Tray 12 candidate distances:
  image_02_registered.JPG: raw=1201px, scale=1.840x, normalized=653px
  image_03_registered.JPG: raw=2121px, scale=1.850x, normalized=1147px
  image_04_registered.JPG: raw=2088px, scale=1.826x, normalized=1144px
  image_05_registered.JPG: raw=897px, scale=1.834x, normalized=489px
  image_06_registered.JPG: raw=796px, scale=1.825x, normalized=436px
  image_07_registered.JPG: raw=1452px, scale=1.836x, normalized=790px
  image_08_registered.JPG: raw=2712px, scale=1.841x, normalized=1473px
  image_09_registered.JPG: raw=2571px, scale=1.853x, normalized=1388px
  image_10_registered.JPG: raw=3173px, scale=1.846x, normalized=1719px
  image_11_registered.JPG: raw=2981px, scale=1.852x, normalized=1609px
Tray 12: image_06_registered.JPG [distance] normalized distance=436px, label=34765px²

Tray 13 candidate distances:
  image_02_registered.JPG: raw=920px, scale=1.840x, normalized=500px
  image_03_registered.JPG: raw=2143px, scale=1.850x, normalized=1159px
  image_04_registered.JPG: raw=882px, scale=1.826x, normalized=483px
  image_05_registered.JPG: raw=616px, scale=1.834x, normalized=336px
  image_06_registered.JPG: raw=1828px, scale=1.825x, normalized=1002px
  image_07_registered.JPG: raw=2289px, scale=1.836x, normalized=1247px
  image_08_registered.JPG: raw=3218px, scale=1.841x, normalized=1748px
  image_09_registered.JPG: raw=2660px, scale=1.853x, normalized=1435px
  image_10_registered.JPG: raw=2645px, scale=1.846x, normalized=1433px
  image_11_registered.JPG: raw=2054px, scale=1.852x, normalized=1109px
Tray 13: image_05_registered.JPG [distance] normalized distance=336px, label=30464px²

Tray 14 candidate distances:
  image_02_registered.JPG: raw=1827px, scale=1.840x, normalized=993px
  image_03_registered.JPG: raw=1988px, scale=1.850x, normalized=1075px
  image_04_registered.JPG: raw=3126px, scale=1.826x, normalized=1712px
  image_05_registered.JPG: raw=1682px, scale=1.834x, normalized=917px
  image_06_registered.JPG: raw=611px, scale=1.825x, normalized=335px
  image_07_registered.JPG: raw=622px, scale=1.836x, normalized=338px
  image_08_registered.JPG: raw=1849px, scale=1.841x, normalized=1004px
  image_09_registered.JPG: raw=2223px, scale=1.853x, normalized=1200px
  image_10_registered.JPG: raw=3348px, scale=1.846x, normalized=1814px
  image_11_registered.JPG: raw=3602px, scale=1.852x, normalized=1945px
Tray 14: image_06_registered.JPG [distance] normalized distance=335px, label=0px²

Tray 15 candidate distances:
  image_02_registered.JPG: raw=609px, scale=1.840x, normalized=331px
  image_03_registered.JPG: raw=1511px, scale=1.850x, normalized=817px
  image_04_registered.JPG: raw=732px, scale=1.826x, normalized=401px
  image_05_registered.JPG: raw=736px, scale=1.834x, normalized=401px
  image_06_registered.JPG: raw=1985px, scale=1.825x, normalized=1088px
  image_07_registered.JPG: raw=2176px, scale=1.836x, normalized=1185px
  image_08_registered.JPG: raw=2748px, scale=1.841x, normalized=1493px
  image_09_registered.JPG: raw=2006px, scale=1.853x, normalized=1083px
  image_10_registered.JPG: raw=1748px, scale=1.846x, normalized=947px
  image_11_registered.JPG: raw=1212px, scale=1.852x, normalized=654px
Tray 15: image_02_registered.JPG [distance] normalized distance=331px, label=29813px²

Tray 16 candidate distances:
  image_02_registered.JPG: raw=1502px, scale=1.840x, normalized=816px
  image_03_registered.JPG: raw=2409px, scale=1.850x, normalized=1302px
  image_04_registered.JPG: raw=259px, scale=1.826x, normalized=142px
  image_05_registered.JPG: raw=1418px, scale=1.834x, normalized=773px
  image_06_registered.JPG: raw=2737px, scale=1.825x, normalized=1500px
  image_07_registered.JPG: raw=3074px, scale=1.836x, normalized=1674px
  image_08_registered.JPG: raw=3701px, scale=1.841x, normalized=2010px
  image_09_registered.JPG: raw=2897px, scale=1.853x, normalized=1563px
  image_10_registered.JPG: raw=2339px, scale=1.846x, normalized=1267px
  image_11_registered.JPG: raw=1431px, scale=1.852x, normalized=773px
Tray 16: image_04_registered.JPG [distance] normalized distance=142px, label=31179px²

Tray 17 candidate distances:
  image_02_registered.JPG: raw=930px, scale=1.840x, normalized=505px
  image_03_registered.JPG: raw=702px, scale=1.850x, normalized=380px
  image_04_registered.JPG: raw=1603px, scale=1.826x, normalized=878px
  image_05_registered.JPG: raw=1247px, scale=1.834x, normalized=680px
  image_06_registered.JPG: raw=2034px, scale=1.825x, normalized=1115px
  image_07_registered.JPG: raw=1905px, scale=1.836x, normalized=1037px
  image_08_registered.JPG: raw=2031px, scale=1.841x, normalized=1103px
  image_09_registered.JPG: raw=1166px, scale=1.853x, normalized=629px
  image_10_registered.JPG: raw=1052px, scale=1.846x, normalized=570px
  image_11_registered.JPG: raw=1169px, scale=1.852x, normalized=631px
Tray 17: image_03_registered.JPG [distance] normalized distance=380px, label=33104px²

Tray 18 candidate distances:
  image_02_registered.JPG: raw=1353px, scale=1.840x, normalized=735px
  image_03_registered.JPG: raw=1649px, scale=1.850x, normalized=892px
  image_04_registered.JPG: raw=2632px, scale=1.826x, normalized=1441px
  image_05_registered.JPG: raw=1264px, scale=1.834x, normalized=689px
  image_06_registered.JPG: raw=226px, scale=1.825x, normalized=124px
  image_07_registered.JPG: raw=455px, scale=1.836x, normalized=248px
  image_08_registered.JPG: raw=1781px, scale=1.841x, normalized=968px
  image_09_registered.JPG: raw=1921px, scale=1.853x, normalized=1037px
  image_10_registered.JPG: raw=2933px, scale=1.846x, normalized=1589px
  image_11_registered.JPG: raw=3090px, scale=1.852x, normalized=1669px
Tray 18: image_06_registered.JPG [distance] normalized distance=124px, label=28325px²

Tray 19 candidate distances:
  image_02_registered.JPG: raw=95px, scale=1.840x, normalized=52px
  image_03_registered.JPG: raw=1307px, scale=1.850x, normalized=707px
  image_04_registered.JPG: raw=1176px, scale=1.826x, normalized=644px
  image_05_registered.JPG: raw=381px, scale=1.834x, normalized=208px
  image_06_registered.JPG: raw=1473px, scale=1.825x, normalized=807px
  image_07_registered.JPG: raw=1672px, scale=1.836x, normalized=910px
  image_08_registered.JPG: raw=2384px, scale=1.841x, normalized=1295px
  image_09_registered.JPG: raw=1789px, scale=1.853x, normalized=966px
  image_10_registered.JPG: raw=1937px, scale=1.846x, normalized=1049px
  image_11_registered.JPG: raw=1648px, scale=1.852x, normalized=890px
Tray 19: image_02_registered.JPG [distance] normalized distance=52px, label=31681px²

Tray 20 candidate distances:
  image_02_registered.JPG: raw=1582px, scale=1.840x, normalized=860px
  image_03_registered.JPG: raw=1194px, scale=1.850x, normalized=646px
  image_04_registered.JPG: raw=2928px, scale=1.826x, normalized=1603px
  image_05_registered.JPG: raw=1639px, scale=1.834x, normalized=894px
  image_06_registered.JPG: raw=1090px, scale=1.825x, normalized=597px
  image_07_registered.JPG: raw=425px, scale=1.836x, normalized=231px
  image_08_registered.JPG: raw=913px, scale=1.841x, normalized=496px
  image_09_registered.JPG: raw=1235px, scale=1.853x, normalized=667px
  image_10_registered.JPG: raw=2541px, scale=1.846x, normalized=1376px
  image_11_registered.JPG: raw=2976px, scale=1.852x, normalized=1607px
Tray 20: image_07_registered.JPG [distance] normalized distance=231px, label=25157px²

Tray 21 candidate distances:
  image_02_registered.JPG: raw=1534px, scale=1.840x, normalized=834px
  image_03_registered.JPG: raw=656px, scale=1.850x, normalized=355px
  image_04_registered.JPG: raw=2769px, scale=1.826x, normalized=1516px
  image_05_registered.JPG: raw=1709px, scale=1.834x, normalized=932px
  image_06_registered.JPG: raw=1601px, scale=1.825x, normalized=877px
  image_07_registered.JPG: raw=1042px, scale=1.836x, normalized=567px
  image_08_registered.JPG: raw=722px, scale=1.841x, normalized=392px
  image_09_registered.JPG: raw=565px, scale=1.853x, normalized=305px
  image_10_registered.JPG: raw=1953px, scale=1.846x, normalized=1058px
  image_11_registered.JPG: raw=2512px, scale=1.852x, normalized=1357px
Tray 21: image_09_registered.JPG [distance] normalized distance=305px, label=0px²

Tray 22 candidate distances:
  image_02_registered.JPG: raw=924px, scale=1.840x, normalized=502px
  image_03_registered.JPG: raw=2058px, scale=1.850x, normalized=1113px
  image_04_registered.JPG: raw=1591px, scale=1.826x, normalized=871px
  image_05_registered.JPG: raw=560px, scale=1.834x, normalized=305px
  image_06_registered.JPG: raw=1172px, scale=1.825x, normalized=642px
  image_07_registered.JPG: raw=1737px, scale=1.836x, normalized=946px
  image_08_registered.JPG: raw=2870px, scale=1.841x, normalized=1559px
  image_09_registered.JPG: raw=2543px, scale=1.853x, normalized=1373px
  image_10_registered.JPG: raw=2914px, scale=1.846x, normalized=1579px
  image_11_registered.JPG: raw=2570px, scale=1.852x, normalized=1388px
Tray 22: image_05_registered.JPG [distance] normalized distance=305px, label=36097px²

Tray 23 candidate distances:
  image_02_registered.JPG: raw=439px, scale=1.840x, normalized=238px
  image_03_registered.JPG: raw=913px, scale=1.850x, normalized=493px
  image_04_registered.JPG: raw=1413px, scale=1.826x, normalized=774px
  image_05_registered.JPG: raw=778px, scale=1.834x, normalized=424px
  image_06_registered.JPG: raw=1604px, scale=1.825x, normalized=879px
  image_07_registered.JPG: raw=1614px, scale=1.836x, normalized=879px
  image_08_registered.JPG: raw=2079px, scale=1.841x, normalized=1129px
  image_09_registered.JPG: raw=1392px, scale=1.853x, normalized=752px
  image_10_registered.JPG: raw=1561px, scale=1.846x, normalized=845px
  image_11_registered.JPG: raw=1469px, scale=1.852x, normalized=793px
Tray 23: image_02_registered.JPG [distance] normalized distance=238px, label=30357px²

Tray 24 candidate distances:
  image_02_registered.JPG: raw=1217px, scale=1.840x, normalized=661px
  image_03_registered.JPG: raw=1546px, scale=1.850x, normalized=836px
  image_04_registered.JPG: raw=982px, scale=1.826x, normalized=538px
  image_05_registered.JPG: raw=1411px, scale=1.834x, normalized=770px
  image_06_registered.JPG: raw=2576px, scale=1.825x, normalized=1412px
  image_07_registered.JPG: raw=2630px, scale=1.836x, normalized=1432px
  image_08_registered.JPG: raw=2894px, scale=1.841x, normalized=1572px
  image_09_registered.JPG: raw=1986px, scale=1.853x, normalized=1072px
  image_10_registered.JPG: raw=1211px, scale=1.846x, normalized=656px
  image_11_registered.JPG: raw=490px, scale=1.852x, normalized=265px
Tray 24: image_11_registered.JPG [distance] normalized distance=265px, label=30033px²

Tray 25 candidate distances:
  image_02_registered.JPG: raw=1329px, scale=1.840x, normalized=722px
  image_03_registered.JPG: raw=160px, scale=1.850x, normalized=86px
  image_04_registered.JPG: raw=2402px, scale=1.826x, normalized=1315px
  image_05_registered.JPG: raw=1585px, scale=1.834x, normalized=864px
  image_06_registered.JPG: raw=1818px, scale=1.825x, normalized=996px
  image_07_registered.JPG: raw=1405px, scale=1.836x, normalized=765px
  image_08_registered.JPG: raw=1170px, scale=1.841x, normalized=635px
  image_09_registered.JPG: raw=393px, scale=1.853x, normalized=212px
  image_10_registered.JPG: raw=1456px, scale=1.846x, normalized=789px
  image_11_registered.JPG: raw=1995px, scale=1.852x, normalized=1077px
Tray 25: image_03_registered.JPG [distance] normalized distance=86px, label=30835px²

Tray 26 candidate distances:
  image_02_registered.JPG: raw=2053px, scale=1.840x, normalized=1116px
  image_03_registered.JPG: raw=1398px, scale=1.850x, normalized=756px
  image_04_registered.JPG: raw=2286px, scale=1.826x, normalized=1252px
  image_05_registered.JPG: raw=2324px, scale=1.834x, normalized=1267px
  image_06_registered.JPG: raw=3162px, scale=1.825x, normalized=1733px
  image_07_registered.JPG: raw=2897px, scale=1.836x, normalized=1578px
  image_08_registered.JPG: raw=2550px, scale=1.841x, normalized=1385px
  image_09_registered.JPG: raw=1561px, scale=1.853x, normalized=842px
  image_10_registered.JPG: raw=139px, scale=1.846x, normalized=75px
  image_11_registered.JPG: raw=1070px, scale=1.852x, normalized=578px
Tray 26: image_10_registered.JPG [distance] normalized distance=75px, label=25903px²

Tray 27 candidate distances:
  image_02_registered.JPG: raw=1107px, scale=1.840x, normalized=602px
  image_03_registered.JPG: raw=1800px, scale=1.850x, normalized=973px
  image_04_registered.JPG: raw=524px, scale=1.826x, normalized=287px
  image_05_registered.JPG: raw=1198px, scale=1.834x, normalized=653px
  image_06_registered.JPG: raw=2476px, scale=1.825x, normalized=1357px
  image_07_registered.JPG: raw=2656px, scale=1.836x, normalized=1446px
  image_08_registered.JPG: raw=3115px, scale=1.841x, normalized=1692px
  image_09_registered.JPG: raw=2273px, scale=1.853x, normalized=1227px
  image_10_registered.JPG: raw=1669px, scale=1.846x, normalized=904px
  image_11_registered.JPG: raw=869px, scale=1.852x, normalized=469px
Tray 27: image_04_registered.JPG [distance] normalized distance=287px, label=27127px²

Tray 28 candidate distances:
  image_02_registered.JPG: raw=748px, scale=1.840x, normalized=406px
  image_03_registered.JPG: raw=1866px, scale=1.850x, normalized=1009px
  image_04_registered.JPG: raw=541px, scale=1.826x, normalized=296px
  image_05_registered.JPG: raw=650px, scale=1.834x, normalized=355px
  image_06_registered.JPG: raw=1986px, scale=1.825x, normalized=1088px
  image_07_registered.JPG: raw=2310px, scale=1.836x, normalized=1258px
  image_08_registered.JPG: raw=3049px, scale=1.841x, normalized=1656px
  image_09_registered.JPG: raw=2372px, scale=1.853x, normalized=1280px
  image_10_registered.JPG: raw=2173px, scale=1.846x, normalized=1177px
  image_11_registered.JPG: raw=1541px, scale=1.852x, normalized=832px
Tray 28: image_04_registered.JPG [distance] normalized distance=296px, label=26123px²

Tray 29 candidate distances:
  image_02_registered.JPG: raw=1694px, scale=1.840x, normalized=920px
  image_03_registered.JPG: raw=1987px, scale=1.850x, normalized=1074px
  image_04_registered.JPG: raw=1093px, scale=1.826x, normalized=598px
  image_05_registered.JPG: raw=1844px, scale=1.834x, normalized=1006px
  image_06_registered.JPG: raw=3049px, scale=1.825x, normalized=1671px
  image_07_registered.JPG: raw=3125px, scale=1.836x, normalized=1702px
  image_08_registered.JPG: raw=3337px, scale=1.841x, normalized=1813px
  image_09_registered.JPG: raw=2381px, scale=1.853x, normalized=1285px
  image_10_registered.JPG: raw=1352px, scale=1.846x, normalized=732px
  image_11_registered.JPG: raw=340px, scale=1.852x, normalized=184px
Tray 29: image_11_registered.JPG [distance] normalized distance=184px, label=29776px²

Tray 30 candidate distances:
  image_02_registered.JPG: raw=1419px, scale=1.840x, normalized=771px
  image_03_registered.JPG: raw=1370px, scale=1.850x, normalized=741px
  image_04_registered.JPG: raw=1406px, scale=1.826x, normalized=770px
  image_05_registered.JPG: raw=1667px, scale=1.834x, normalized=909px
  image_06_registered.JPG: raw=2709px, scale=1.825x, normalized=1485px
  image_07_registered.JPG: raw=2649px, scale=1.836x, normalized=1443px
  image_08_registered.JPG: raw=2716px, scale=1.841x, normalized=1475px
  image_09_registered.JPG: raw=1756px, scale=1.853x, normalized=948px
  image_10_registered.JPG: raw=785px, scale=1.846x, normalized=425px
  image_11_registered.JPG: raw=404px, scale=1.852x, normalized=218px
Tray 30: image_11_registered.JPG [distance] normalized distance=218px, label=26050px²

Tray 31 candidate distances:
  image_02_registered.JPG: raw=1610px, scale=1.840x, normalized=875px
  image_03_registered.JPG: raw=2176px, scale=1.850x, normalized=1177px
  image_04_registered.JPG: raw=705px, scale=1.826x, normalized=386px
  image_05_registered.JPG: raw=1680px, scale=1.834x, normalized=916px
  image_06_registered.JPG: raw=2959px, scale=1.825x, normalized=1621px
  image_07_registered.JPG: raw=3141px, scale=1.836x, normalized=1710px
  image_08_registered.JPG: raw=3521px, scale=1.841x, normalized=1912px
  image_09_registered.JPG: raw=2612px, scale=1.853x, normalized=1410px
  image_10_registered.JPG: raw=1762px, scale=1.846x, normalized=955px
  image_11_registered.JPG: raw=775px, scale=1.852x, normalized=419px
Tray 31: image_11_registered.JPG [label override] normalized distance=419px, label=30740px²

Tray 32 candidate distances:
  image_02_registered.JPG: raw=443px, scale=1.840x, normalized=241px
  image_03_registered.JPG: raw=1707px, scale=1.850x, normalized=923px
  image_04_registered.JPG: raw=1042px, scale=1.826x, normalized=571px
  image_05_registered.JPG: raw=180px, scale=1.834x, normalized=98px
  image_06_registered.JPG: raw=1498px, scale=1.825x, normalized=821px
  image_07_registered.JPG: raw=1862px, scale=1.836x, normalized=1014px
  image_08_registered.JPG: raw=2739px, scale=1.841x, normalized=1488px
  image_09_registered.JPG: raw=2201px, scale=1.853x, normalized=1188px
  image_10_registered.JPG: raw=2317px, scale=1.846x, normalized=1255px
  image_11_registered.JPG: raw=1888px, scale=1.852x, normalized=1019px
Tray 32: image_05_registered.JPG [distance] normalized distance=98px, label=30336px²

Tray 33 candidate distances:
  image_02_registered.JPG: raw=2376px, scale=1.840x, normalized=1291px
  image_03_registered.JPG: raw=1583px, scale=1.850x, normalized=856px
  image_04_registered.JPG: raw=2677px, scale=1.826x, normalized=1466px
  image_05_registered.JPG: raw=2639px, scale=1.834x, normalized=1439px
  image_06_registered.JPG: raw=3419px, scale=1.825x, normalized=1873px
  image_07_registered.JPG: raw=3078px, scale=1.836x, normalized=1676px
  image_08_registered.JPG: raw=2572px, scale=1.841x, normalized=1397px
  image_09_registered.JPG: raw=1623px, scale=1.853x, normalized=876px
  image_10_registered.JPG: raw=512px, scale=1.846x, normalized=277px
  image_11_registered.JPG: raw=1441px, scale=1.852x, normalized=778px
Tray 33: image_10_registered.JPG [distance] normalized distance=277px, label=23593px²

Tray 34 candidate distances:
  image_02_registered.JPG: raw=2649px, scale=1.840x, normalized=1440px
  image_03_registered.JPG: raw=2035px, scale=1.850x, normalized=1100px
  image_04_registered.JPG: raw=2710px, scale=1.826x, normalized=1484px
  image_05_registered.JPG: raw=2900px, scale=1.834x, normalized=1581px
  image_06_registered.JPG: raw=3784px, scale=1.825x, normalized=2074px
  image_07_registered.JPG: raw=3499px, scale=1.836x, normalized=1906px
  image_08_registered.JPG: raw=3062px, scale=1.841x, normalized=1663px
  image_09_registered.JPG: raw=2091px, scale=1.853x, normalized=1128px
  image_10_registered.JPG: raw=788px, scale=1.846x, normalized=427px
  image_11_registered.JPG: raw=1383px, scale=1.852x, normalized=747px
Tray 34: image_10_registered.JPG [distance] normalized distance=427px, label=22317px²

Tray 35 candidate distances:
  image_02_registered.JPG: raw=2358px, scale=1.840x, normalized=1281px
  image_03_registered.JPG: raw=1887px, scale=1.850x, normalized=1020px
  image_04_registered.JPG: raw=2318px, scale=1.826x, normalized=1269px
  image_05_registered.JPG: raw=2607px, scale=1.834x, normalized=1421px
  image_06_registered.JPG: raw=3552px, scale=1.825x, normalized=1946px
  image_07_registered.JPG: raw=3342px, scale=1.836x, normalized=1820px
  image_08_registered.JPG: raw=3046px, scale=1.841x, normalized=1654px
  image_09_registered.JPG: raw=2045px, scale=1.853x, normalized=1104px
  image_10_registered.JPG: raw=612px, scale=1.846x, normalized=331px
  image_11_registered.JPG: raw=986px, scale=1.852x, normalized=533px
Tray 35: image_10_registered.JPG [distance] normalized distance=331px, label=31832px²

Tray 36 candidate distances:
  image_02_registered.JPG: raw=1844px, scale=1.840x, normalized=1002px
  image_03_registered.JPG: raw=1857px, scale=1.850x, normalized=1004px
  image_04_registered.JPG: raw=1483px, scale=1.826x, normalized=812px
  image_05_registered.JPG: raw=2048px, scale=1.834x, normalized=1117px
  image_06_registered.JPG: raw=3165px, scale=1.825x, normalized=1735px
  image_07_registered.JPG: raw=3141px, scale=1.836x, normalized=1710px
  image_08_registered.JPG: raw=3186px, scale=1.841x, normalized=1730px
  image_09_registered.JPG: raw=2196px, scale=1.853x, normalized=1185px
  image_10_registered.JPG: raw=984px, scale=1.846x, normalized=533px
  image_11_registered.JPG: raw=169px, scale=1.852x, normalized=91px
Tray 36: image_11_registered.JPG [distance] normalized distance=91px, label=24836px²

Tray 37 candidate distances:
  image_02_registered.JPG: raw=1981px, scale=1.840x, normalized=1076px
  image_03_registered.JPG: raw=1633px, scale=1.850x, normalized=883px
  image_04_registered.JPG: raw=3367px, scale=1.826x, normalized=1844px
  image_05_registered.JPG: raw=1952px, scale=1.834x, normalized=1064px
  image_06_registered.JPG: raw=1216px, scale=1.825x, normalized=667px
  image_07_registered.JPG: raw=566px, scale=1.836x, normalized=308px
  image_08_registered.JPG: raw=1025px, scale=1.841x, normalized=557px
  image_09_registered.JPG: raw=1651px, scale=1.853x, normalized=891px
  image_10_registered.JPG: raw=3000px, scale=1.846x, normalized=1625px
  image_11_registered.JPG: raw=3487px, scale=1.852x, normalized=1883px
Tray 37: image_07_registered.JPG [distance] normalized distance=308px, label=24600px²

Tray 38 candidate distances:
  image_02_registered.JPG: raw=2084px, scale=1.840x, normalized=1132px
  image_03_registered.JPG: raw=1826px, scale=1.850x, normalized=987px
  image_04_registered.JPG: raw=1906px, scale=1.826x, normalized=1044px
  image_05_registered.JPG: raw=2319px, scale=1.834x, normalized=1265px
  image_06_registered.JPG: raw=3344px, scale=1.825x, normalized=1833px
  image_07_registered.JPG: raw=3222px, scale=1.836x, normalized=1755px
  image_08_registered.JPG: raw=3090px, scale=1.841x, normalized=1678px
  image_09_registered.JPG: raw=2082px, scale=1.853x, normalized=1124px
  image_10_registered.JPG: raw=692px, scale=1.846x, normalized=375px
  image_11_registered.JPG: raw=569px, scale=1.852x, normalized=307px
Tray 38: image_11_registered.JPG [distance] normalized distance=307px, label=21055px²

Saved best_views.json for drawer_003

==================================================
Processing drawer_004
==================================================
Loaded 33 trays
Found 10 registered images

Best view for each tray:

Tray 1 candidate distances:
  image_02_registered.JPG: raw=1039px, scale=1.707x, normalized=609px
  image_03_registered.JPG: raw=1928px, scale=1.719x, normalized=1122px
  image_04_registered.JPG: raw=1393px, scale=1.700x, normalized=819px
  image_05_registered.JPG: raw=631px, scale=1.715x, normalized=368px
  image_06_registered.JPG: raw=1034px, scale=1.689x, normalized=612px
  image_07_registered.JPG: raw=1710px, scale=1.705x, normalized=1003px
  image_08_registered.JPG: raw=2813px, scale=1.710x, normalized=1645px
  image_09_registered.JPG: raw=2615px, scale=1.719x, normalized=1521px
  image_10_registered.JPG: raw=2980px, scale=1.713x, normalized=1740px
  image_11_registered.JPG: raw=2485px, scale=1.707x, normalized=1456px
Tray 1: image_05_registered.JPG [distance] normalized distance=368px, label=24022px²

Tray 2 candidate distances:
  image_02_registered.JPG: raw=726px, scale=1.707x, normalized=425px
  image_03_registered.JPG: raw=1736px, scale=1.719x, normalized=1010px
  image_04_registered.JPG: raw=478px, scale=1.700x, normalized=281px
  image_05_registered.JPG: raw=718px, scale=1.715x, normalized=419px
  image_06_registered.JPG: raw=1854px, scale=1.689x, normalized=1098px
  image_07_registered.JPG: raw=2121px, scale=1.705x, normalized=1244px
  image_08_registered.JPG: raw=2961px, scale=1.710x, normalized=1732px
  image_09_registered.JPG: raw=2387px, scale=1.719x, normalized=1388px
  image_10_registered.JPG: raw=2435px, scale=1.713x, normalized=1422px
  image_11_registered.JPG: raw=1779px, scale=1.707x, normalized=1042px
Tray 2: image_04_registered.JPG [distance] normalized distance=281px, label=23982px²

Tray 3 candidate distances:
  image_02_registered.JPG: raw=1888px, scale=1.707x, normalized=1106px
  image_03_registered.JPG: raw=835px, scale=1.719x, normalized=486px
  image_04_registered.JPG: raw=2476px, scale=1.700x, normalized=1456px
  image_05_registered.JPG: raw=2117px, scale=1.715x, normalized=1234px
  image_06_registered.JPG: raw=2280px, scale=1.689x, normalized=1350px
  image_07_registered.JPG: raw=1228px, scale=1.705x, normalized=720px
  image_08_registered.JPG: raw=587px, scale=1.710x, normalized=343px
  image_09_registered.JPG: raw=489px, scale=1.719x, normalized=284px
  image_10_registered.JPG: raw=1651px, scale=1.713x, normalized=964px
  image_11_registered.JPG: raw=1858px, scale=1.707x, normalized=1088px
Tray 3: image_09_registered.JPG [distance] normalized distance=284px, label=24063px²

Tray 4 candidate distances:
  image_02_registered.JPG: raw=749px, scale=1.707x, normalized=439px
  image_03_registered.JPG: raw=1563px, scale=1.719x, normalized=910px
  image_04_registered.JPG: raw=1306px, scale=1.700x, normalized=768px
  image_05_registered.JPG: raw=339px, scale=1.715x, normalized=197px
  image_06_registered.JPG: raw=937px, scale=1.689x, normalized=555px
  image_07_registered.JPG: raw=1354px, scale=1.705x, normalized=794px
  image_08_registered.JPG: raw=2430px, scale=1.710x, normalized=1421px
  image_09_registered.JPG: raw=2248px, scale=1.719x, normalized=1307px
  image_10_registered.JPG: raw=2667px, scale=1.713x, normalized=1557px
  image_11_registered.JPG: raw=2198px, scale=1.707x, normalized=1288px
Tray 4: image_05_registered.JPG [distance] normalized distance=197px, label=26252px²

Tray 5 candidate distances:
  image_02_registered.JPG: raw=1569px, scale=1.707x, normalized=919px
  image_03_registered.JPG: raw=1780px, scale=1.719x, normalized=1035px
  image_04_registered.JPG: raw=2267px, scale=1.700x, normalized=1334px
  image_05_registered.JPG: raw=1290px, scale=1.715x, normalized=752px
  image_06_registered.JPG: raw=313px, scale=1.689x, normalized=185px
  image_07_registered.JPG: raw=838px, scale=1.705x, normalized=492px
  image_08_registered.JPG: raw=2009px, scale=1.710x, normalized=1175px
  image_09_registered.JPG: raw=2328px, scale=1.719x, normalized=1354px
  image_10_registered.JPG: raw=3062px, scale=1.713x, normalized=1788px
  image_11_registered.JPG: raw=2846px, scale=1.707x, normalized=1667px
Tray 5: image_06_registered.JPG [distance] normalized distance=185px, label=21781px²

Tray 6 candidate distances:
  image_02_registered.JPG: raw=1155px, scale=1.707x, normalized=677px
  image_03_registered.JPG: raw=543px, scale=1.719x, normalized=316px
  image_04_registered.JPG: raw=1864px, scale=1.700x, normalized=1096px
  image_05_registered.JPG: raw=1313px, scale=1.715x, normalized=766px
  image_06_registered.JPG: raw=1607px, scale=1.689x, normalized=952px
  image_07_registered.JPG: raw=699px, scale=1.705x, normalized=410px
  image_08_registered.JPG: raw=1111px, scale=1.710x, normalized=650px
  image_09_registered.JPG: raw=983px, scale=1.719x, normalized=572px
  image_10_registered.JPG: raw=1815px, scale=1.713x, normalized=1060px
  image_11_registered.JPG: raw=1690px, scale=1.707x, normalized=990px
Tray 6: image_03_registered.JPG [distance] normalized distance=316px, label=22704px²

Tray 7 candidate distances:
  image_02_registered.JPG: raw=619px, scale=1.707x, normalized=363px
  image_03_registered.JPG: raw=1225px, scale=1.719x, normalized=713px
  image_04_registered.JPG: raw=1351px, scale=1.700x, normalized=795px
  image_05_registered.JPG: raw=393px, scale=1.715x, normalized=229px
  image_06_registered.JPG: raw=977px, scale=1.689x, normalized=579px
  image_07_registered.JPG: raw=1029px, scale=1.705x, normalized=603px
  image_08_registered.JPG: raw=2057px, scale=1.710x, normalized=1203px
  image_09_registered.JPG: raw=1896px, scale=1.719x, normalized=1103px
  image_10_registered.JPG: raw=2393px, scale=1.713x, normalized=1397px
  image_11_registered.JPG: raw=1978px, scale=1.707x, normalized=1159px
Tray 7: image_05_registered.JPG [distance] normalized distance=229px, label=24814px²

Tray 8 candidate distances:
  image_02_registered.JPG: raw=1303px, scale=1.707x, normalized=763px
  image_03_registered.JPG: raw=1878px, scale=1.719x, normalized=1092px
  image_04_registered.JPG: raw=579px, scale=1.700x, normalized=340px
  image_05_registered.JPG: raw=1574px, scale=1.715x, normalized=918px
  image_06_registered.JPG: raw=2739px, scale=1.689x, normalized=1622px
  image_07_registered.JPG: raw=2757px, scale=1.705x, normalized=1617px
  image_08_registered.JPG: raw=3244px, scale=1.710x, normalized=1898px
  image_09_registered.JPG: raw=2327px, scale=1.719x, normalized=1354px
  image_10_registered.JPG: raw=1954px, scale=1.713x, normalized=1141px
  image_11_registered.JPG: raw=1231px, scale=1.707x, normalized=721px
Tray 8: image_04_registered.JPG [distance] normalized distance=340px, label=33090px²

Tray 9 candidate distances:
  image_02_registered.JPG: raw=2527px, scale=1.707x, normalized=1480px
  image_03_registered.JPG: raw=1624px, scale=1.719x, normalized=945px
  image_04_registered.JPG: raw=3189px, scale=1.700x, normalized=1876px
  image_05_registered.JPG: raw=2622px, scale=1.715x, normalized=1529px
  image_06_registered.JPG: raw=2272px, scale=1.689x, normalized=1345px
  image_07_registered.JPG: raw=1243px, scale=1.705x, normalized=729px
  image_08_registered.JPG: raw=384px, scale=1.710x, normalized=224px
  image_09_registered.JPG: raw=1423px, scale=1.719x, normalized=828px
  image_10_registered.JPG: raw=2544px, scale=1.713x, normalized=1486px
  image_11_registered.JPG: raw=2800px, scale=1.707x, normalized=1640px
Tray 9: image_08_registered.JPG [distance] normalized distance=224px, label=0px²

Tray 10 candidate distances:
  image_02_registered.JPG: raw=1608px, scale=1.707x, normalized=942px
  image_03_registered.JPG: raw=2011px, scale=1.719x, normalized=1170px
  image_04_registered.JPG: raw=2229px, scale=1.700x, normalized=1311px
  image_05_registered.JPG: raw=1255px, scale=1.715x, normalized=732px
  image_06_registered.JPG: raw=74px, scale=1.689x, normalized=44px
  image_07_registered.JPG: raw=1205px, scale=1.705x, normalized=707px
  image_08_registered.JPG: raw=2386px, scale=1.710x, normalized=1395px
  image_09_registered.JPG: raw=2622px, scale=1.719x, normalized=1525px
  image_10_registered.JPG: raw=3268px, scale=1.713x, normalized=1908px
  image_11_registered.JPG: raw=2996px, scale=1.707x, normalized=1755px
Tray 10: image_06_registered.JPG [distance] normalized distance=44px, label=26989px²

Tray 11 candidate distances:
  image_02_registered.JPG: raw=1955px, scale=1.707x, normalized=1145px
  image_03_registered.JPG: raw=1405px, scale=1.719x, normalized=817px
  image_04_registered.JPG: raw=2692px, scale=1.700x, normalized=1583px
  image_05_registered.JPG: raw=1941px, scale=1.715x, normalized=1132px
  image_06_registered.JPG: raw=1502px, scale=1.689x, normalized=889px
  image_07_registered.JPG: raw=505px, scale=1.705x, normalized=296px
  image_08_registered.JPG: raw=852px, scale=1.710x, normalized=498px
  image_09_registered.JPG: raw=1563px, scale=1.719x, normalized=909px
  image_10_registered.JPG: raw=2595px, scale=1.713x, normalized=1515px
  image_11_registered.JPG: raw=2639px, scale=1.707x, normalized=1546px
Tray 11: image_07_registered.JPG [distance] normalized distance=296px, label=22735px²

Tray 12 candidate distances:
  image_02_registered.JPG: raw=2016px, scale=1.707x, normalized=1181px
  image_03_registered.JPG: raw=951px, scale=1.719x, normalized=553px
  image_04_registered.JPG: raw=2335px, scale=1.700x, normalized=1374px
  image_05_registered.JPG: raw=2387px, scale=1.715x, normalized=1392px
  image_06_registered.JPG: raw=2904px, scale=1.689x, normalized=1720px
  image_07_registered.JPG: raw=2033px, scale=1.705x, normalized=1192px
  image_08_registered.JPG: raw=1489px, scale=1.710x, normalized=871px
  image_09_registered.JPG: raw=427px, scale=1.719x, normalized=248px
  image_10_registered.JPG: raw=787px, scale=1.713x, normalized=459px
  image_11_registered.JPG: raw=1243px, scale=1.707x, normalized=728px
Tray 12: image_09_registered.JPG [distance] normalized distance=248px, label=23428px²

Tray 13 candidate distances:
  image_02_registered.JPG: raw=2357px, scale=1.707x, normalized=1380px
  image_03_registered.JPG: raw=1600px, scale=1.719x, normalized=931px
  image_04_registered.JPG: raw=2363px, scale=1.700x, normalized=1390px
  image_05_registered.JPG: raw=2787px, scale=1.715x, normalized=1625px
  image_06_registered.JPG: raw=3507px, scale=1.689x, normalized=2077px
  image_07_registered.JPG: raw=2849px, scale=1.705x, normalized=1671px
  image_08_registered.JPG: raw=2409px, scale=1.710x, normalized=1409px
  image_09_registered.JPG: raw=1282px, scale=1.719x, normalized=746px
  image_10_registered.JPG: raw=323px, scale=1.713x, normalized=189px
  image_11_registered.JPG: raw=1012px, scale=1.707x, normalized=593px
Tray 13: image_10_registered.JPG [distance] normalized distance=189px, label=21637px²

Tray 14 candidate distances:
  image_02_registered.JPG: raw=1609px, scale=1.707x, normalized=943px
  image_03_registered.JPG: raw=1575px, scale=1.719x, normalized=916px
  image_04_registered.JPG: raw=2354px, scale=1.700x, normalized=1385px
  image_05_registered.JPG: raw=1426px, scale=1.715x, normalized=832px
  image_06_registered.JPG: raw=715px, scale=1.689x, normalized=423px
  image_07_registered.JPG: raw=479px, scale=1.705x, normalized=281px
  image_08_registered.JPG: raw=1613px, scale=1.710x, normalized=943px
  image_09_registered.JPG: raw=2030px, scale=1.719x, normalized=1181px
  image_10_registered.JPG: raw=2864px, scale=1.713x, normalized=1672px
  image_11_registered.JPG: raw=2719px, scale=1.707x, normalized=1593px
Tray 14: image_07_registered.JPG [distance] normalized distance=281px, label=27031px²

Tray 15 candidate distances:
  image_02_registered.JPG: raw=1624px, scale=1.707x, normalized=951px
  image_03_registered.JPG: raw=620px, scale=1.719x, normalized=361px
  image_04_registered.JPG: raw=1955px, scale=1.700x, normalized=1150px
  image_05_registered.JPG: raw=2001px, scale=1.715x, normalized=1167px
  image_06_registered.JPG: raw=2633px, scale=1.689x, normalized=1559px
  image_07_registered.JPG: raw=1826px, scale=1.705x, normalized=1071px
  image_08_registered.JPG: raw=1539px, scale=1.710x, normalized=900px
  image_09_registered.JPG: raw=492px, scale=1.719x, normalized=286px
  image_10_registered.JPG: raw=753px, scale=1.713x, normalized=440px
  image_11_registered.JPG: raw=956px, scale=1.707x, normalized=560px
Tray 15: image_09_registered.JPG [distance] normalized distance=286px, label=24727px²

Tray 16 candidate distances:
  image_02_registered.JPG: raw=1607px, scale=1.707x, normalized=941px
  image_03_registered.JPG: raw=1340px, scale=1.719x, normalized=780px
  image_04_registered.JPG: raw=1428px, scale=1.700x, normalized=840px
  image_05_registered.JPG: raw=2031px, scale=1.715x, normalized=1184px
  image_06_registered.JPG: raw=3017px, scale=1.689x, normalized=1787px
  image_07_registered.JPG: raw=2585px, scale=1.705x, normalized=1516px
  image_08_registered.JPG: raw=2605px, scale=1.710x, normalized=1524px
  image_09_registered.JPG: raw=1524px, scale=1.719x, normalized=886px
  image_10_registered.JPG: raw=762px, scale=1.713x, normalized=445px
  image_11_registered.JPG: raw=214px, scale=1.707x, normalized=125px
Tray 16: image_11_registered.JPG [distance] normalized distance=125px, label=26646px²

Tray 17 candidate distances:
  image_02_registered.JPG: raw=1178px, scale=1.707x, normalized=690px
  image_03_registered.JPG: raw=170px, scale=1.719x, normalized=99px
  image_04_registered.JPG: raw=1636px, scale=1.700x, normalized=962px
  image_05_registered.JPG: raw=1528px, scale=1.715x, normalized=891px
  image_06_registered.JPG: raw=2199px, scale=1.689x, normalized=1302px
  image_07_registered.JPG: raw=1440px, scale=1.705x, normalized=845px
  image_08_registered.JPG: raw=1474px, scale=1.710x, normalized=862px
  image_09_registered.JPG: raw=682px, scale=1.719x, normalized=397px
  image_10_registered.JPG: raw=1118px, scale=1.713x, normalized=653px
  image_11_registered.JPG: raw=998px, scale=1.707x, normalized=585px
Tray 17: image_03_registered.JPG [distance] normalized distance=99px, label=0px²

Tray 18 candidate distances:
  image_02_registered.JPG: raw=2389px, scale=1.707x, normalized=1399px
  image_03_registered.JPG: raw=1670px, scale=1.719x, normalized=971px
  image_04_registered.JPG: raw=3095px, scale=1.700x, normalized=1821px
  image_05_registered.JPG: raw=2405px, scale=1.715x, normalized=1402px
  image_06_registered.JPG: raw=1900px, scale=1.689x, normalized=1125px
  image_07_registered.JPG: raw=957px, scale=1.705x, normalized=561px
  image_08_registered.JPG: raw=711px, scale=1.710x, normalized=416px
  image_09_registered.JPG: raw=1669px, scale=1.719x, normalized=971px
  image_10_registered.JPG: raw=2752px, scale=1.713x, normalized=1607px
  image_11_registered.JPG: raw=2917px, scale=1.707x, normalized=1709px
Tray 18: image_08_registered.JPG [distance] normalized distance=416px, label=0px²

Tray 19 candidate distances:
  image_02_registered.JPG: raw=964px, scale=1.707x, normalized=565px
  image_03_registered.JPG: raw=699px, scale=1.719x, normalized=406px
  image_04_registered.JPG: raw=1131px, scale=1.700x, normalized=665px
  image_05_registered.JPG: raw=1386px, scale=1.715x, normalized=808px
  image_06_registered.JPG: raw=2350px, scale=1.689x, normalized=1392px
  image_07_registered.JPG: raw=1861px, scale=1.705x, normalized=1091px
  image_08_registered.JPG: raw=2086px, scale=1.710x, normalized=1220px
  image_09_registered.JPG: raw=1206px, scale=1.719x, normalized=702px
  image_10_registered.JPG: raw=1060px, scale=1.713x, normalized=619px
  image_11_registered.JPG: raw=526px, scale=1.707x, normalized=308px
Tray 19: image_11_registered.JPG [distance] normalized distance=308px, label=23429px²

Tray 20 candidate distances:
  image_02_registered.JPG: raw=1532px, scale=1.707x, normalized=897px
  image_03_registered.JPG: raw=1231px, scale=1.719x, normalized=716px
  image_04_registered.JPG: raw=2293px, scale=1.700x, normalized=1349px
  image_05_registered.JPG: raw=1476px, scale=1.715x, normalized=861px
  image_06_registered.JPG: raw=1135px, scale=1.689x, normalized=672px
  image_07_registered.JPG: raw=52px, scale=1.705x, normalized=31px
  image_08_registered.JPG: raw=1174px, scale=1.710x, normalized=687px
  image_09_registered.JPG: raw=1585px, scale=1.719x, normalized=922px
  image_10_registered.JPG: raw=2501px, scale=1.713x, normalized=1460px
  image_11_registered.JPG: raw=2409px, scale=1.707x, normalized=1411px
Tray 20: image_07_registered.JPG [distance] normalized distance=31px, label=24810px²

Tray 21 candidate distances:
  image_02_registered.JPG: raw=2053px, scale=1.707x, normalized=1202px
  image_03_registered.JPG: raw=1257px, scale=1.719x, normalized=731px
  image_04_registered.JPG: raw=2748px, scale=1.700x, normalized=1616px
  image_05_registered.JPG: raw=2137px, scale=1.715x, normalized=1246px
  image_06_registered.JPG: raw=1901px, scale=1.689x, normalized=1126px
  image_07_registered.JPG: raw=816px, scale=1.705x, normalized=479px
  image_08_registered.JPG: raw=392px, scale=1.710x, normalized=229px
  image_09_registered.JPG: raw=1203px, scale=1.719x, normalized=700px
  image_10_registered.JPG: raw=2315px, scale=1.713x, normalized=1352px
  image_11_registered.JPG: raw=2453px, scale=1.707x, normalized=1437px
Tray 21: image_08_registered.JPG [distance] normalized distance=229px, label=24206px²

Tray 22 candidate distances:
  image_02_registered.JPG: raw=781px, scale=1.707x, normalized=457px
  image_03_registered.JPG: raw=346px, scale=1.719x, normalized=202px
  image_04_registered.JPG: raw=1281px, scale=1.700x, normalized=754px
  image_05_registered.JPG: raw=1145px, scale=1.715x, normalized=668px
  image_06_registered.JPG: raw=1965px, scale=1.689x, normalized=1163px
  image_07_registered.JPG: raw=1377px, scale=1.705x, normalized=808px
  image_08_registered.JPG: raw=1714px, scale=1.710x, normalized=1003px
  image_09_registered.JPG: raw=1050px, scale=1.719x, normalized=611px
  image_10_registered.JPG: raw=1346px, scale=1.713x, normalized=786px
  image_11_registered.JPG: raw=991px, scale=1.707x, normalized=581px
Tray 22: image_03_registered.JPG [distance] normalized distance=202px, label=26408px²

Tray 23 candidate distances:
  image_02_registered.JPG: raw=1880px, scale=1.707x, normalized=1101px
  image_03_registered.JPG: raw=1184px, scale=1.719x, normalized=689px
  image_04_registered.JPG: raw=1926px, scale=1.700x, normalized=1133px
  image_05_registered.JPG: raw=2306px, scale=1.715x, normalized=1345px
  image_06_registered.JPG: raw=3105px, scale=1.689x, normalized=1839px
  image_07_registered.JPG: raw=2465px, scale=1.705x, normalized=1446px
  image_08_registered.JPG: raw=2208px, scale=1.710x, normalized=1291px
  image_09_registered.JPG: raw=1091px, scale=1.719x, normalized=635px
  image_10_registered.JPG: raw=156px, scale=1.713x, normalized=91px
  image_11_registered.JPG: raw=598px, scale=1.707x, normalized=350px
Tray 23: image_10_registered.JPG [distance] normalized distance=91px, label=0px²

Tray 24 candidate distances:
  image_02_registered.JPG: raw=2191px, scale=1.707x, normalized=1284px
  image_03_registered.JPG: raw=1647px, scale=1.719x, normalized=958px
  image_04_registered.JPG: raw=2072px, scale=1.700x, normalized=1219px
  image_05_registered.JPG: raw=2624px, scale=1.715x, normalized=1530px
  image_06_registered.JPG: raw=3469px, scale=1.689x, normalized=2054px
  image_07_registered.JPG: raw=2929px, scale=1.705x, normalized=1718px
  image_08_registered.JPG: raw=2659px, scale=1.710x, normalized=1555px
  image_09_registered.JPG: raw=1505px, scale=1.719x, normalized=875px
  image_10_registered.JPG: raw=442px, scale=1.713x, normalized=258px
  image_11_registered.JPG: raw=752px, scale=1.707x, normalized=440px
Tray 24: image_10_registered.JPG [distance] normalized distance=258px, label=23593px²

Tray 25 candidate distances:
  image_02_registered.JPG: raw=679px, scale=1.707x, normalized=398px
  image_03_registered.JPG: raw=953px, scale=1.719x, normalized=554px
  image_04_registered.JPG: raw=725px, scale=1.700x, normalized=426px
  image_05_registered.JPG: raw=1095px, scale=1.715x, normalized=639px
  image_06_registered.JPG: raw=2194px, scale=1.689x, normalized=1299px
  image_07_registered.JPG: raw=1900px, scale=1.705x, normalized=1114px
  image_08_registered.JPG: raw=2339px, scale=1.710x, normalized=1368px
  image_09_registered.JPG: raw=1549px, scale=1.719x, normalized=901px
  image_10_registered.JPG: raw=1429px, scale=1.713x, normalized=835px
  image_11_registered.JPG: raw=774px, scale=1.707x, normalized=454px
Tray 25: image_02_registered.JPG [distance] normalized distance=398px, label=22803px²

Tray 26 candidate distances:
  image_02_registered.JPG: raw=374px, scale=1.707x, normalized=219px
  image_03_registered.JPG: raw=732px, scale=1.719x, normalized=426px
  image_04_registered.JPG: raw=934px, scale=1.700x, normalized=550px
  image_05_registered.JPG: raw=772px, scale=1.715x, normalized=450px
  image_06_registered.JPG: raw=1779px, scale=1.689x, normalized=1054px
  image_07_registered.JPG: raw=1438px, scale=1.705x, normalized=843px
  image_08_registered.JPG: raw=2022px, scale=1.710x, normalized=1183px
  image_09_registered.JPG: raw=1437px, scale=1.719x, normalized=836px
  image_10_registered.JPG: raw=1645px, scale=1.713x, normalized=960px
  image_11_registered.JPG: raw=1134px, scale=1.707x, normalized=664px
Tray 26: image_02_registered.JPG [distance] normalized distance=219px, label=24597px²

Tray 27 candidate distances:
  image_02_registered.JPG: raw=927px, scale=1.707x, normalized=543px
  image_03_registered.JPG: raw=1039px, scale=1.719x, normalized=605px
  image_04_registered.JPG: raw=1705px, scale=1.700x, normalized=1003px
  image_05_registered.JPG: raw=851px, scale=1.715x, normalized=496px
  image_06_registered.JPG: raw=992px, scale=1.689x, normalized=587px
  image_07_registered.JPG: raw=569px, scale=1.705x, normalized=334px
  image_08_registered.JPG: raw=1609px, scale=1.710x, normalized=941px
  image_09_registered.JPG: raw=1620px, scale=1.719x, normalized=942px
  image_10_registered.JPG: raw=2308px, scale=1.713x, normalized=1347px
  image_11_registered.JPG: raw=2029px, scale=1.707x, normalized=1189px
Tray 27: image_07_registered.JPG [distance] normalized distance=334px, label=25977px²

Tray 28 candidate distances:
  image_02_registered.JPG: raw=1307px, scale=1.707x, normalized=765px
  image_03_registered.JPG: raw=630px, scale=1.719x, normalized=366px
  image_04_registered.JPG: raw=1521px, scale=1.700x, normalized=895px
  image_05_registered.JPG: raw=1718px, scale=1.715x, normalized=1002px
  image_06_registered.JPG: raw=2548px, scale=1.689x, normalized=1509px
  image_07_registered.JPG: raw=1908px, scale=1.705x, normalized=1119px
  image_08_registered.JPG: raw=1892px, scale=1.710x, normalized=1107px
  image_09_registered.JPG: raw=909px, scale=1.719x, normalized=529px
  image_10_registered.JPG: raw=741px, scale=1.713x, normalized=433px
  image_11_registered.JPG: raw=538px, scale=1.707x, normalized=315px
Tray 28: image_11_registered.JPG [distance] normalized distance=315px, label=22605px²

Tray 29 candidate distances:
  image_02_registered.JPG: raw=516px, scale=1.707x, normalized=302px
  image_03_registered.JPG: raw=779px, scale=1.719x, normalized=453px
  image_04_registered.JPG: raw=1293px, scale=1.700x, normalized=761px
  image_05_registered.JPG: raw=650px, scale=1.715x, normalized=379px
  image_06_registered.JPG: raw=1360px, scale=1.689x, normalized=805px
  image_07_registered.JPG: raw=977px, scale=1.705x, normalized=573px
  image_08_registered.JPG: raw=1766px, scale=1.710x, normalized=1033px
  image_09_registered.JPG: raw=1465px, scale=1.719x, normalized=852px
  image_10_registered.JPG: raw=1958px, scale=1.713x, normalized=1143px
  image_11_registered.JPG: raw=1575px, scale=1.707x, normalized=923px
Tray 29: image_02_registered.JPG [distance] normalized distance=302px, label=24240px²

Tray 30 candidate distances:
  image_02_registered.JPG: raw=1978px, scale=1.707x, normalized=1159px
  image_03_registered.JPG: raw=2437px, scale=1.719x, normalized=1418px
  image_04_registered.JPG: raw=2510px, scale=1.700x, normalized=1476px
  image_05_registered.JPG: raw=1588px, scale=1.715x, normalized=926px
  image_06_registered.JPG: raw=551px, scale=1.689x, normalized=326px
  image_07_registered.JPG: raw=1664px, scale=1.705x, normalized=976px
  image_08_registered.JPG: raw=2831px, scale=1.710x, normalized=1656px
  image_09_registered.JPG: raw=3087px, scale=1.719x, normalized=1796px
  image_10_registered.JPG: raw=3683px, scale=1.713x, normalized=2150px
  image_11_registered.JPG: raw=3426px, scale=1.707x, normalized=2007px
Tray 30: image_06_registered.JPG [distance] normalized distance=326px, label=25307px²

Tray 31 candidate distances:
  image_02_registered.JPG: raw=1577px, scale=1.707x, normalized=924px
  image_03_registered.JPG: raw=2195px, scale=1.719x, normalized=1277px
  image_04_registered.JPG: raw=2073px, scale=1.700x, normalized=1219px
  image_05_registered.JPG: raw=1170px, scale=1.715x, normalized=682px
  image_06_registered.JPG: raw=525px, scale=1.689x, normalized=311px
  image_07_registered.JPG: raw=1584px, scale=1.705x, normalized=929px
  image_08_registered.JPG: raw=2769px, scale=1.710x, normalized=1620px
  image_09_registered.JPG: raw=2860px, scale=1.719x, normalized=1663px
  image_10_registered.JPG: raw=3391px, scale=1.713x, normalized=1980px
  image_11_registered.JPG: raw=3040px, scale=1.707x, normalized=1781px
Tray 31: image_06_registered.JPG [distance] normalized distance=311px, label=28512px²

Tray 32 candidate distances:
  image_02_registered.JPG: raw=575px, scale=1.707x, normalized=337px
  image_03_registered.JPG: raw=1275px, scale=1.719x, normalized=742px
  image_04_registered.JPG: raw=340px, scale=1.700x, normalized=200px
  image_05_registered.JPG: raw=907px, scale=1.715x, normalized=529px
  image_06_registered.JPG: raw=2096px, scale=1.689x, normalized=1241px
  image_07_registered.JPG: raw=2015px, scale=1.705x, normalized=1182px
  image_08_registered.JPG: raw=2620px, scale=1.710x, normalized=1532px
  image_09_registered.JPG: raw=1896px, scale=1.719x, normalized=1103px
  image_10_registered.JPG: raw=1807px, scale=1.713x, normalized=1055px
  image_11_registered.JPG: raw=1120px, scale=1.707x, normalized=656px
Tray 32: image_04_registered.JPG [distance] normalized distance=200px, label=23074px²

Tray 33 candidate distances:
  image_02_registered.JPG: raw=106px, scale=1.707x, normalized=62px
  image_03_registered.JPG: raw=1112px, scale=1.719x, normalized=647px
  image_04_registered.JPG: raw=689px, scale=1.700x, normalized=405px
  image_05_registered.JPG: raw=471px, scale=1.715x, normalized=275px
  image_06_registered.JPG: raw=1651px, scale=1.689x, normalized=977px
  image_07_registered.JPG: raw=1580px, scale=1.705x, normalized=927px
  image_08_registered.JPG: raw=2336px, scale=1.710x, normalized=1366px
  image_09_registered.JPG: raw=1808px, scale=1.719x, normalized=1052px
  image_10_registered.JPG: raw=1978px, scale=1.713x, normalized=1155px
  image_11_registered.JPG: raw=1397px, scale=1.707x, normalized=819px
Tray 33: image_02_registered.JPG [distance] normalized distance=62px, label=26699px²

Saved best_views.json for drawer_004

==================================================
Processing drawer_005
==================================================
Loaded 30 trays
Found 10 registered images

Best view for each tray:

Tray 1 candidate distances:
  image_02_registered.JPG: raw=1591px, scale=1.779x, normalized=894px
  image_03_registered.JPG: raw=2081px, scale=1.797x, normalized=1158px
  image_04_registered.JPG: raw=2637px, scale=1.773x, normalized=1487px
  image_05_registered.JPG: raw=1443px, scale=1.783x, normalized=809px
  image_06_registered.JPG: raw=369px, scale=1.771x, normalized=209px
  image_07_registered.JPG: raw=1020px, scale=1.782x, normalized=573px
  image_08_registered.JPG: raw=2043px, scale=1.784x, normalized=1145px
  image_09_registered.JPG: raw=2436px, scale=1.801x, normalized=1353px
  image_10_registered.JPG: raw=3147px, scale=1.795x, normalized=1754px
  image_11_registered.JPG: raw=2806px, scale=1.784x, normalized=1572px
Tray 1: image_06_registered.JPG [distance] normalized distance=209px, label=28439px²

Tray 2 candidate distances:
  image_02_registered.JPG: raw=746px, scale=1.779x, normalized=419px
  image_03_registered.JPG: raw=1949px, scale=1.797x, normalized=1084px
  image_04_registered.JPG: raw=688px, scale=1.773x, normalized=388px
  image_05_registered.JPG: raw=558px, scale=1.783x, normalized=313px
  image_06_registered.JPG: raw=1621px, scale=1.771x, normalized=916px
  image_07_registered.JPG: raw=2392px, scale=1.782x, normalized=1343px
  image_08_registered.JPG: raw=2789px, scale=1.784x, normalized=1563px
  image_09_registered.JPG: raw=2492px, scale=1.801x, normalized=1384px
  image_10_registered.JPG: raw=2479px, scale=1.795x, normalized=1382px
  image_11_registered.JPG: raw=1230px, scale=1.784x, normalized=689px
Tray 2: image_05_registered.JPG [distance] normalized distance=313px, label=27015px²

Tray 3 candidate distances:
  image_02_registered.JPG: raw=333px, scale=1.779x, normalized=187px
  image_03_registered.JPG: raw=1326px, scale=1.797x, normalized=738px
  image_04_registered.JPG: raw=920px, scale=1.773x, normalized=519px
  image_05_registered.JPG: raw=793px, scale=1.783x, normalized=445px
  image_06_registered.JPG: raw=1668px, scale=1.771x, normalized=942px
  image_07_registered.JPG: raw=2097px, scale=1.782x, normalized=1177px
  image_08_registered.JPG: raw=2274px, scale=1.784x, normalized=1275px
  image_09_registered.JPG: raw=1891px, scale=1.801x, normalized=1050px
  image_10_registered.JPG: raw=1870px, scale=1.795x, normalized=1042px
  image_11_registered.JPG: raw=883px, scale=1.784x, normalized=495px
Tray 3: image_02_registered.JPG [distance] normalized distance=187px, label=0px²

Tray 4 candidate distances:
  image_02_registered.JPG: raw=1778px, scale=1.779x, normalized=999px
  image_03_registered.JPG: raw=1543px, scale=1.797x, normalized=858px
  image_04_registered.JPG: raw=3007px, scale=1.773x, normalized=1696px
  image_05_registered.JPG: raw=2029px, scale=1.783x, normalized=1138px
  image_06_registered.JPG: raw=1307px, scale=1.771x, normalized=738px
  image_07_registered.JPG: raw=52px, scale=1.782x, normalized=29px
  image_08_registered.JPG: raw=1043px, scale=1.784x, normalized=585px
  image_09_registered.JPG: raw=1666px, scale=1.801x, normalized=925px
  image_10_registered.JPG: raw=2647px, scale=1.795x, normalized=1475px
  image_11_registered.JPG: raw=2822px, scale=1.784x, normalized=1582px
Tray 4: image_07_registered.JPG [distance] normalized distance=29px, label=0px²

Tray 5 candidate distances:
  image_02_registered.JPG: raw=625px, scale=1.779x, normalized=351px
  image_03_registered.JPG: raw=1339px, scale=1.797x, normalized=745px
  image_04_registered.JPG: raw=1750px, scale=1.773x, normalized=987px
  image_05_registered.JPG: raw=677px, scale=1.783x, normalized=380px
  image_06_registered.JPG: raw=778px, scale=1.771x, normalized=439px
  image_07_registered.JPG: raw=1281px, scale=1.782x, normalized=719px
  image_08_registered.JPG: raw=1837px, scale=1.784x, normalized=1030px
  image_09_registered.JPG: raw=1853px, scale=1.801x, normalized=1029px
  image_10_registered.JPG: raw=2344px, scale=1.795x, normalized=1306px
  image_11_registered.JPG: raw=1822px, scale=1.784x, normalized=1021px
Tray 5: image_02_registered.JPG [distance] normalized distance=351px, label=0px²

Tray 6 candidate distances:
  image_02_registered.JPG: raw=2255px, scale=1.779x, normalized=1268px
  image_03_registered.JPG: raw=1568px, scale=1.797x, normalized=872px
  image_04_registered.JPG: raw=3479px, scale=1.773x, normalized=1963px
  image_05_registered.JPG: raw=2716px, scale=1.783x, normalized=1523px
  image_06_registered.JPG: raw=2114px, scale=1.771x, normalized=1194px
  image_07_registered.JPG: raw=884px, scale=1.782x, normalized=496px
  image_08_registered.JPG: raw=546px, scale=1.784x, normalized=306px
  image_09_registered.JPG: raw=1382px, scale=1.801x, normalized=767px
  image_10_registered.JPG: raw=2489px, scale=1.795x, normalized=1387px
  image_11_registered.JPG: raw=3066px, scale=1.784x, normalized=1718px
Tray 6: image_08_registered.JPG [distance] normalized distance=306px, label=0px²

Tray 7 candidate distances:
  image_02_registered.JPG: raw=1007px, scale=1.779x, normalized=566px
  image_03_registered.JPG: raw=628px, scale=1.797x, normalized=350px
  image_04_registered.JPG: raw=2203px, scale=1.773x, normalized=1243px
  image_05_registered.JPG: raw=1475px, scale=1.783x, normalized=827px
  image_06_registered.JPG: raw=1408px, scale=1.771x, normalized=795px
  image_07_registered.JPG: raw=970px, scale=1.782x, normalized=544px
  image_08_registered.JPG: raw=1029px, scale=1.784x, normalized=577px
  image_09_registered.JPG: raw=1035px, scale=1.801x, normalized=575px
  image_10_registered.JPG: raw=1802px, scale=1.795x, normalized=1004px
  image_11_registered.JPG: raw=1893px, scale=1.784x, normalized=1061px
Tray 7: image_03_registered.JPG [distance] normalized distance=350px, label=30611px²

Tray 8 candidate distances:
  image_02_registered.JPG: raw=1050px, scale=1.779x, normalized=590px
  image_03_registered.JPG: raw=512px, scale=1.797x, normalized=285px
  image_04_registered.JPG: raw=1801px, scale=1.773x, normalized=1016px
  image_05_registered.JPG: raw=1727px, scale=1.783x, normalized=969px
  image_06_registered.JPG: raw=2168px, scale=1.771x, normalized=1225px
  image_07_registered.JPG: raw=1959px, scale=1.782x, normalized=1099px
  image_08_registered.JPG: raw=1605px, scale=1.784x, normalized=900px
  image_09_registered.JPG: raw=963px, scale=1.801x, normalized=535px
  image_10_registered.JPG: raw=932px, scale=1.795x, normalized=519px
  image_11_registered.JPG: raw=1151px, scale=1.784x, normalized=645px
Tray 8: image_03_registered.JPG [distance] normalized distance=285px, label=31217px²

Tray 9 candidate distances:
  image_02_registered.JPG: raw=1359px, scale=1.779x, normalized=764px
  image_03_registered.JPG: raw=500px, scale=1.797x, normalized=278px
  image_04_registered.JPG: raw=2502px, scale=1.773x, normalized=1411px
  image_05_registered.JPG: raw=1906px, scale=1.783x, normalized=1069px
  image_06_registered.JPG: raw=1796px, scale=1.771x, normalized=1014px
  image_07_registered.JPG: raw=1075px, scale=1.782x, normalized=603px
  image_08_registered.JPG: raw=675px, scale=1.784x, normalized=378px
  image_09_registered.JPG: raw=649px, scale=1.801x, normalized=360px
  image_10_registered.JPG: raw=1617px, scale=1.795x, normalized=901px
  image_11_registered.JPG: raw=2047px, scale=1.784x, normalized=1147px
Tray 9: image_03_registered.JPG [distance] normalized distance=278px, label=0px²

Tray 10 candidate distances:
  image_02_registered.JPG: raw=1635px, scale=1.779x, normalized=919px
  image_03_registered.JPG: raw=1709px, scale=1.797x, normalized=951px
  image_04_registered.JPG: raw=2823px, scale=1.773x, normalized=1593px
  image_05_registered.JPG: raw=1737px, scale=1.783x, normalized=974px
  image_06_registered.JPG: raw=891px, scale=1.771x, normalized=503px
  image_07_registered.JPG: raw=395px, scale=1.782x, normalized=222px
  image_08_registered.JPG: raw=1442px, scale=1.784x, normalized=808px
  image_09_registered.JPG: raw=1954px, scale=1.801x, normalized=1085px
  image_10_registered.JPG: raw=2826px, scale=1.795x, normalized=1575px
  image_11_registered.JPG: raw=2779px, scale=1.784x, normalized=1557px
Tray 10: image_07_registered.JPG [distance] normalized distance=222px, label=29925px²

Tray 11 candidate distances:
  image_02_registered.JPG: raw=777px, scale=1.779x, normalized=437px
  image_03_registered.JPG: raw=1748px, scale=1.797x, normalized=973px
  image_04_registered.JPG: raw=1651px, scale=1.773x, normalized=931px
  image_05_registered.JPG: raw=423px, scale=1.783x, normalized=237px
  image_06_registered.JPG: raw=667px, scale=1.771x, normalized=377px
  image_07_registered.JPG: raw=1576px, scale=1.782x, normalized=885px
  image_08_registered.JPG: raw=2246px, scale=1.784x, normalized=1259px
  image_09_registered.JPG: raw=2264px, scale=1.801x, normalized=1258px
  image_10_registered.JPG: raw=2669px, scale=1.795x, normalized=1487px
  image_11_registered.JPG: raw=1930px, scale=1.784x, normalized=1082px
Tray 11: image_05_registered.JPG [distance] normalized distance=237px, label=25831px²

Tray 12 candidate distances:
  image_02_registered.JPG: raw=1990px, scale=1.779x, normalized=1119px
  image_03_registered.JPG: raw=1501px, scale=1.797x, normalized=835px
  image_04_registered.JPG: raw=3226px, scale=1.773x, normalized=1820px
  image_05_registered.JPG: raw=2355px, scale=1.783x, normalized=1320px
  image_06_registered.JPG: raw=1706px, scale=1.771x, normalized=963px
  image_07_registered.JPG: raw=460px, scale=1.782x, normalized=258px
  image_08_registered.JPG: raw=724px, scale=1.784x, normalized=406px
  image_09_registered.JPG: raw=1475px, scale=1.801x, normalized=819px
  image_10_registered.JPG: raw=2540px, scale=1.795x, normalized=1415px
  image_11_registered.JPG: raw=2922px, scale=1.784x, normalized=1637px
Tray 12: image_07_registered.JPG [distance] normalized distance=258px, label=26555px²

Tray 13 candidate distances:
  image_02_registered.JPG: raw=1660px, scale=1.779x, normalized=933px
  image_03_registered.JPG: raw=675px, scale=1.797x, normalized=376px
  image_04_registered.JPG: raw=2404px, scale=1.773x, normalized=1356px
  image_05_registered.JPG: raw=2361px, scale=1.783x, normalized=1324px
  image_06_registered.JPG: raw=2618px, scale=1.771x, normalized=1479px
  image_07_registered.JPG: raw=2127px, scale=1.782x, normalized=1194px
  image_08_registered.JPG: raw=1428px, scale=1.784x, normalized=800px
  image_09_registered.JPG: raw=598px, scale=1.801x, normalized=332px
  image_10_registered.JPG: raw=594px, scale=1.795x, normalized=331px
  image_11_registered.JPG: raw=1633px, scale=1.784x, normalized=915px
Tray 13: image_10_registered.JPG [distance] normalized distance=331px, label=0px²

Tray 14 candidate distances:
  image_02_registered.JPG: raw=2078px, scale=1.779x, normalized=1168px
  image_03_registered.JPG: raw=1526px, scale=1.797x, normalized=849px
  image_04_registered.JPG: raw=2304px, scale=1.773x, normalized=1300px
  image_05_registered.JPG: raw=2747px, scale=1.783x, normalized=1541px
  image_06_registered.JPG: raw=3250px, scale=1.771x, normalized=1836px
  image_07_registered.JPG: raw=3023px, scale=1.782x, normalized=1697px
  image_08_registered.JPG: raw=2379px, scale=1.784x, normalized=1334px
  image_09_registered.JPG: raw=1532px, scale=1.801x, normalized=851px
  image_10_registered.JPG: raw=400px, scale=1.795x, normalized=223px
  image_11_registered.JPG: raw=1384px, scale=1.784x, normalized=775px
Tray 14: image_10_registered.JPG [distance] normalized distance=223px, label=26673px²

Tray 15 candidate distances:
  image_02_registered.JPG: raw=1777px, scale=1.779x, normalized=999px
  image_03_registered.JPG: raw=1466px, scale=1.797x, normalized=816px
  image_04_registered.JPG: raw=1892px, scale=1.773x, normalized=1068px
  image_05_registered.JPG: raw=2404px, scale=1.783x, normalized=1348px
  image_06_registered.JPG: raw=3022px, scale=1.771x, normalized=1707px
  image_07_registered.JPG: raw=2934px, scale=1.782x, normalized=1647px
  image_08_registered.JPG: raw=2441px, scale=1.784x, normalized=1369px
  image_09_registered.JPG: raw=1630px, scale=1.801x, normalized=905px
  image_10_registered.JPG: raw=653px, scale=1.795x, normalized=364px
  image_11_registered.JPG: raw=986px, scale=1.784x, normalized=553px
Tray 15: image_10_registered.JPG [distance] normalized distance=364px, label=0px²

Tray 16 candidate distances:
  image_02_registered.JPG: raw=1789px, scale=1.779x, normalized=1006px
  image_03_registered.JPG: raw=2581px, scale=1.797x, normalized=1436px
  image_04_registered.JPG: raw=2610px, scale=1.773x, normalized=1472px
  image_05_registered.JPG: raw=1429px, scale=1.783x, normalized=801px
  image_06_registered.JPG: raw=552px, scale=1.771x, normalized=312px
  image_07_registered.JPG: raw=1639px, scale=1.782x, normalized=920px
  image_08_registered.JPG: raw=2665px, scale=1.784x, normalized=1494px
  image_09_registered.JPG: raw=2984px, scale=1.801x, normalized=1657px
  image_10_registered.JPG: raw=3558px, scale=1.795x, normalized=1983px
  image_11_registered.JPG: raw=2985px, scale=1.784x, normalized=1673px
Tray 16: image_06_registered.JPG [distance] normalized distance=312px, label=31484px²

Tray 17 candidate distances:
  image_02_registered.JPG: raw=2544px, scale=1.779x, normalized=1430px
  image_03_registered.JPG: raw=1722px, scale=1.797x, normalized=958px
  image_04_registered.JPG: raw=3745px, scale=1.773x, normalized=2113px
  image_05_registered.JPG: raw=3085px, scale=1.783x, normalized=1730px
  image_06_registered.JPG: raw=2509px, scale=1.771x, normalized=1417px
  image_07_registered.JPG: raw=1299px, scale=1.782x, normalized=729px
  image_08_registered.JPG: raw=642px, scale=1.784x, normalized=360px
  image_09_registered.JPG: raw=1405px, scale=1.801x, normalized=780px
  image_10_registered.JPG: raw=2496px, scale=1.795x, normalized=1391px
  image_11_registered.JPG: raw=3238px, scale=1.784x, normalized=1814px
Tray 17: image_08_registered.JPG [distance] normalized distance=360px, label=25042px²

Tray 18 candidate distances:
  image_02_registered.JPG: raw=490px, scale=1.779x, normalized=275px
  image_03_registered.JPG: raw=941px, scale=1.797x, normalized=524px
  image_04_registered.JPG: raw=1241px, scale=1.773x, normalized=700px
  image_05_registered.JPG: raw=1128px, scale=1.783x, normalized=632px
  image_06_registered.JPG: raw=1809px, scale=1.771x, normalized=1022px
  image_07_registered.JPG: raw=1975px, scale=1.782x, normalized=1109px
  image_08_registered.JPG: raw=1967px, scale=1.784x, normalized=1103px
  image_09_registered.JPG: raw=1506px, scale=1.801x, normalized=837px
  image_10_registered.JPG: raw=1486px, scale=1.795x, normalized=828px
  image_11_registered.JPG: raw=868px, scale=1.784x, normalized=487px
Tray 18: image_02_registered.JPG [distance] normalized distance=275px, label=26497px²

Tray 19 candidate distances:
  image_02_registered.JPG: raw=1339px, scale=1.779x, normalized=753px
  image_03_registered.JPG: raw=1800px, scale=1.797x, normalized=1002px
  image_04_registered.JPG: raw=898px, scale=1.773x, normalized=507px
  image_05_registered.JPG: raw=1745px, scale=1.783x, normalized=979px
  image_06_registered.JPG: raw=2644px, scale=1.771x, normalized=1494px
  image_07_registered.JPG: raw=2964px, scale=1.782x, normalized=1664px
  image_08_registered.JPG: raw=2856px, scale=1.784x, normalized=1601px
  image_09_registered.JPG: raw=2201px, scale=1.801x, normalized=1223px
  image_10_registered.JPG: raw=1611px, scale=1.795x, normalized=898px
  image_11_registered.JPG: raw=142px, scale=1.784x, normalized=79px
Tray 19: image_11_registered.JPG [distance] normalized distance=79px, label=26941px²

Tray 20 candidate distances:
  image_02_registered.JPG: raw=1071px, scale=1.779x, normalized=602px
  image_03_registered.JPG: raw=2160px, scale=1.797x, normalized=1202px
  image_04_registered.JPG: raw=1660px, scale=1.773x, normalized=936px
  image_05_registered.JPG: raw=510px, scale=1.783x, normalized=286px
  image_06_registered.JPG: raw=787px, scale=1.771x, normalized=445px
  image_07_registered.JPG: raw=1899px, scale=1.782x, normalized=1066px
  image_08_registered.JPG: raw=2648px, scale=1.784x, normalized=1484px
  image_09_registered.JPG: raw=2668px, scale=1.801x, normalized=1482px
  image_10_registered.JPG: raw=3010px, scale=1.795x, normalized=1677px
  image_11_registered.JPG: raw=2119px, scale=1.784x, normalized=1188px
Tray 20: image_05_registered.JPG [distance] normalized distance=286px, label=29069px²

Tray 21 candidate distances:
  image_02_registered.JPG: raw=2408px, scale=1.779x, normalized=1354px
  image_03_registered.JPG: raw=1691px, scale=1.797x, normalized=941px
  image_04_registered.JPG: raw=2705px, scale=1.773x, normalized=1526px
  image_05_registered.JPG: raw=3109px, scale=1.783x, normalized=1743px
  image_06_registered.JPG: raw=3506px, scale=1.771x, normalized=1980px
  image_07_registered.JPG: raw=3169px, scale=1.782x, normalized=1778px
  image_08_registered.JPG: raw=2394px, scale=1.784x, normalized=1342px
  image_09_registered.JPG: raw=1547px, scale=1.801x, normalized=859px
  image_10_registered.JPG: raw=502px, scale=1.795x, normalized=280px
  image_11_registered.JPG: raw=1767px, scale=1.784x, normalized=990px
Tray 21: image_10_registered.JPG [distance] normalized distance=280px, label=24192px²

Tray 22 candidate distances:
  image_02_registered.JPG: raw=1584px, scale=1.779x, normalized=890px
  image_03_registered.JPG: raw=2572px, scale=1.797x, normalized=1431px
  image_04_registered.JPG: raw=383px, scale=1.773x, normalized=216px
  image_05_registered.JPG: raw=1559px, scale=1.783x, normalized=874px
  image_06_registered.JPG: raw=2595px, scale=1.771x, normalized=1466px
  image_07_registered.JPG: raw=3297px, scale=1.782x, normalized=1851px
  image_08_registered.JPG: raw=3523px, scale=1.784x, normalized=1975px
  image_09_registered.JPG: raw=3014px, scale=1.801x, normalized=1674px
  image_10_registered.JPG: raw=2645px, scale=1.795x, normalized=1474px
  image_11_registered.JPG: raw=1090px, scale=1.784x, normalized=611px
Tray 22: image_04_registered.JPG [distance] normalized distance=216px, label=25965px²

Tray 23 candidate distances:
  image_02_registered.JPG: raw=1666px, scale=1.779x, normalized=937px
  image_03_registered.JPG: raw=542px, scale=1.797x, normalized=302px
  image_04_registered.JPG: raw=2695px, scale=1.773x, normalized=1520px
  image_05_registered.JPG: raw=2304px, scale=1.783x, normalized=1292px
  image_06_registered.JPG: raw=2268px, scale=1.771x, normalized=1281px
  image_07_registered.JPG: raw=1503px, scale=1.782x, normalized=844px
  image_08_registered.JPG: raw=714px, scale=1.784x, normalized=400px
  image_09_registered.JPG: raw=169px, scale=1.801x, normalized=94px
  image_10_registered.JPG: raw=1298px, scale=1.795x, normalized=723px
  image_11_registered.JPG: raw=2082px, scale=1.784x, normalized=1167px
Tray 23: image_09_registered.JPG [distance] normalized distance=94px, label=25596px²

Tray 24 candidate distances:
  image_02_registered.JPG: raw=954px, scale=1.779x, normalized=536px
  image_03_registered.JPG: raw=1118px, scale=1.797x, normalized=622px
  image_04_registered.JPG: raw=2165px, scale=1.773x, normalized=1221px
  image_05_registered.JPG: raw=1185px, scale=1.783x, normalized=664px
  image_06_registered.JPG: raw=909px, scale=1.771x, normalized=514px
  image_07_registered.JPG: raw=822px, scale=1.782x, normalized=461px
  image_08_registered.JPG: raw=1368px, scale=1.784x, normalized=767px
  image_09_registered.JPG: raw=1534px, scale=1.801x, normalized=852px
  image_10_registered.JPG: raw=2246px, scale=1.795x, normalized=1252px
  image_11_registered.JPG: raw=2066px, scale=1.784x, normalized=1158px
Tray 24: image_07_registered.JPG [distance] normalized distance=461px, label=0px²

Tray 25 candidate distances:
  image_02_registered.JPG: raw=1825px, scale=1.779x, normalized=1026px
  image_03_registered.JPG: raw=878px, scale=1.797x, normalized=488px
  image_04_registered.JPG: raw=2967px, scale=1.773x, normalized=1674px
  image_05_registered.JPG: raw=2389px, scale=1.783x, normalized=1340px
  image_06_registered.JPG: raw=2122px, scale=1.771x, normalized=1199px
  image_07_registered.JPG: raw=1140px, scale=1.782x, normalized=640px
  image_08_registered.JPG: raw=232px, scale=1.784x, normalized=130px
  image_09_registered.JPG: raw=623px, scale=1.801x, normalized=346px
  image_10_registered.JPG: raw=1770px, scale=1.795x, normalized=986px
  image_11_registered.JPG: raw=2446px, scale=1.784x, normalized=1371px
Tray 25: image_08_registered.JPG [distance] normalized distance=130px, label=25872px²

Tray 26 candidate distances:
  image_02_registered.JPG: raw=2183px, scale=1.779x, normalized=1227px
  image_03_registered.JPG: raw=1149px, scale=1.797x, normalized=639px
  image_04_registered.JPG: raw=3286px, scale=1.773x, normalized=1854px
  image_05_registered.JPG: raw=2802px, scale=1.783x, normalized=1571px
  image_06_registered.JPG: raw=2512px, scale=1.771x, normalized=1419px
  image_07_registered.JPG: raw=1478px, scale=1.782x, normalized=830px
  image_08_registered.JPG: raw=403px, scale=1.784x, normalized=226px
  image_09_registered.JPG: raw=684px, scale=1.801x, normalized=380px
  image_10_registered.JPG: raw=1795px, scale=1.795x, normalized=1000px
  image_11_registered.JPG: raw=2676px, scale=1.784x, normalized=1500px
Tray 26: image_08_registered.JPG [distance] normalized distance=226px, label=0px²

Tray 27 candidate distances:
  image_02_registered.JPG: raw=2050px, scale=1.779x, normalized=1153px
  image_03_registered.JPG: raw=916px, scale=1.797x, normalized=510px
  image_04_registered.JPG: raw=3041px, scale=1.773x, normalized=1715px
  image_05_registered.JPG: raw=2723px, scale=1.783x, normalized=1527px
  image_06_registered.JPG: raw=2629px, scale=1.771x, normalized=1485px
  image_07_registered.JPG: raw=1768px, scale=1.782x, normalized=992px
  image_08_registered.JPG: raw=778px, scale=1.784x, normalized=436px
  image_09_registered.JPG: raw=316px, scale=1.801x, normalized=175px
  image_10_registered.JPG: raw=1334px, scale=1.795x, normalized=744px
  image_11_registered.JPG: raw=2349px, scale=1.784x, normalized=1316px
Tray 27: image_09_registered.JPG [distance] normalized distance=175px, label=24379px²

Tray 28 candidate distances:
  image_02_registered.JPG: raw=537px, scale=1.779x, normalized=302px
  image_03_registered.JPG: raw=857px, scale=1.797x, normalized=477px
  image_04_registered.JPG: raw=1749px, scale=1.773x, normalized=987px
  image_05_registered.JPG: raw=984px, scale=1.783x, normalized=552px
  image_06_registered.JPG: raw=1210px, scale=1.771x, normalized=683px
  image_07_registered.JPG: raw=1275px, scale=1.782x, normalized=716px
  image_08_registered.JPG: raw=1526px, scale=1.784x, normalized=856px
  image_09_registered.JPG: raw=1405px, scale=1.801x, normalized=780px
  image_10_registered.JPG: raw=1891px, scale=1.795x, normalized=1054px
  image_11_registered.JPG: raw=1583px, scale=1.784x, normalized=887px
Tray 28: image_02_registered.JPG [distance] normalized distance=302px, label=25920px²

Tray 29 candidate distances:
  image_02_registered.JPG: raw=2028px, scale=1.779x, normalized=1140px
  image_03_registered.JPG: raw=916px, scale=1.797x, normalized=510px
  image_04_registered.JPG: raw=2858px, scale=1.773x, normalized=1612px
  image_05_registered.JPG: raw=2739px, scale=1.783x, normalized=1536px
  image_06_registered.JPG: raw=2823px, scale=1.771x, normalized=1595px
  image_07_registered.JPG: raw=2135px, scale=1.782x, normalized=1198px
  image_08_registered.JPG: raw=1233px, scale=1.784x, normalized=691px
  image_09_registered.JPG: raw=453px, scale=1.801x, normalized=252px
  image_10_registered.JPG: raw=880px, scale=1.795x, normalized=490px
  image_11_registered.JPG: raw=2077px, scale=1.784x, normalized=1164px
Tray 29: image_09_registered.JPG [distance] normalized distance=252px, label=22947px²

Tray 30 candidate distances:
  image_02_registered.JPG: raw=2103px, scale=1.779x, normalized=1182px
  image_03_registered.JPG: raw=1136px, scale=1.797x, normalized=632px
  image_04_registered.JPG: raw=2732px, scale=1.773x, normalized=1541px
  image_05_registered.JPG: raw=2827px, scale=1.783x, normalized=1585px
  image_06_registered.JPG: raw=3064px, scale=1.771x, normalized=1730px
  image_07_registered.JPG: raw=2532px, scale=1.782x, normalized=1421px
  image_08_registered.JPG: raw=1697px, scale=1.784x, normalized=951px
  image_09_registered.JPG: raw=870px, scale=1.801x, normalized=483px
  image_10_registered.JPG: raw=461px, scale=1.795x, normalized=257px
  image_11_registered.JPG: raw=1871px, scale=1.784x, normalized=1048px
Tray 30: image_10_registered.JPG [distance] normalized distance=257px, label=22180px²

Saved best_views.json for drawer_005

==================================================
Processing drawer_006
==================================================
Loaded 32 trays
Found 10 registered images

Best view for each tray:

Tray 1 candidate distances:
  image_02_registered.JPG: raw=1590px, scale=1.795x, normalized=886px
  image_03_registered.JPG: raw=2099px, scale=1.804x, normalized=1164px
  image_04_registered.JPG: raw=2723px, scale=1.781x, normalized=1529px
  image_05_registered.JPG: raw=1589px, scale=1.792x, normalized=887px
  image_06_registered.JPG: raw=368px, scale=1.769x, normalized=208px
  image_07_registered.JPG: raw=1186px, scale=1.791x, normalized=662px
  image_08_registered.JPG: raw=1949px, scale=1.786x, normalized=1091px
  image_09_registered.JPG: raw=2371px, scale=1.799x, normalized=1318px
  image_10_registered.JPG: raw=2975px, scale=1.795x, normalized=1657px
  image_11_registered.JPG: raw=2805px, scale=1.795x, normalized=1563px
Tray 1: image_06_registered.JPG [distance] normalized distance=208px, label=29984px²

Tray 2 candidate distances:
  image_02_registered.JPG: raw=1348px, scale=1.795x, normalized=751px
  image_03_registered.JPG: raw=1893px, scale=1.804x, normalized=1049px
  image_04_registered.JPG: raw=731px, scale=1.781x, normalized=410px
  image_05_registered.JPG: raw=1425px, scale=1.792x, normalized=795px
  image_06_registered.JPG: raw=2558px, scale=1.769x, normalized=1446px
  image_07_registered.JPG: raw=2680px, scale=1.791x, normalized=1496px
  image_08_registered.JPG: raw=2758px, scale=1.786x, normalized=1544px
  image_09_registered.JPG: raw=2072px, scale=1.799x, normalized=1152px
  image_10_registered.JPG: raw=1450px, scale=1.795x, normalized=808px
  image_11_registered.JPG: raw=537px, scale=1.795x, normalized=299px
Tray 2: image_11_registered.JPG [distance] normalized distance=299px, label=34471px²

Tray 3 candidate distances:
  image_02_registered.JPG: raw=746px, scale=1.795x, normalized=415px
  image_03_registered.JPG: raw=1997px, scale=1.804x, normalized=1107px
  image_04_registered.JPG: raw=765px, scale=1.781x, normalized=429px
  image_05_registered.JPG: raw=429px, scale=1.792x, normalized=240px
  image_06_registered.JPG: raw=1639px, scale=1.769x, normalized=927px
  image_07_registered.JPG: raw=2204px, scale=1.791x, normalized=1231px
  image_08_registered.JPG: raw=2637px, scale=1.786x, normalized=1477px
  image_09_registered.JPG: raw=2319px, scale=1.799x, normalized=1289px
  image_10_registered.JPG: raw=2244px, scale=1.795x, normalized=1250px
  image_11_registered.JPG: raw=1411px, scale=1.795x, normalized=786px
Tray 3: image_05_registered.JPG [distance] normalized distance=240px, label=25333px²

Tray 4 candidate distances:
  image_02_registered.JPG: raw=1920px, scale=1.795x, normalized=1070px
  image_03_registered.JPG: raw=1525px, scale=1.804x, normalized=845px
  image_04_registered.JPG: raw=1967px, scale=1.781x, normalized=1104px
  image_05_registered.JPG: raw=2217px, scale=1.792x, normalized=1237px
  image_06_registered.JPG: raw=2957px, scale=1.769x, normalized=1672px
  image_07_registered.JPG: raw=2629px, scale=1.791x, normalized=1468px
  image_08_registered.JPG: raw=2340px, scale=1.786x, normalized=1310px
  image_09_registered.JPG: raw=1474px, scale=1.799x, normalized=820px
  image_10_registered.JPG: raw=392px, scale=1.795x, normalized=218px
  image_11_registered.JPG: raw=913px, scale=1.795x, normalized=509px
Tray 4: image_10_registered.JPG [distance] normalized distance=218px, label=31201px²

Tray 5 candidate distances:
  image_02_registered.JPG: raw=1419px, scale=1.795x, normalized=790px
  image_03_registered.JPG: raw=2331px, scale=1.804x, normalized=1292px
  image_04_registered.JPG: raw=245px, scale=1.781x, normalized=138px
  image_05_registered.JPG: raw=1319px, scale=1.792x, normalized=736px
  image_06_registered.JPG: raw=2540px, scale=1.769x, normalized=1436px
  image_07_registered.JPG: raw=2889px, scale=1.791x, normalized=1613px
  image_08_registered.JPG: raw=3117px, scale=1.786x, normalized=1745px
  image_09_registered.JPG: raw=2535px, scale=1.799x, normalized=1409px
  image_10_registered.JPG: raw=2048px, scale=1.795x, normalized=1141px
  image_11_registered.JPG: raw=1111px, scale=1.795x, normalized=619px
Tray 5: image_04_registered.JPG [distance] normalized distance=138px, label=28975px²

Tray 6 candidate distances:
  image_02_registered.JPG: raw=2013px, scale=1.795x, normalized=1121px
  image_03_registered.JPG: raw=2770px, scale=1.804x, normalized=1536px
  image_04_registered.JPG: raw=2970px, scale=1.781x, normalized=1667px
  image_05_registered.JPG: raw=1887px, scale=1.792x, normalized=1053px
  image_06_registered.JPG: raw=957px, scale=1.769x, normalized=541px
  image_07_registered.JPG: raw=1853px, scale=1.791x, normalized=1035px
  image_08_registered.JPG: raw=2630px, scale=1.786x, normalized=1472px
  image_09_registered.JPG: raw=3035px, scale=1.799x, normalized=1688px
  image_10_registered.JPG: raw=3495px, scale=1.795x, normalized=1947px
  image_11_registered.JPG: raw=3294px, scale=1.795x, normalized=1835px
Tray 6: image_06_registered.JPG [distance] normalized distance=541px, label=0px²

Tray 7 candidate distances:
  image_02_registered.JPG: raw=515px, scale=1.795x, normalized=287px
  image_03_registered.JPG: raw=986px, scale=1.804x, normalized=547px
  image_04_registered.JPG: raw=1209px, scale=1.781x, normalized=679px
  image_05_registered.JPG: raw=829px, scale=1.792x, normalized=463px
  image_06_registered.JPG: raw=1680px, scale=1.769x, normalized=950px
  image_07_registered.JPG: raw=1681px, scale=1.791x, normalized=938px
  image_08_registered.JPG: raw=1837px, scale=1.786x, normalized=1029px
  image_09_registered.JPG: raw=1329px, scale=1.799x, normalized=739px
  image_10_registered.JPG: raw=1301px, scale=1.795x, normalized=725px
  image_11_registered.JPG: raw=689px, scale=1.795x, normalized=384px
Tray 7: image_02_registered.JPG [distance] normalized distance=287px, label=26924px²

Tray 8 candidate distances:
  image_02_registered.JPG: raw=1059px, scale=1.795x, normalized=590px
  image_03_registered.JPG: raw=2177px, scale=1.804x, normalized=1207px
  image_04_registered.JPG: raw=1764px, scale=1.781x, normalized=990px
  image_05_registered.JPG: raw=803px, scale=1.792x, normalized=448px
  image_06_registered.JPG: raw=905px, scale=1.769x, normalized=511px
  image_07_registered.JPG: raw=1829px, scale=1.791x, normalized=1021px
  image_08_registered.JPG: raw=2484px, scale=1.786x, normalized=1390px
  image_09_registered.JPG: raw=2510px, scale=1.799x, normalized=1396px
  image_10_registered.JPG: raw=2768px, scale=1.795x, normalized=1542px
  image_11_registered.JPG: raw=2210px, scale=1.795x, normalized=1231px
Tray 8: image_05_registered.JPG [distance] normalized distance=448px, label=0px²

Tray 9 candidate distances:
  image_02_registered.JPG: raw=719px, scale=1.795x, normalized=401px
  image_03_registered.JPG: raw=959px, scale=1.804x, normalized=531px
  image_04_registered.JPG: raw=1968px, scale=1.781x, normalized=1105px
  image_05_registered.JPG: raw=985px, scale=1.792x, normalized=550px
  image_06_registered.JPG: raw=846px, scale=1.769x, normalized=478px
  image_07_registered.JPG: raw=820px, scale=1.791x, normalized=458px
  image_08_registered.JPG: raw=1294px, scale=1.786x, normalized=725px
  image_09_registered.JPG: raw=1321px, scale=1.799x, normalized=735px
  image_10_registered.JPG: raw=1913px, scale=1.795x, normalized=1065px
  image_11_registered.JPG: raw=1671px, scale=1.795x, normalized=931px
Tray 9: image_02_registered.JPG [distance] normalized distance=401px, label=25648px²

Tray 10 candidate distances:
  image_02_registered.JPG: raw=854px, scale=1.795x, normalized=476px
  image_03_registered.JPG: raw=660px, scale=1.804x, normalized=366px
  image_04_registered.JPG: raw=1559px, scale=1.781x, normalized=875px
  image_05_registered.JPG: raw=1211px, scale=1.792x, normalized=676px
  image_06_registered.JPG: raw=1845px, scale=1.769x, normalized=1043px
  image_07_registered.JPG: raw=1599px, scale=1.791x, normalized=892px
  image_08_registered.JPG: raw=1588px, scale=1.786x, normalized=889px
  image_09_registered.JPG: raw=963px, scale=1.799x, normalized=536px
  image_10_registered.JPG: raw=978px, scale=1.795x, normalized=545px
  image_11_registered.JPG: raw=731px, scale=1.795x, normalized=407px
Tray 10: image_03_registered.JPG [distance] normalized distance=366px, label=32992px²

Tray 11 candidate distances:
  image_02_registered.JPG: raw=1610px, scale=1.795x, normalized=897px
  image_03_registered.JPG: raw=2669px, scale=1.804x, normalized=1480px
  image_04_registered.JPG: raw=445px, scale=1.781x, normalized=250px
  image_05_registered.JPG: raw=1417px, scale=1.792x, normalized=790px
  image_06_registered.JPG: raw=2615px, scale=1.769x, normalized=1478px
  image_07_registered.JPG: raw=3085px, scale=1.791x, normalized=1722px
  image_08_registered.JPG: raw=3392px, scale=1.786x, normalized=1899px
  image_09_registered.JPG: raw=2866px, scale=1.799x, normalized=1594px
  image_10_registered.JPG: raw=2436px, scale=1.795x, normalized=1357px
  image_11_registered.JPG: raw=1516px, scale=1.795x, normalized=845px
Tray 11: image_04_registered.JPG [distance] normalized distance=250px, label=27344px²

Tray 12 candidate distances:
  image_02_registered.JPG: raw=2039px, scale=1.795x, normalized=1136px
  image_03_registered.JPG: raw=979px, scale=1.804x, normalized=543px
  image_04_registered.JPG: raw=2709px, scale=1.781x, normalized=1521px
  image_05_registered.JPG: raw=2432px, scale=1.792x, normalized=1357px
  image_06_registered.JPG: raw=2694px, scale=1.769x, normalized=1523px
  image_07_registered.JPG: raw=1985px, scale=1.791x, normalized=1108px
  image_08_registered.JPG: raw=1437px, scale=1.786x, normalized=805px
  image_09_registered.JPG: raw=650px, scale=1.799x, normalized=361px
  image_10_registered.JPG: raw=777px, scale=1.795x, normalized=433px
  image_11_registered.JPG: raw=1654px, scale=1.795x, normalized=922px
Tray 12: image_09_registered.JPG [distance] normalized distance=361px, label=24613px²

Tray 13 candidate distances:
  image_02_registered.JPG: raw=2368px, scale=1.795x, normalized=1319px
  image_03_registered.JPG: raw=1578px, scale=1.804x, normalized=875px
  image_04_registered.JPG: raw=3625px, scale=1.781x, normalized=2035px
  image_05_registered.JPG: raw=2690px, scale=1.792x, normalized=1501px
  image_06_registered.JPG: raw=2039px, scale=1.769x, normalized=1153px
  image_07_registered.JPG: raw=1023px, scale=1.791x, normalized=571px
  image_08_registered.JPG: raw=633px, scale=1.786x, normalized=355px
  image_09_registered.JPG: raw=1469px, scale=1.799x, normalized=817px
  image_10_registered.JPG: raw=2483px, scale=1.795x, normalized=1383px
  image_11_registered.JPG: raw=2990px, scale=1.795x, normalized=1666px
Tray 13: image_08_registered.JPG [distance] normalized distance=355px, label=0px²

Tray 14 candidate distances:
  image_02_registered.JPG: raw=2080px, scale=1.795x, normalized=1159px
  image_03_registered.JPG: raw=941px, scale=1.804x, normalized=522px
  image_04_registered.JPG: raw=3120px, scale=1.781x, normalized=1751px
  image_05_registered.JPG: raw=2468px, scale=1.792x, normalized=1377px
  image_06_registered.JPG: raw=2286px, scale=1.769x, normalized=1293px
  image_07_registered.JPG: raw=1327px, scale=1.791x, normalized=741px
  image_08_registered.JPG: raw=602px, scale=1.786x, normalized=337px
  image_09_registered.JPG: raw=609px, scale=1.799x, normalized=339px
  image_10_registered.JPG: raw=1610px, scale=1.795x, normalized=897px
  image_11_registered.JPG: raw=2246px, scale=1.795x, normalized=1251px
Tray 14: image_08_registered.JPG [distance] normalized distance=337px, label=23603px²

Tray 15 candidate distances:
  image_02_registered.JPG: raw=1609px, scale=1.795x, normalized=896px
  image_03_registered.JPG: raw=2488px, scale=1.804x, normalized=1379px
  image_04_registered.JPG: raw=2495px, scale=1.781x, normalized=1400px
  image_05_registered.JPG: raw=1450px, scale=1.792x, normalized=809px
  image_06_registered.JPG: raw=730px, scale=1.769x, normalized=413px
  image_07_registered.JPG: raw=1758px, scale=1.791x, normalized=981px
  image_08_registered.JPG: raw=2513px, scale=1.786x, normalized=1407px
  image_09_registered.JPG: raw=2784px, scale=1.799x, normalized=1548px
  image_10_registered.JPG: raw=3193px, scale=1.795x, normalized=1779px
  image_11_registered.JPG: raw=2852px, scale=1.795x, normalized=1589px
Tray 15: image_06_registered.JPG [distance] normalized distance=413px, label=29483px²

Tray 16 candidate distances:
  image_02_registered.JPG: raw=589px, scale=1.795x, normalized=328px
  image_03_registered.JPG: raw=1486px, scale=1.804x, normalized=824px
  image_04_registered.JPG: raw=725px, scale=1.781x, normalized=407px
  image_05_registered.JPG: raw=667px, scale=1.792x, normalized=372px
  image_06_registered.JPG: raw=1825px, scale=1.769x, normalized=1032px
  image_07_registered.JPG: raw=2055px, scale=1.791x, normalized=1147px
  image_08_registered.JPG: raw=2294px, scale=1.786x, normalized=1284px
  image_09_registered.JPG: raw=1799px, scale=1.799x, normalized=1000px
  image_10_registered.JPG: raw=1599px, scale=1.795x, normalized=891px
  image_11_registered.JPG: raw=719px, scale=1.795x, normalized=401px
Tray 16: image_02_registered.JPG [distance] normalized distance=328px, label=30494px²

Tray 17 candidate distances:
  image_02_registered.JPG: raw=762px, scale=1.795x, normalized=424px
  image_03_registered.JPG: raw=1760px, scale=1.804x, normalized=976px
  image_04_registered.JPG: raw=1729px, scale=1.781x, normalized=970px
  image_05_registered.JPG: raw=641px, scale=1.792x, normalized=358px
  image_06_registered.JPG: raw=675px, scale=1.769x, normalized=381px
  image_07_registered.JPG: raw=1469px, scale=1.791x, normalized=820px
  image_08_registered.JPG: raw=2090px, scale=1.786x, normalized=1170px
  image_09_registered.JPG: raw=2113px, scale=1.799x, normalized=1175px
  image_10_registered.JPG: raw=2457px, scale=1.795x, normalized=1369px
  image_11_registered.JPG: raw=1951px, scale=1.795x, normalized=1087px
Tray 17: image_05_registered.JPG [distance] normalized distance=358px, label=27160px²

Tray 18 candidate distances:
  image_02_registered.JPG: raw=1194px, scale=1.795x, normalized=665px
  image_03_registered.JPG: raw=831px, scale=1.804x, normalized=461px
  image_04_registered.JPG: raw=2437px, scale=1.781x, normalized=1368px
  image_05_registered.JPG: raw=1492px, scale=1.792x, normalized=833px
  image_06_registered.JPG: raw=1070px, scale=1.769x, normalized=605px
  image_07_registered.JPG: raw=378px, scale=1.791x, normalized=211px
  image_08_registered.JPG: raw=794px, scale=1.786x, normalized=444px
  image_09_registered.JPG: raw=1078px, scale=1.799x, normalized=599px
  image_10_registered.JPG: raw=1931px, scale=1.795x, normalized=1076px
  image_11_registered.JPG: raw=1965px, scale=1.795x, normalized=1095px
Tray 18: image_07_registered.JPG [distance] normalized distance=211px, label=0px²

Tray 19 candidate distances:
  image_02_registered.JPG: raw=1242px, scale=1.795x, normalized=692px
  image_03_registered.JPG: raw=514px, scale=1.804x, normalized=285px
  image_04_registered.JPG: raw=1930px, scale=1.781x, normalized=1083px
  image_05_registered.JPG: raw=1615px, scale=1.792x, normalized=901px
  image_06_registered.JPG: raw=2090px, scale=1.769x, normalized=1182px
  image_07_registered.JPG: raw=1634px, scale=1.791x, normalized=912px
  image_08_registered.JPG: raw=1426px, scale=1.786x, normalized=798px
  image_09_registered.JPG: raw=650px, scale=1.799x, normalized=362px
  image_10_registered.JPG: raw=711px, scale=1.795x, normalized=396px
  image_11_registered.JPG: raw=958px, scale=1.795x, normalized=534px
Tray 19: image_03_registered.JPG [distance] normalized distance=285px, label=30010px²

Tray 20 candidate distances:
  image_02_registered.JPG: raw=888px, scale=1.795x, normalized=495px
  image_03_registered.JPG: raw=459px, scale=1.804x, normalized=255px
  image_04_registered.JPG: raw=2033px, scale=1.781x, normalized=1141px
  image_05_registered.JPG: raw=1250px, scale=1.792x, normalized=697px
  image_06_registered.JPG: raw=1313px, scale=1.769x, normalized=742px
  image_07_registered.JPG: raw=880px, scale=1.791x, normalized=491px
  image_08_registered.JPG: raw=1026px, scale=1.786x, normalized=574px
  image_09_registered.JPG: raw=842px, scale=1.799x, normalized=468px
  image_10_registered.JPG: raw=1509px, scale=1.795x, normalized=841px
  image_11_registered.JPG: raw=1452px, scale=1.795x, normalized=809px
Tray 20: image_03_registered.JPG [distance] normalized distance=255px, label=27971px²

Tray 21 candidate distances:
  image_02_registered.JPG: raw=1825px, scale=1.795x, normalized=1016px
  image_03_registered.JPG: raw=1896px, scale=1.804x, normalized=1051px
  image_04_registered.JPG: raw=3087px, scale=1.781x, normalized=1733px
  image_05_registered.JPG: raw=1953px, scale=1.792x, normalized=1090px
  image_06_registered.JPG: raw=810px, scale=1.769x, normalized=458px
  image_07_registered.JPG: raw=765px, scale=1.791x, normalized=427px
  image_08_registered.JPG: raw=1469px, scale=1.786x, normalized=822px
  image_09_registered.JPG: raw=2091px, scale=1.799x, normalized=1163px
  image_10_registered.JPG: raw=2878px, scale=1.795x, normalized=1603px
  image_11_registered.JPG: raw=2926px, scale=1.795x, normalized=1630px
Tray 21: image_07_registered.JPG [distance] normalized distance=427px, label=27699px²

Tray 22 candidate distances:
  image_02_registered.JPG: raw=1955px, scale=1.795x, normalized=1089px
  image_03_registered.JPG: raw=1457px, scale=1.804x, normalized=808px
  image_04_registered.JPG: raw=3243px, scale=1.781x, normalized=1820px
  image_05_registered.JPG: raw=2224px, scale=1.792x, normalized=1241px
  image_06_registered.JPG: raw=1428px, scale=1.769x, normalized=808px
  image_07_registered.JPG: raw=474px, scale=1.791x, normalized=265px
  image_08_registered.JPG: raw=703px, scale=1.786x, normalized=393px
  image_09_registered.JPG: raw=1508px, scale=1.799x, normalized=838px
  image_10_registered.JPG: raw=2484px, scale=1.795x, normalized=1384px
  image_11_registered.JPG: raw=2769px, scale=1.795x, normalized=1543px
Tray 22: image_07_registered.JPG [distance] normalized distance=265px, label=25936px²

Tray 23 candidate distances:
  image_02_registered.JPG: raw=1382px, scale=1.795x, normalized=770px
  image_03_registered.JPG: raw=1479px, scale=1.804x, normalized=820px
  image_04_registered.JPG: raw=2640px, scale=1.781x, normalized=1482px
  image_05_registered.JPG: raw=1544px, scale=1.792x, normalized=862px
  image_06_registered.JPG: raw=570px, scale=1.769x, normalized=322px
  image_07_registered.JPG: raw=518px, scale=1.791x, normalized=289px
  image_08_registered.JPG: raw=1270px, scale=1.786x, normalized=711px
  image_09_registered.JPG: raw=1727px, scale=1.799x, normalized=960px
  image_10_registered.JPG: raw=2491px, scale=1.795x, normalized=1388px
  image_11_registered.JPG: raw=2433px, scale=1.795x, normalized=1355px
Tray 23: image_07_registered.JPG [distance] normalized distance=289px, label=31330px²

Tray 24 candidate distances:
  image_02_registered.JPG: raw=102px, scale=1.795x, normalized=57px
  image_03_registered.JPG: raw=1302px, scale=1.804x, normalized=722px
  image_04_registered.JPG: raw=1127px, scale=1.781x, normalized=633px
  image_05_registered.JPG: raw=345px, scale=1.792x, normalized=192px
  image_06_registered.JPG: raw=1344px, scale=1.769x, normalized=760px
  image_07_registered.JPG: raw=1638px, scale=1.791x, normalized=915px
  image_08_registered.JPG: raw=1992px, scale=1.786x, normalized=1115px
  image_09_registered.JPG: raw=1673px, scale=1.799x, normalized=930px
  image_10_registered.JPG: raw=1772px, scale=1.795x, normalized=987px
  image_11_registered.JPG: raw=1099px, scale=1.795x, normalized=612px
Tray 24: image_02_registered.JPG [distance] normalized distance=57px, label=28053px²

Tray 25 candidate distances:
  image_02_registered.JPG: raw=1545px, scale=1.795x, normalized=861px
  image_03_registered.JPG: raw=1278px, scale=1.804x, normalized=708px
  image_04_registered.JPG: raw=2824px, scale=1.781x, normalized=1585px
  image_05_registered.JPG: raw=1786px, scale=1.792x, normalized=997px
  image_06_registered.JPG: raw=993px, scale=1.769x, normalized=561px
  image_07_registered.JPG: raw=127px, scale=1.791x, normalized=71px
  image_08_registered.JPG: raw=863px, scale=1.786x, normalized=483px
  image_09_registered.JPG: raw=1449px, scale=1.799x, normalized=806px
  image_10_registered.JPG: raw=2342px, scale=1.795x, normalized=1305px
  image_11_registered.JPG: raw=2443px, scale=1.795x, normalized=1361px
Tray 25: image_07_registered.JPG [distance] normalized distance=71px, label=27825px²

Tray 26 candidate distances:
  image_02_registered.JPG: raw=1806px, scale=1.795x, normalized=1006px
  image_03_registered.JPG: raw=821px, scale=1.804x, normalized=455px
  image_04_registered.JPG: raw=2954px, scale=1.781x, normalized=1658px
  image_05_registered.JPG: raw=2168px, scale=1.792x, normalized=1210px
  image_06_registered.JPG: raw=1845px, scale=1.769x, normalized=1043px
  image_07_registered.JPG: raw=848px, scale=1.791x, normalized=473px
  image_08_registered.JPG: raw=173px, scale=1.786x, normalized=97px
  image_09_registered.JPG: raw=697px, scale=1.799x, normalized=387px
  image_10_registered.JPG: raw=1777px, scale=1.795x, normalized=990px
  image_11_registered.JPG: raw=2213px, scale=1.795x, normalized=1233px
Tray 26: image_08_registered.JPG [distance] normalized distance=97px, label=26940px²

Tray 27 candidate distances:
  image_02_registered.JPG: raw=1659px, scale=1.795x, normalized=924px
  image_03_registered.JPG: raw=489px, scale=1.804x, normalized=271px
  image_04_registered.JPG: raw=2666px, scale=1.781x, normalized=1497px
  image_05_registered.JPG: raw=2046px, scale=1.792x, normalized=1141px
  image_06_registered.JPG: raw=2008px, scale=1.769x, normalized=1136px
  image_07_registered.JPG: raw=1166px, scale=1.791x, normalized=651px
  image_08_registered.JPG: raw=654px, scale=1.786x, normalized=366px
  image_09_registered.JPG: raw=214px, scale=1.799x, normalized=119px
  image_10_registered.JPG: raw=1321px, scale=1.795x, normalized=736px
  image_11_registered.JPG: raw=1808px, scale=1.795x, normalized=1007px
Tray 27: image_09_registered.JPG [distance] normalized distance=119px, label=26677px²

Tray 28 candidate distances:
  image_02_registered.JPG: raw=1959px, scale=1.795x, normalized=1091px
  image_03_registered.JPG: raw=1760px, scale=1.804x, normalized=975px
  image_04_registered.JPG: raw=3256px, scale=1.781x, normalized=1828px
  image_05_registered.JPG: raw=2155px, scale=1.792x, normalized=1202px
  image_06_registered.JPG: raw=1145px, scale=1.769x, normalized=648px
  image_07_registered.JPG: raw=600px, scale=1.791x, normalized=335px
  image_08_registered.JPG: raw=1156px, scale=1.786x, normalized=647px
  image_09_registered.JPG: raw=1888px, scale=1.799x, normalized=1050px
  image_10_registered.JPG: raw=2772px, scale=1.795x, normalized=1544px
  image_11_registered.JPG: raw=2950px, scale=1.795x, normalized=1643px
Tray 28: image_07_registered.JPG [distance] normalized distance=335px, label=27140px²

Tray 29 candidate distances:
  image_02_registered.JPG: raw=1260px, scale=1.795x, normalized=702px
  image_03_registered.JPG: raw=228px, scale=1.804x, normalized=126px
  image_04_registered.JPG: raw=2332px, scale=1.781x, normalized=1309px
  image_05_registered.JPG: raw=1637px, scale=1.792x, normalized=913px
  image_06_registered.JPG: raw=1635px, scale=1.769x, normalized=925px
  image_07_registered.JPG: raw=933px, scale=1.791x, normalized=521px
  image_08_registered.JPG: raw=752px, scale=1.786x, normalized=421px
  image_09_registered.JPG: raw=464px, scale=1.799x, normalized=258px
  image_10_registered.JPG: raw=1369px, scale=1.795x, normalized=763px
  image_11_registered.JPG: raw=1587px, scale=1.795x, normalized=884px
Tray 29: image_03_registered.JPG [distance] normalized distance=126px, label=25133px²

Tray 30 candidate distances:
  image_02_registered.JPG: raw=1484px, scale=1.795x, normalized=827px
  image_03_registered.JPG: raw=721px, scale=1.804x, normalized=400px
  image_04_registered.JPG: raw=2682px, scale=1.781x, normalized=1506px
  image_05_registered.JPG: raw=1822px, scale=1.792x, normalized=1017px
  image_06_registered.JPG: raw=1459px, scale=1.769x, normalized=825px
  image_07_registered.JPG: raw=517px, scale=1.791x, normalized=288px
  image_08_registered.JPG: raw=403px, scale=1.786x, normalized=226px
  image_09_registered.JPG: raw=812px, scale=1.799x, normalized=451px
  image_10_registered.JPG: raw=1816px, scale=1.795x, normalized=1011px
  image_11_registered.JPG: raw=2055px, scale=1.795x, normalized=1145px
Tray 30: image_08_registered.JPG [distance] normalized distance=226px, label=29294px²

Tray 31 candidate distances:
  image_02_registered.JPG: raw=843px, scale=1.795x, normalized=470px
  image_03_registered.JPG: raw=1455px, scale=1.804x, normalized=806px
  image_04_registered.JPG: raw=2025px, scale=1.781x, normalized=1137px
  image_05_registered.JPG: raw=924px, scale=1.792x, normalized=516px
  image_06_registered.JPG: raw=421px, scale=1.769x, normalized=238px
  image_07_registered.JPG: raw=1012px, scale=1.791x, normalized=565px
  image_08_registered.JPG: raw=1656px, scale=1.786x, normalized=927px
  image_09_registered.JPG: raw=1798px, scale=1.799x, normalized=1000px
  image_10_registered.JPG: raw=2326px, scale=1.795x, normalized=1296px
  image_11_registered.JPG: raw=1994px, scale=1.795x, normalized=1111px
Tray 31: image_06_registered.JPG [distance] normalized distance=238px, label=27527px²

Tray 32 candidate distances:
  image_02_registered.JPG: raw=386px, scale=1.795x, normalized=215px
  image_03_registered.JPG: raw=1298px, scale=1.804x, normalized=719px
  image_04_registered.JPG: raw=1573px, scale=1.781x, normalized=883px
  image_05_registered.JPG: raw=522px, scale=1.792x, normalized=291px
  image_06_registered.JPG: raw=873px, scale=1.769x, normalized=493px
  image_07_registered.JPG: raw=1277px, scale=1.791x, normalized=713px
  image_08_registered.JPG: raw=1772px, scale=1.786x, normalized=992px
  image_09_registered.JPG: raw=1677px, scale=1.799x, normalized=932px
  image_10_registered.JPG: raw=2029px, scale=1.795x, normalized=1130px
  image_11_registered.JPG: raw=1541px, scale=1.795x, normalized=859px
Tray 32: image_02_registered.JPG [distance] normalized distance=215px, label=26332px²

Saved best_views.json for drawer_006

==================================================
Processing drawer_007
==================================================
Loaded 38 trays
Found 10 registered images

Best view for each tray:

Tray 1 candidate distances:
  image_02_registered.JPG: raw=388px, scale=1.765x, normalized=220px
  image_03_registered.JPG: raw=1045px, scale=1.766x, normalized=592px
  image_04_registered.JPG: raw=1050px, scale=1.755x, normalized=598px
  image_05_registered.JPG: raw=837px, scale=1.763x, normalized=475px
  image_06_registered.JPG: raw=1839px, scale=1.740x, normalized=1057px
  image_07_registered.JPG: raw=1903px, scale=1.766x, normalized=1077px
  image_08_registered.JPG: raw=2133px, scale=1.760x, normalized=1212px
  image_09_registered.JPG: raw=1389px, scale=1.774x, normalized=783px
  image_10_registered.JPG: raw=1365px, scale=1.769x, normalized=772px
  image_11_registered.JPG: raw=909px, scale=1.768x, normalized=514px
Tray 1: image_02_registered.JPG [distance] normalized distance=220px, label=30017px²

Tray 2 candidate distances:
  image_02_registered.JPG: raw=2483px, scale=1.765x, normalized=1407px
  image_03_registered.JPG: raw=1583px, scale=1.766x, normalized=897px
  image_04_registered.JPG: raw=3568px, scale=1.755x, normalized=2033px
  image_05_registered.JPG: raw=2708px, scale=1.763x, normalized=1536px
  image_06_registered.JPG: raw=2266px, scale=1.740x, normalized=1302px
  image_07_registered.JPG: raw=884px, scale=1.766x, normalized=501px
  image_08_registered.JPG: raw=425px, scale=1.760x, normalized=241px
  image_09_registered.JPG: raw=1497px, scale=1.774x, normalized=844px
  image_10_registered.JPG: raw=2567px, scale=1.769x, normalized=1451px
  image_11_registered.JPG: raw=3066px, scale=1.768x, normalized=1734px
Tray 2: image_08_registered.JPG [distance] normalized distance=241px, label=0px²

Tray 3 candidate distances:
  image_02_registered.JPG: raw=767px, scale=1.765x, normalized=435px
  image_03_registered.JPG: raw=1610px, scale=1.766x, normalized=912px
  image_04_registered.JPG: raw=1616px, scale=1.755x, normalized=921px
  image_05_registered.JPG: raw=477px, scale=1.763x, normalized=270px
  image_06_registered.JPG: raw=777px, scale=1.740x, normalized=447px
  image_07_registered.JPG: raw=1604px, scale=1.766x, normalized=908px
  image_08_registered.JPG: raw=2122px, scale=1.760x, normalized=1206px
  image_09_registered.JPG: raw=1993px, scale=1.774x, normalized=1124px
  image_10_registered.JPG: raw=2411px, scale=1.769x, normalized=1363px
  image_11_registered.JPG: raw=2045px, scale=1.768x, normalized=1157px
Tray 3: image_05_registered.JPG [distance] normalized distance=270px, label=0px²

Tray 4 candidate distances:
  image_02_registered.JPG: raw=911px, scale=1.765x, normalized=516px
  image_03_registered.JPG: raw=1998px, scale=1.766x, normalized=1132px
  image_04_registered.JPG: raw=680px, scale=1.755x, normalized=387px
  image_05_registered.JPG: raw=591px, scale=1.763x, normalized=335px
  image_06_registered.JPG: raw=1778px, scale=1.740x, normalized=1021px
  image_07_registered.JPG: raw=2472px, scale=1.766x, normalized=1400px
  image_08_registered.JPG: raw=2898px, scale=1.760x, normalized=1646px
  image_09_registered.JPG: raw=2410px, scale=1.774x, normalized=1359px
  image_10_registered.JPG: raw=2323px, scale=1.769x, normalized=1313px
  image_11_registered.JPG: raw=1582px, scale=1.768x, normalized=895px
Tray 4: image_05_registered.JPG [distance] normalized distance=335px, label=30203px²

Tray 5 candidate distances:
  image_02_registered.JPG: raw=732px, scale=1.765x, normalized=415px
  image_03_registered.JPG: raw=870px, scale=1.766x, normalized=493px
  image_04_registered.JPG: raw=1901px, scale=1.755x, normalized=1083px
  image_05_registered.JPG: raw=995px, scale=1.763x, normalized=565px
  image_06_registered.JPG: raw=1133px, scale=1.740x, normalized=651px
  image_07_registered.JPG: raw=993px, scale=1.766x, normalized=562px
  image_08_registered.JPG: raw=1368px, scale=1.760x, normalized=777px
  image_09_registered.JPG: raw=1180px, scale=1.774x, normalized=665px
  image_10_registered.JPG: raw=1861px, scale=1.769x, normalized=1052px
  image_11_registered.JPG: raw=1815px, scale=1.768x, normalized=1026px
Tray 5: image_02_registered.JPG [distance] normalized distance=415px, label=22646px²

Tray 6 candidate distances:
  image_02_registered.JPG: raw=1206px, scale=1.765x, normalized=683px
  image_03_registered.JPG: raw=502px, scale=1.766x, normalized=284px
  image_04_registered.JPG: raw=2310px, scale=1.755x, normalized=1316px
  image_05_registered.JPG: raw=1573px, scale=1.763x, normalized=893px
  image_06_registered.JPG: raw=1633px, scale=1.740x, normalized=938px
  image_07_registered.JPG: raw=784px, scale=1.766x, normalized=444px
  image_08_registered.JPG: raw=868px, scale=1.760x, normalized=493px
  image_09_registered.JPG: raw=658px, scale=1.774x, normalized=371px
  image_10_registered.JPG: raw=1628px, scale=1.769x, normalized=920px
  image_11_registered.JPG: raw=1898px, scale=1.768x, normalized=1073px
Tray 6: image_03_registered.JPG [distance] normalized distance=284px, label=25189px²

Tray 7 candidate distances:
  image_02_registered.JPG: raw=1787px, scale=1.765x, normalized=1013px
  image_03_registered.JPG: raw=698px, scale=1.766x, normalized=395px
  image_04_registered.JPG: raw=2792px, scale=1.755x, normalized=1591px
  image_05_registered.JPG: raw=2175px, scale=1.763x, normalized=1234px
  image_06_registered.JPG: raw=2212px, scale=1.740x, normalized=1271px
  image_07_registered.JPG: raw=1024px, scale=1.766x, normalized=580px
  image_08_registered.JPG: raw=656px, scale=1.760x, normalized=373px
  image_09_registered.JPG: raw=506px, scale=1.774x, normalized=285px
  image_10_registered.JPG: raw=1596px, scale=1.769x, normalized=902px
  image_11_registered.JPG: raw=2143px, scale=1.768x, normalized=1212px
Tray 7: image_09_registered.JPG [distance] normalized distance=285px, label=0px²

Tray 8 candidate distances:
  image_02_registered.JPG: raw=1797px, scale=1.765x, normalized=1018px
  image_03_registered.JPG: raw=2355px, scale=1.766x, normalized=1334px
  image_04_registered.JPG: raw=2561px, scale=1.755x, normalized=1459px
  image_05_registered.JPG: raw=1463px, scale=1.763x, normalized=830px
  image_06_registered.JPG: raw=476px, scale=1.740x, normalized=274px
  image_07_registered.JPG: raw=1795px, scale=1.766x, normalized=1016px
  image_08_registered.JPG: raw=2437px, scale=1.760x, normalized=1384px
  image_09_registered.JPG: raw=2757px, scale=1.774x, normalized=1554px
  image_10_registered.JPG: raw=3337px, scale=1.769x, normalized=1886px
  image_11_registered.JPG: raw=3096px, scale=1.768x, normalized=1751px
Tray 8: image_06_registered.JPG [distance] normalized distance=274px, label=27527px²

Tray 9 candidate distances:
  image_02_registered.JPG: raw=1343px, scale=1.765x, normalized=761px
  image_03_registered.JPG: raw=2273px, scale=1.766x, normalized=1287px
  image_04_registered.JPG: raw=223px, scale=1.755x, normalized=127px
  image_05_registered.JPG: raw=1239px, scale=1.763x, normalized=703px
  image_06_registered.JPG: raw=2469px, scale=1.740x, normalized=1419px
  image_07_registered.JPG: raw=2984px, scale=1.766x, normalized=1689px
  image_08_registered.JPG: raw=3328px, scale=1.760x, normalized=1891px
  image_09_registered.JPG: raw=2657px, scale=1.774x, normalized=1498px
  image_10_registered.JPG: raw=2234px, scale=1.769x, normalized=1263px
  image_11_registered.JPG: raw=1324px, scale=1.768x, normalized=749px
Tray 9: image_04_registered.JPG [distance] normalized distance=127px, label=0px²

Tray 10 candidate distances:
  image_02_registered.JPG: raw=2126px, scale=1.765x, normalized=1205px
  image_03_registered.JPG: raw=1534px, scale=1.766x, normalized=869px
  image_04_registered.JPG: raw=2300px, scale=1.755x, normalized=1311px
  image_05_registered.JPG: raw=2582px, scale=1.763x, normalized=1465px
  image_06_registered.JPG: raw=3396px, scale=1.740x, normalized=1951px
  image_07_registered.JPG: raw=2778px, scale=1.766x, normalized=1573px
  image_08_registered.JPG: raw=2565px, scale=1.760x, normalized=1457px
  image_09_registered.JPG: raw=1489px, scale=1.774x, normalized=839px
  image_10_registered.JPG: raw=426px, scale=1.769x, normalized=241px
  image_11_registered.JPG: raw=1144px, scale=1.768x, normalized=647px
Tray 10: image_10_registered.JPG [distance] normalized distance=241px, label=0px²

Tray 11 candidate distances:
  image_02_registered.JPG: raw=1610px, scale=1.765x, normalized=912px
  image_03_registered.JPG: raw=1799px, scale=1.766x, normalized=1019px
  image_04_registered.JPG: raw=2646px, scale=1.755x, normalized=1508px
  image_05_registered.JPG: raw=1506px, scale=1.763x, normalized=854px
  image_06_registered.JPG: raw=437px, scale=1.740x, normalized=251px
  image_07_registered.JPG: raw=1007px, scale=1.766x, normalized=570px
  image_08_registered.JPG: raw=1630px, scale=1.760x, normalized=926px
  image_09_registered.JPG: raw=2093px, scale=1.774x, normalized=1180px
  image_10_registered.JPG: raw=2885px, scale=1.769x, normalized=1631px
  image_11_registered.JPG: raw=2843px, scale=1.768x, normalized=1608px
Tray 11: image_06_registered.JPG [distance] normalized distance=251px, label=24248px²

Tray 12 candidate distances:
  image_02_registered.JPG: raw=1386px, scale=1.765x, normalized=785px
  image_03_registered.JPG: raw=2116px, scale=1.766x, normalized=1199px
  image_04_registered.JPG: raw=393px, scale=1.755x, normalized=224px
  image_05_registered.JPG: raw=1457px, scale=1.763x, normalized=827px
  image_06_registered.JPG: raw=2697px, scale=1.740x, normalized=1550px
  image_07_registered.JPG: raw=3002px, scale=1.766x, normalized=1700px
  image_08_registered.JPG: raw=3253px, scale=1.760x, normalized=1848px
  image_09_registered.JPG: raw=2449px, scale=1.774x, normalized=1381px
  image_10_registered.JPG: raw=1862px, scale=1.769x, normalized=1052px
  image_11_registered.JPG: raw=912px, scale=1.768x, normalized=516px
Tray 12: image_04_registered.JPG [distance] normalized distance=224px, label=25281px²

Tray 13 candidate distances:
  image_02_registered.JPG: raw=1290px, scale=1.765x, normalized=731px
  image_03_registered.JPG: raw=471px, scale=1.766x, normalized=267px
  image_04_registered.JPG: raw=1981px, scale=1.755x, normalized=1129px
  image_05_registered.JPG: raw=1790px, scale=1.763x, normalized=1015px
  image_06_registered.JPG: raw=2399px, scale=1.740x, normalized=1378px
  image_07_registered.JPG: raw=1757px, scale=1.766x, normalized=995px
  image_08_registered.JPG: raw=1651px, scale=1.760x, normalized=938px
  image_09_registered.JPG: raw=550px, scale=1.774x, normalized=310px
  image_10_registered.JPG: raw=652px, scale=1.769x, normalized=368px
  image_11_registered.JPG: raw=1144px, scale=1.768x, normalized=647px
Tray 13: image_03_registered.JPG [distance] normalized distance=267px, label=24533px²

Tray 14 candidate distances:
  image_02_registered.JPG: raw=2116px, scale=1.765x, normalized=1199px
  image_03_registered.JPG: raw=1027px, scale=1.766x, normalized=582px
  image_04_registered.JPG: raw=2771px, scale=1.755x, normalized=1579px
  image_05_registered.JPG: raw=2583px, scale=1.763x, normalized=1465px
  image_06_registered.JPG: raw=3022px, scale=1.740x, normalized=1736px
  image_07_registered.JPG: raw=2038px, scale=1.766x, normalized=1154px
  image_08_registered.JPG: raw=1663px, scale=1.760x, normalized=945px
  image_09_registered.JPG: raw=766px, scale=1.774x, normalized=432px
  image_10_registered.JPG: raw=918px, scale=1.769x, normalized=519px
  image_11_registered.JPG: raw=1770px, scale=1.768x, normalized=1001px
Tray 14: image_09_registered.JPG [distance] normalized distance=432px, label=0px²

Tray 15 candidate distances:
  image_02_registered.JPG: raw=1660px, scale=1.765x, normalized=941px
  image_03_registered.JPG: raw=1583px, scale=1.766x, normalized=897px
  image_04_registered.JPG: raw=2771px, scale=1.755x, normalized=1579px
  image_05_registered.JPG: raw=1676px, scale=1.763x, normalized=951px
  image_06_registered.JPG: raw=832px, scale=1.740x, normalized=478px
  image_07_registered.JPG: raw=611px, scale=1.766x, normalized=346px
  image_08_registered.JPG: raw=1226px, scale=1.760x, normalized=697px
  image_09_registered.JPG: raw=1810px, scale=1.774x, normalized=1020px
  image_10_registered.JPG: raw=2710px, scale=1.769x, normalized=1532px
  image_11_registered.JPG: raw=2790px, scale=1.768x, normalized=1578px
Tray 15: image_07_registered.JPG [distance] normalized distance=346px, label=27597px²

Tray 16 candidate distances:
  image_02_registered.JPG: raw=875px, scale=1.765x, normalized=496px
  image_03_registered.JPG: raw=1340px, scale=1.766x, normalized=759px
  image_04_registered.JPG: raw=1950px, scale=1.755x, normalized=1111px
  image_05_registered.JPG: raw=854px, scale=1.763x, normalized=484px
  image_06_registered.JPG: raw=662px, scale=1.740x, normalized=380px
  image_07_registered.JPG: raw=1136px, scale=1.766x, normalized=643px
  image_08_registered.JPG: raw=1658px, scale=1.760x, normalized=942px
  image_09_registered.JPG: raw=1673px, scale=1.774x, normalized=943px
  image_10_registered.JPG: raw=2301px, scale=1.769x, normalized=1301px
  image_11_registered.JPG: raw=2131px, scale=1.768x, normalized=1205px
Tray 16: image_06_registered.JPG [distance] normalized distance=380px, label=0px²

Tray 17 candidate distances:
  image_02_registered.JPG: raw=1570px, scale=1.765x, normalized=890px
  image_03_registered.JPG: raw=2042px, scale=1.766x, normalized=1156px
  image_04_registered.JPG: raw=855px, scale=1.755x, normalized=487px
  image_05_registered.JPG: raw=1775px, scale=1.763x, normalized=1007px
  image_06_registered.JPG: raw=2974px, scale=1.740x, normalized=1709px
  image_07_registered.JPG: raw=3075px, scale=1.766x, normalized=1741px
  image_08_registered.JPG: raw=3228px, scale=1.760x, normalized=1834px
  image_09_registered.JPG: raw=2311px, scale=1.774x, normalized=1303px
  image_10_registered.JPG: raw=1533px, scale=1.769x, normalized=866px
  image_11_registered.JPG: raw=606px, scale=1.768x, normalized=343px
Tray 17: image_11_registered.JPG [distance] normalized distance=343px, label=27613px²

Tray 18 candidate distances:
  image_02_registered.JPG: raw=935px, scale=1.765x, normalized=530px
  image_03_registered.JPG: raw=1948px, scale=1.766x, normalized=1103px
  image_04_registered.JPG: raw=1387px, scale=1.755x, normalized=790px
  image_05_registered.JPG: raw=430px, scale=1.763x, normalized=244px
  image_06_registered.JPG: raw=1095px, scale=1.740x, normalized=629px
  image_07_registered.JPG: raw=2052px, scale=1.766x, normalized=1162px
  image_08_registered.JPG: raw=2575px, scale=1.760x, normalized=1463px
  image_09_registered.JPG: raw=2366px, scale=1.774x, normalized=1334px
  image_10_registered.JPG: raw=2602px, scale=1.769x, normalized=1471px
  image_11_registered.JPG: raw=2076px, scale=1.768x, normalized=1174px
Tray 18: image_05_registered.JPG [distance] normalized distance=244px, label=26004px²

Tray 19 candidate distances:
  image_02_registered.JPG: raw=1095px, scale=1.765x, normalized=621px
  image_03_registered.JPG: raw=1661px, scale=1.766x, normalized=941px
  image_04_registered.JPG: raw=637px, scale=1.755x, normalized=363px
  image_05_registered.JPG: raw=1326px, scale=1.763x, normalized=752px
  image_06_registered.JPG: raw=2513px, scale=1.740x, normalized=1444px
  image_07_registered.JPG: raw=2646px, scale=1.766x, normalized=1498px
  image_08_registered.JPG: raw=2835px, scale=1.760x, normalized=1611px
  image_09_registered.JPG: raw=1964px, scale=1.774x, normalized=1107px
  image_10_registered.JPG: raw=1413px, scale=1.769x, normalized=799px
  image_11_registered.JPG: raw=489px, scale=1.768x, normalized=277px
Tray 19: image_11_registered.JPG [distance] normalized distance=277px, label=29712px²

Tray 20 candidate distances:
  image_02_registered.JPG: raw=1161px, scale=1.765x, normalized=658px
  image_03_registered.JPG: raw=1411px, scale=1.766x, normalized=799px
  image_04_registered.JPG: raw=1041px, scale=1.755x, normalized=593px
  image_05_registered.JPG: raw=1519px, scale=1.763x, normalized=862px
  image_06_registered.JPG: raw=2606px, scale=1.740x, normalized=1497px
  image_07_registered.JPG: raw=2528px, scale=1.766x, normalized=1431px
  image_08_registered.JPG: raw=2626px, scale=1.760x, normalized=1492px
  image_09_registered.JPG: raw=1659px, scale=1.774x, normalized=936px
  image_10_registered.JPG: raw=1008px, scale=1.769x, normalized=569px
  image_11_registered.JPG: raw=140px, scale=1.768x, normalized=79px
Tray 20: image_11_registered.JPG [distance] normalized distance=79px, label=25686px²

Tray 21 candidate distances:
  image_02_registered.JPG: raw=1807px, scale=1.765x, normalized=1024px
  image_03_registered.JPG: raw=1447px, scale=1.766x, normalized=820px
  image_04_registered.JPG: raw=1882px, scale=1.755x, normalized=1072px
  image_05_registered.JPG: raw=2247px, scale=1.763x, normalized=1275px
  image_06_registered.JPG: raw=3159px, scale=1.740x, normalized=1815px
  image_07_registered.JPG: raw=2707px, scale=1.766x, normalized=1533px
  image_08_registered.JPG: raw=2596px, scale=1.760x, normalized=1475px
  image_09_registered.JPG: raw=1507px, scale=1.774x, normalized=850px
  image_10_registered.JPG: raw=391px, scale=1.769x, normalized=221px
  image_11_registered.JPG: raw=736px, scale=1.768x, normalized=416px
Tray 21: image_10_registered.JPG [distance] normalized distance=221px, label=27357px²

Tray 22 candidate distances:
  image_02_registered.JPG: raw=1631px, scale=1.765x, normalized=924px
  image_03_registered.JPG: raw=1856px, scale=1.766x, normalized=1051px
  image_04_registered.JPG: raw=1189px, scale=1.755x, normalized=678px
  image_05_registered.JPG: raw=1934px, scale=1.763x, normalized=1097px
  image_06_registered.JPG: raw=3066px, scale=1.740x, normalized=1762px
  image_07_registered.JPG: raw=2991px, scale=1.766x, normalized=1693px
  image_08_registered.JPG: raw=3060px, scale=1.760x, normalized=1739px
  image_09_registered.JPG: raw=2067px, scale=1.774x, normalized=1165px
  image_10_registered.JPG: raw=1173px, scale=1.769x, normalized=663px
  image_11_registered.JPG: raw=377px, scale=1.768x, normalized=213px
Tray 22: image_11_registered.JPG [distance] normalized distance=213px, label=25066px²

Tray 23 candidate distances:
  image_02_registered.JPG: raw=2240px, scale=1.765x, normalized=1269px
  image_03_registered.JPG: raw=1651px, scale=1.766x, normalized=935px
  image_04_registered.JPG: raw=3368px, scale=1.755x, normalized=1919px
  image_05_registered.JPG: raw=2370px, scale=1.763x, normalized=1344px
  image_06_registered.JPG: raw=1690px, scale=1.740x, normalized=971px
  image_07_registered.JPG: raw=495px, scale=1.766x, normalized=280px
  image_08_registered.JPG: raw=673px, scale=1.760x, normalized=383px
  image_09_registered.JPG: raw=1711px, scale=1.774x, normalized=965px
  image_10_registered.JPG: raw=2766px, scale=1.769x, normalized=1564px
  image_11_registered.JPG: raw=3100px, scale=1.768x, normalized=1753px
Tray 23: image_07_registered.JPG [distance] normalized distance=280px, label=0px²

Tray 24 candidate distances:
  image_02_registered.JPG: raw=1213px, scale=1.765x, normalized=687px
  image_03_registered.JPG: raw=2045px, scale=1.766x, normalized=1158px
  image_04_registered.JPG: raw=1859px, scale=1.755x, normalized=1059px
  image_05_registered.JPG: raw=800px, scale=1.763x, normalized=454px
  image_06_registered.JPG: raw=682px, scale=1.740x, normalized=392px
  image_07_registered.JPG: raw=1864px, scale=1.766x, normalized=1055px
  image_08_registered.JPG: raw=2448px, scale=1.760x, normalized=1391px
  image_09_registered.JPG: raw=2456px, scale=1.774x, normalized=1385px
  image_10_registered.JPG: raw=2864px, scale=1.769x, normalized=1619px
  image_11_registered.JPG: raw=2466px, scale=1.768x, normalized=1394px
Tray 24: image_06_registered.JPG [distance] normalized distance=392px, label=0px²

Tray 25 candidate distances:
  image_02_registered.JPG: raw=1665px, scale=1.765x, normalized=944px
  image_03_registered.JPG: raw=549px, scale=1.766x, normalized=311px
  image_04_registered.JPG: raw=2446px, scale=1.755x, normalized=1394px
  image_05_registered.JPG: raw=2140px, scale=1.763x, normalized=1214px
  image_06_registered.JPG: raw=2551px, scale=1.740x, normalized=1466px
  image_07_registered.JPG: raw=1639px, scale=1.766x, normalized=928px
  image_08_registered.JPG: raw=1373px, scale=1.760x, normalized=780px
  image_09_registered.JPG: raw=309px, scale=1.774x, normalized=174px
  image_10_registered.JPG: raw=899px, scale=1.769x, normalized=508px
  image_11_registered.JPG: raw=1586px, scale=1.768x, normalized=897px
Tray 25: image_09_registered.JPG [distance] normalized distance=174px, label=0px²

Tray 26 candidate distances:
  image_02_registered.JPG: raw=381px, scale=1.765x, normalized=216px
  image_03_registered.JPG: raw=1168px, scale=1.766x, normalized=661px
  image_04_registered.JPG: raw=1492px, scale=1.755x, normalized=850px
  image_05_registered.JPG: raw=519px, scale=1.763x, normalized=294px
  image_06_registered.JPG: raw=1095px, scale=1.740x, normalized=629px
  image_07_registered.JPG: raw=1435px, scale=1.766x, normalized=812px
  image_08_registered.JPG: raw=1846px, scale=1.760x, normalized=1049px
  image_09_registered.JPG: raw=1531px, scale=1.774x, normalized=863px
  image_10_registered.JPG: raw=1950px, scale=1.769x, normalized=1102px
  image_11_registered.JPG: raw=1658px, scale=1.768x, normalized=938px
Tray 26: image_02_registered.JPG [distance] normalized distance=216px, label=26236px²

Tray 27 candidate distances:
  image_02_registered.JPG: raw=1751px, scale=1.765x, normalized=992px
  image_03_registered.JPG: raw=2570px, scale=1.766x, normalized=1455px
  image_04_registered.JPG: raw=608px, scale=1.755x, normalized=346px
  image_05_registered.JPG: raw=1716px, scale=1.763x, normalized=973px
  image_06_registered.JPG: raw=2945px, scale=1.740x, normalized=1692px
  image_07_registered.JPG: raw=3371px, scale=1.766x, normalized=1908px
  image_08_registered.JPG: raw=3672px, scale=1.760x, normalized=2086px
  image_09_registered.JPG: raw=2930px, scale=1.774x, normalized=1652px
  image_10_registered.JPG: raw=2311px, scale=1.769x, normalized=1306px
  image_11_registered.JPG: raw=1370px, scale=1.768x, normalized=775px
Tray 27: image_04_registered.JPG [distance] normalized distance=346px, label=26744px²

Tray 28 candidate distances:
  image_02_registered.JPG: raw=1597px, scale=1.765x, normalized=905px
  image_03_registered.JPG: raw=1232px, scale=1.766x, normalized=698px
  image_04_registered.JPG: raw=2747px, scale=1.755x, normalized=1565px
  image_05_registered.JPG: raw=1754px, scale=1.763x, normalized=995px
  image_06_registered.JPG: raw=1224px, scale=1.740x, normalized=703px
  image_07_registered.JPG: raw=189px, scale=1.766x, normalized=107px
  image_08_registered.JPG: raw=781px, scale=1.760x, normalized=443px
  image_09_registered.JPG: raw=1382px, scale=1.774x, normalized=779px
  image_10_registered.JPG: raw=2367px, scale=1.769x, normalized=1338px
  image_11_registered.JPG: raw=2567px, scale=1.768x, normalized=1452px
Tray 28: image_07_registered.JPG [distance] normalized distance=107px, label=25155px²

Tray 29 candidate distances:
  image_02_registered.JPG: raw=1424px, scale=1.765x, normalized=807px
  image_03_registered.JPG: raw=1918px, scale=1.766x, normalized=1086px
  image_04_registered.JPG: raw=2334px, scale=1.755x, normalized=1330px
  image_05_registered.JPG: raw=1191px, scale=1.763x, normalized=676px
  image_06_registered.JPG: raw=59px, scale=1.740x, normalized=34px
  image_07_registered.JPG: raw=1396px, scale=1.766x, normalized=790px
  image_08_registered.JPG: raw=2013px, scale=1.760x, normalized=1144px
  image_09_registered.JPG: raw=2275px, scale=1.774x, normalized=1283px
  image_10_registered.JPG: raw=2912px, scale=1.769x, normalized=1646px
  image_11_registered.JPG: raw=2715px, scale=1.768x, normalized=1535px
Tray 29: image_06_registered.JPG [distance] normalized distance=34px, label=31553px²

Tray 30 candidate distances:
  image_02_registered.JPG: raw=2280px, scale=1.765x, normalized=1292px
  image_03_registered.JPG: raw=1168px, scale=1.766x, normalized=662px
  image_04_registered.JPG: raw=3272px, scale=1.755x, normalized=1864px
  image_05_registered.JPG: raw=2628px, scale=1.763x, normalized=1491px
  image_06_registered.JPG: raw=2539px, scale=1.740x, normalized=1459px
  image_07_registered.JPG: raw=1203px, scale=1.766x, normalized=681px
  image_08_registered.JPG: raw=623px, scale=1.760x, normalized=354px
  image_09_registered.JPG: raw=938px, scale=1.774x, normalized=529px
  image_10_registered.JPG: raw=1940px, scale=1.769x, normalized=1097px
  image_11_registered.JPG: raw=2566px, scale=1.768x, normalized=1451px
Tray 30: image_08_registered.JPG [distance] normalized distance=354px, label=0px²

Tray 31 candidate distances:
  image_02_registered.JPG: raw=1357px, scale=1.765x, normalized=769px
  image_03_registered.JPG: raw=1256px, scale=1.766x, normalized=712px
  image_04_registered.JPG: raw=1439px, scale=1.755x, normalized=820px
  image_05_registered.JPG: raw=1784px, scale=1.763x, normalized=1012px
  image_06_registered.JPG: raw=2760px, scale=1.740x, normalized=1586px
  image_07_registered.JPG: raw=2476px, scale=1.766x, normalized=1402px
  image_08_registered.JPG: raw=2477px, scale=1.760x, normalized=1407px
  image_09_registered.JPG: raw=1428px, scale=1.774x, normalized=805px
  image_10_registered.JPG: raw=614px, scale=1.769x, normalized=347px
  image_11_registered.JPG: raw=344px, scale=1.768x, normalized=194px
Tray 31: image_11_registered.JPG [distance] normalized distance=194px, label=23494px²

Tray 32 candidate distances:
  image_02_registered.JPG: raw=1768px, scale=1.765x, normalized=1002px
  image_03_registered.JPG: raw=876px, scale=1.766x, normalized=496px
  image_04_registered.JPG: raw=2316px, scale=1.755x, normalized=1320px
  image_05_registered.JPG: raw=2256px, scale=1.763x, normalized=1279px
  image_06_registered.JPG: raw=2866px, scale=1.740x, normalized=1646px
  image_07_registered.JPG: raw=2094px, scale=1.766x, normalized=1186px
  image_08_registered.JPG: raw=1857px, scale=1.760x, normalized=1055px
  image_09_registered.JPG: raw=769px, scale=1.774x, normalized=434px
  image_10_registered.JPG: raw=452px, scale=1.769x, normalized=256px
  image_11_registered.JPG: raw=1301px, scale=1.768x, normalized=736px
Tray 32: image_10_registered.JPG [distance] normalized distance=256px, label=21578px²

Tray 33 candidate distances:
  image_02_registered.JPG: raw=1849px, scale=1.765x, normalized=1048px
  image_03_registered.JPG: raw=1194px, scale=1.766x, normalized=676px
  image_04_registered.JPG: raw=2982px, scale=1.755x, normalized=1699px
  image_05_registered.JPG: raw=2069px, scale=1.763x, normalized=1174px
  image_06_registered.JPG: raw=1635px, scale=1.740x, normalized=939px
  image_07_registered.JPG: raw=234px, scale=1.766x, normalized=132px
  image_08_registered.JPG: raw=375px, scale=1.760x, normalized=213px
  image_09_registered.JPG: raw=1237px, scale=1.774x, normalized=697px
  image_10_registered.JPG: raw=2302px, scale=1.769x, normalized=1301px
  image_11_registered.JPG: raw=2642px, scale=1.768x, normalized=1494px
Tray 33: image_07_registered.JPG [distance] normalized distance=132px, label=26013px²

Tray 34 candidate distances:
  image_02_registered.JPG: raw=2139px, scale=1.765x, normalized=1212px
  image_03_registered.JPG: raw=957px, scale=1.766x, normalized=542px
  image_04_registered.JPG: raw=3031px, scale=1.755x, normalized=1727px
  image_05_registered.JPG: raw=2551px, scale=1.763x, normalized=1447px
  image_06_registered.JPG: raw=2686px, scale=1.740x, normalized=1543px
  image_07_registered.JPG: raw=1483px, scale=1.766x, normalized=840px
  image_08_registered.JPG: raw=1002px, scale=1.760x, normalized=569px
  image_09_registered.JPG: raw=649px, scale=1.774x, normalized=366px
  image_10_registered.JPG: raw=1506px, scale=1.769x, normalized=851px
  image_11_registered.JPG: raw=2211px, scale=1.768x, normalized=1251px
Tray 34: image_09_registered.JPG [distance] normalized distance=366px, label=21110px²

Tray 35 candidate distances:
  image_02_registered.JPG: raw=1766px, scale=1.765x, normalized=1001px
  image_03_registered.JPG: raw=1728px, scale=1.766x, normalized=979px
  image_04_registered.JPG: raw=1545px, scale=1.755x, normalized=880px
  image_05_registered.JPG: raw=2140px, scale=1.763x, normalized=1214px
  image_06_registered.JPG: raw=3188px, scale=1.740x, normalized=1831px
  image_07_registered.JPG: raw=2938px, scale=1.766x, normalized=1663px
  image_08_registered.JPG: raw=2920px, scale=1.760x, normalized=1659px
  image_09_registered.JPG: raw=1870px, scale=1.774x, normalized=1054px
  image_10_registered.JPG: raw=847px, scale=1.769x, normalized=479px
  image_11_registered.JPG: raw=475px, scale=1.768x, normalized=269px
Tray 35: image_11_registered.JPG [distance] normalized distance=269px, label=22075px²

Tray 36 candidate distances:
  image_02_registered.JPG: raw=2031px, scale=1.765x, normalized=1151px
  image_03_registered.JPG: raw=1672px, scale=1.766x, normalized=947px
  image_04_registered.JPG: raw=3159px, scale=1.755x, normalized=1800px
  image_05_registered.JPG: raw=2099px, scale=1.763x, normalized=1191px
  image_06_registered.JPG: raw=1296px, scale=1.740x, normalized=744px
  image_07_registered.JPG: raw=460px, scale=1.766x, normalized=260px
  image_08_registered.JPG: raw=954px, scale=1.760x, normalized=542px
  image_09_registered.JPG: raw=1816px, scale=1.774x, normalized=1024px
  image_10_registered.JPG: raw=2816px, scale=1.769x, normalized=1592px
  image_11_registered.JPG: raw=3036px, scale=1.768x, normalized=1717px
Tray 36: image_07_registered.JPG [distance] normalized distance=260px, label=25863px²

Tray 37 candidate distances:
  image_02_registered.JPG: raw=2340px, scale=1.765x, normalized=1326px
  image_03_registered.JPG: raw=1503px, scale=1.766x, normalized=851px
  image_04_registered.JPG: raw=2688px, scale=1.755x, normalized=1532px
  image_05_registered.JPG: raw=2807px, scale=1.763x, normalized=1592px
  image_06_registered.JPG: raw=3475px, scale=1.740x, normalized=1996px
  image_07_registered.JPG: raw=2670px, scale=1.766x, normalized=1512px
  image_08_registered.JPG: raw=2351px, scale=1.760x, normalized=1336px
  image_09_registered.JPG: raw=1346px, scale=1.774x, normalized=759px
  image_10_registered.JPG: raw=669px, scale=1.769x, normalized=378px
  image_11_registered.JPG: raw=1544px, scale=1.768x, normalized=873px
Tray 37: image_10_registered.JPG [distance] normalized distance=378px, label=20484px²

Tray 38 candidate distances:
  image_02_registered.JPG: raw=2594px, scale=1.765x, normalized=1470px
  image_03_registered.JPG: raw=1918px, scale=1.766x, normalized=1087px
  image_04_registered.JPG: raw=2734px, scale=1.755x, normalized=1558px
  image_05_registered.JPG: raw=3040px, scale=1.763x, normalized=1724px
  image_06_registered.JPG: raw=3820px, scale=1.740x, normalized=2195px
  image_07_registered.JPG: raw=3111px, scale=1.766x, normalized=1762px
  image_08_registered.JPG: raw=2817px, scale=1.760x, normalized=1600px
  image_09_registered.JPG: raw=1798px, scale=1.774x, normalized=1014px
  image_10_registered.JPG: raw=875px, scale=1.769x, normalized=494px
  image_11_registered.JPG: raw=1557px, scale=1.768x, normalized=880px
Tray 38: image_10_registered.JPG [distance] normalized distance=494px, label=0px²

Saved best_views.json for drawer_007

==================================================
Processing drawer_008
==================================================
Loaded 22 trays
Found 10 registered images

Best view for each tray:

Tray 1 candidate distances:
  image_02_registered.JPG: raw=1217px, scale=1.763x, normalized=691px
  image_03_registered.JPG: raw=477px, scale=1.779x, normalized=268px
  image_04_registered.JPG: raw=2155px, scale=1.753x, normalized=1229px
  image_05_registered.JPG: raw=1530px, scale=1.770x, normalized=865px
  image_06_registered.JPG: raw=1540px, scale=1.758x, normalized=876px
  image_07_registered.JPG: raw=772px, scale=1.768x, normalized=436px
  image_08_registered.JPG: raw=809px, scale=1.766x, normalized=458px
  image_09_registered.JPG: raw=778px, scale=1.779x, normalized=437px
  image_10_registered.JPG: raw=1816px, scale=1.766x, normalized=1028px
  image_11_registered.JPG: raw=1516px, scale=1.767x, normalized=858px
Tray 1: image_03_registered.JPG [distance] normalized distance=268px, label=24888px²

Tray 2 candidate distances:
  image_02_registered.JPG: raw=2172px, scale=1.763x, normalized=1232px
  image_03_registered.JPG: raw=1430px, scale=1.779x, normalized=804px
  image_04_registered.JPG: raw=3162px, scale=1.753x, normalized=1803px
  image_05_registered.JPG: raw=2400px, scale=1.770x, normalized=1356px
  image_06_registered.JPG: raw=1785px, scale=1.758x, normalized=1015px
  image_07_registered.JPG: raw=764px, scale=1.768x, normalized=432px
  image_08_registered.JPG: raw=505px, scale=1.766x, normalized=286px
  image_09_registered.JPG: raw=1522px, scale=1.779x, normalized=856px
  image_10_registered.JPG: raw=2700px, scale=1.766x, normalized=1529px
  image_11_registered.JPG: raw=2585px, scale=1.767x, normalized=1463px
Tray 2: image_08_registered.JPG [distance] normalized distance=286px, label=0px²

Tray 3 candidate distances:
  image_02_registered.JPG: raw=1918px, scale=1.763x, normalized=1088px
  image_03_registered.JPG: raw=772px, scale=1.779x, normalized=434px
  image_04_registered.JPG: raw=2808px, scale=1.753x, normalized=1602px
  image_05_registered.JPG: raw=2375px, scale=1.770x, normalized=1342px
  image_06_registered.JPG: raw=2296px, scale=1.758x, normalized=1306px
  image_07_registered.JPG: raw=1348px, scale=1.768x, normalized=762px
  image_08_registered.JPG: raw=564px, scale=1.766x, normalized=319px
  image_09_registered.JPG: raw=594px, scale=1.779x, normalized=334px
  image_10_registered.JPG: raw=1795px, scale=1.766x, normalized=1016px
  image_11_registered.JPG: raw=1931px, scale=1.767x, normalized=1093px
Tray 3: image_08_registered.JPG [distance] normalized distance=319px, label=0px²

Tray 4 candidate distances:
  image_02_registered.JPG: raw=1792px, scale=1.763x, normalized=1016px
  image_03_registered.JPG: raw=1552px, scale=1.779x, normalized=872px
  image_04_registered.JPG: raw=2728px, scale=1.753x, normalized=1556px
  image_05_registered.JPG: raw=1789px, scale=1.770x, normalized=1011px
  image_06_registered.JPG: raw=968px, scale=1.758x, normalized=551px
  image_07_registered.JPG: raw=308px, scale=1.768x, normalized=174px
  image_08_registered.JPG: raw=1133px, scale=1.766x, normalized=642px
  image_09_registered.JPG: raw=1821px, scale=1.779x, normalized=1024px
  image_10_registered.JPG: raw=2834px, scale=1.766x, normalized=1605px
  image_11_registered.JPG: raw=2441px, scale=1.767x, normalized=1381px
Tray 4: image_07_registered.JPG [distance] normalized distance=174px, label=28199px²

Tray 5 candidate distances:
  image_02_registered.JPG: raw=1792px, scale=1.763x, normalized=1016px
  image_03_registered.JPG: raw=857px, scale=1.779x, normalized=482px
  image_04_registered.JPG: raw=2428px, scale=1.753x, normalized=1385px
  image_05_registered.JPG: raw=2392px, scale=1.770x, normalized=1352px
  image_06_registered.JPG: raw=2753px, scale=1.758x, normalized=1566px
  image_07_registered.JPG: raw=2064px, scale=1.768x, normalized=1167px
  image_08_registered.JPG: raw=1504px, scale=1.766x, normalized=852px
  image_09_registered.JPG: raw=534px, scale=1.779x, normalized=300px
  image_10_registered.JPG: raw=893px, scale=1.766x, normalized=506px
  image_11_registered.JPG: raw=1369px, scale=1.767x, normalized=775px
Tray 5: image_09_registered.JPG [distance] normalized distance=300px, label=0px²

Tray 6 candidate distances:
  image_02_registered.JPG: raw=982px, scale=1.763x, normalized=557px
  image_03_registered.JPG: raw=583px, scale=1.779x, normalized=328px
  image_04_registered.JPG: raw=1623px, scale=1.753x, normalized=926px
  image_05_registered.JPG: raw=1556px, scale=1.770x, normalized=879px
  image_06_registered.JPG: raw=2171px, scale=1.758x, normalized=1235px
  image_07_registered.JPG: raw=1735px, scale=1.768x, normalized=981px
  image_08_registered.JPG: raw=1611px, scale=1.766x, normalized=912px
  image_09_registered.JPG: raw=719px, scale=1.779x, normalized=404px
  image_10_registered.JPG: raw=913px, scale=1.766x, normalized=517px
  image_11_registered.JPG: raw=650px, scale=1.767x, normalized=368px
Tray 6: image_03_registered.JPG [distance] normalized distance=328px, label=28761px²

Tray 7 candidate distances:
  image_02_registered.JPG: raw=1520px, scale=1.763x, normalized=862px
  image_03_registered.JPG: raw=1559px, scale=1.779x, normalized=876px
  image_04_registered.JPG: raw=1586px, scale=1.753x, normalized=904px
  image_05_registered.JPG: raw=2109px, scale=1.770x, normalized=1191px
  image_06_registered.JPG: raw=2963px, scale=1.758x, normalized=1685px
  image_07_registered.JPG: raw=2731px, scale=1.768x, normalized=1544px
  image_08_registered.JPG: raw=2524px, scale=1.766x, normalized=1430px
  image_09_registered.JPG: raw=1551px, scale=1.779x, normalized=872px
  image_10_registered.JPG: raw=461px, scale=1.766x, normalized=261px
  image_11_registered.JPG: raw=689px, scale=1.767x, normalized=390px
Tray 7: image_10_registered.JPG [distance] normalized distance=261px, label=0px²

Tray 8 candidate distances:
  image_02_registered.JPG: raw=2312px, scale=1.763x, normalized=1311px
  image_03_registered.JPG: raw=1758px, scale=1.779x, normalized=988px
  image_04_registered.JPG: raw=2613px, scale=1.753x, normalized=1490px
  image_05_registered.JPG: raw=2969px, scale=1.770x, normalized=1678px
  image_06_registered.JPG: raw=3525px, scale=1.758x, normalized=2005px
  image_07_registered.JPG: raw=3033px, scale=1.768x, normalized=1715px
  image_08_registered.JPG: raw=2472px, scale=1.766x, normalized=1400px
  image_09_registered.JPG: raw=1505px, scale=1.779x, normalized=846px
  image_10_registered.JPG: raw=653px, scale=1.766x, normalized=370px
  image_11_registered.JPG: raw=1578px, scale=1.767x, normalized=893px
Tray 8: image_10_registered.JPG [distance] normalized distance=370px, label=0px²

Tray 9 candidate distances:
  image_02_registered.JPG: raw=821px, scale=1.763x, normalized=466px
  image_03_registered.JPG: raw=1549px, scale=1.779x, normalized=871px
  image_04_registered.JPG: raw=1546px, scale=1.753x, normalized=882px
  image_05_registered.JPG: raw=496px, scale=1.770x, normalized=280px
  image_06_registered.JPG: raw=738px, scale=1.758x, normalized=420px
  image_07_registered.JPG: raw=1210px, scale=1.768x, normalized=684px
  image_08_registered.JPG: raw=1948px, scale=1.766x, normalized=1103px
  image_09_registered.JPG: raw=1942px, scale=1.779x, normalized=1092px
  image_10_registered.JPG: raw=2446px, scale=1.766x, normalized=1385px
  image_11_registered.JPG: raw=1675px, scale=1.767x, normalized=948px
Tray 9: image_05_registered.JPG [distance] normalized distance=280px, label=29440px²

Tray 10 candidate distances:
  image_02_registered.JPG: raw=2581px, scale=1.763x, normalized=1464px
  image_03_registered.JPG: raw=1633px, scale=1.779x, normalized=918px
  image_04_registered.JPG: raw=3574px, scale=1.753x, normalized=2039px
  image_05_registered.JPG: raw=2946px, scale=1.770x, normalized=1665px
  image_06_registered.JPG: raw=2400px, scale=1.758x, normalized=1365px
  image_07_registered.JPG: raw=1370px, scale=1.768x, normalized=775px
  image_08_registered.JPG: raw=637px, scale=1.766x, normalized=361px
  image_09_registered.JPG: raw=1572px, scale=1.779x, normalized=884px
  image_10_registered.JPG: raw=2750px, scale=1.766x, normalized=1557px
  image_11_registered.JPG: raw=2844px, scale=1.767x, normalized=1609px
Tray 10: image_08_registered.JPG [distance] normalized distance=361px, label=0px²

Tray 11 candidate distances:
  image_02_registered.JPG: raw=1825px, scale=1.763x, normalized=1035px
  image_03_registered.JPG: raw=2364px, scale=1.779x, normalized=1329px
  image_04_registered.JPG: raw=2470px, scale=1.753x, normalized=1409px
  image_05_registered.JPG: raw=1451px, scale=1.770x, normalized=820px
  image_06_registered.JPG: raw=389px, scale=1.758x, normalized=221px
  image_07_registered.JPG: raw=1407px, scale=1.768x, normalized=796px
  image_08_registered.JPG: raw=2319px, scale=1.766x, normalized=1314px
  image_09_registered.JPG: raw=2744px, scale=1.779x, normalized=1543px
  image_10_registered.JPG: raw=3390px, scale=1.766x, normalized=1920px
  image_11_registered.JPG: raw=2727px, scale=1.767x, normalized=1543px
Tray 11: image_06_registered.JPG [distance] normalized distance=221px, label=28695px²

Tray 12 candidate distances:
  image_02_registered.JPG: raw=527px, scale=1.763x, normalized=299px
  image_03_registered.JPG: raw=1780px, scale=1.779x, normalized=1001px
  image_04_registered.JPG: raw=537px, scale=1.753x, normalized=306px
  image_05_registered.JPG: raw=531px, scale=1.770x, normalized=300px
  image_06_registered.JPG: raw=1710px, scale=1.758x, normalized=973px
  image_07_registered.JPG: raw=2084px, scale=1.768x, normalized=1178px
  image_08_registered.JPG: raw=2554px, scale=1.766x, normalized=1446px
  image_09_registered.JPG: raw=2123px, scale=1.779x, normalized=1194px
  image_10_registered.JPG: raw=2052px, scale=1.766x, normalized=1162px
  image_11_registered.JPG: raw=1119px, scale=1.767x, normalized=633px
Tray 12: image_02_registered.JPG [distance] normalized distance=299px, label=0px²

Tray 13 candidate distances:
  image_02_registered.JPG: raw=204px, scale=1.763x, normalized=116px
  image_03_registered.JPG: raw=1374px, scale=1.779x, normalized=773px
  image_04_registered.JPG: raw=728px, scale=1.753x, normalized=415px
  image_05_registered.JPG: raw=647px, scale=1.770x, normalized=366px
  image_06_registered.JPG: raw=1724px, scale=1.758x, normalized=981px
  image_07_registered.JPG: raw=1864px, scale=1.768x, normalized=1054px
  image_08_registered.JPG: raw=2225px, scale=1.766x, normalized=1260px
  image_09_registered.JPG: raw=1699px, scale=1.779x, normalized=955px
  image_10_registered.JPG: raw=1687px, scale=1.766x, normalized=955px
  image_11_registered.JPG: raw=764px, scale=1.767x, normalized=432px
Tray 13: image_02_registered.JPG [distance] normalized distance=116px, label=25835px²

Tray 14 candidate distances:
  image_02_registered.JPG: raw=388px, scale=1.763x, normalized=220px
  image_03_registered.JPG: raw=998px, scale=1.779x, normalized=561px
  image_04_registered.JPG: raw=1049px, scale=1.753x, normalized=598px
  image_05_registered.JPG: raw=964px, scale=1.770x, normalized=545px
  image_06_registered.JPG: raw=1846px, scale=1.758x, normalized=1050px
  image_07_registered.JPG: raw=1736px, scale=1.768x, normalized=982px
  image_08_registered.JPG: raw=1938px, scale=1.766x, normalized=1097px
  image_09_registered.JPG: raw=1289px, scale=1.779x, normalized=725px
  image_10_registered.JPG: raw=1338px, scale=1.766x, normalized=758px
  image_11_registered.JPG: raw=503px, scale=1.767x, normalized=285px
Tray 14: image_02_registered.JPG [distance] normalized distance=220px, label=26846px²

Tray 15 candidate distances:
  image_02_registered.JPG: raw=1701px, scale=1.763x, normalized=965px
  image_03_registered.JPG: raw=1894px, scale=1.779x, normalized=1065px
  image_04_registered.JPG: raw=2524px, scale=1.753x, normalized=1439px
  image_05_registered.JPG: raw=1495px, scale=1.770x, normalized=845px
  image_06_registered.JPG: raw=389px, scale=1.758x, normalized=221px
  image_07_registered.JPG: raw=807px, scale=1.768x, normalized=456px
  image_08_registered.JPG: raw=1721px, scale=1.766x, normalized=974px
  image_09_registered.JPG: raw=2236px, scale=1.779x, normalized=1257px
  image_10_registered.JPG: raw=3065px, scale=1.766x, normalized=1736px
  image_11_registered.JPG: raw=2507px, scale=1.767x, normalized=1419px
Tray 15: image_06_registered.JPG [distance] normalized distance=221px, label=25169px²

Tray 16 candidate distances:
  image_02_registered.JPG: raw=913px, scale=1.763x, normalized=518px
  image_03_registered.JPG: raw=2185px, scale=1.779x, normalized=1228px
  image_04_registered.JPG: raw=645px, scale=1.753x, normalized=368px
  image_05_registered.JPG: raw=679px, scale=1.770x, normalized=384px
  image_06_registered.JPG: raw=1766px, scale=1.758x, normalized=1004px
  image_07_registered.JPG: raw=2336px, scale=1.768x, normalized=1321px
  image_08_registered.JPG: raw=2885px, scale=1.766x, normalized=1634px
  image_09_registered.JPG: raw=2543px, scale=1.779x, normalized=1430px
  image_10_registered.JPG: raw=2435px, scale=1.766x, normalized=1379px
  image_11_registered.JPG: raw=1513px, scale=1.767x, normalized=856px
Tray 16: image_05_registered.JPG [label override] normalized distance=384px, label=27596px²

Tray 17 candidate distances:
  image_02_registered.JPG: raw=1033px, scale=1.763x, normalized=586px
  image_03_registered.JPG: raw=2107px, scale=1.779x, normalized=1184px
  image_04_registered.JPG: raw=212px, scale=1.753x, normalized=121px
  image_05_registered.JPG: raw=1253px, scale=1.770x, normalized=708px
  image_06_registered.JPG: raw=2406px, scale=1.758x, normalized=1369px
  image_07_registered.JPG: raw=2710px, scale=1.768x, normalized=1533px
  image_08_registered.JPG: raw=2996px, scale=1.766x, normalized=1697px
  image_09_registered.JPG: raw=2368px, scale=1.779x, normalized=1332px
  image_10_registered.JPG: raw=1862px, scale=1.766x, normalized=1054px
  image_11_registered.JPG: raw=1025px, scale=1.767x, normalized=580px
Tray 17: image_04_registered.JPG [distance] normalized distance=121px, label=26957px²

Tray 18 candidate distances:
  image_02_registered.JPG: raw=1408px, scale=1.763x, normalized=798px
  image_03_registered.JPG: raw=2181px, scale=1.779x, normalized=1226px
  image_04_registered.JPG: raw=828px, scale=1.753x, normalized=472px
  image_05_registered.JPG: raw=1782px, scale=1.770x, normalized=1007px
  image_06_registered.JPG: raw=2880px, scale=1.758x, normalized=1638px
  image_07_registered.JPG: raw=3039px, scale=1.768x, normalized=1718px
  image_08_registered.JPG: raw=3129px, scale=1.766x, normalized=1772px
  image_09_registered.JPG: raw=2346px, scale=1.779x, normalized=1319px
  image_10_registered.JPG: raw=1518px, scale=1.766x, normalized=860px
  image_11_registered.JPG: raw=954px, scale=1.767x, normalized=540px
Tray 18: image_04_registered.JPG [distance] normalized distance=472px, label=24609px²

Tray 19 candidate distances:
  image_02_registered.JPG: raw=919px, scale=1.763x, normalized=521px
  image_03_registered.JPG: raw=1793px, scale=1.779x, normalized=1008px
  image_04_registered.JPG: raw=523px, scale=1.753x, normalized=298px
  image_05_registered.JPG: raw=1315px, scale=1.770x, normalized=743px
  image_06_registered.JPG: raw=2422px, scale=1.758x, normalized=1377px
  image_07_registered.JPG: raw=2557px, scale=1.768x, normalized=1446px
  image_08_registered.JPG: raw=2739px, scale=1.766x, normalized=1551px
  image_09_registered.JPG: raw=2014px, scale=1.779x, normalized=1132px
  image_10_registered.JPG: raw=1464px, scale=1.766x, normalized=829px
  image_11_registered.JPG: raw=640px, scale=1.767x, normalized=362px
Tray 19: image_04_registered.JPG [distance] normalized distance=298px, label=26951px²

Tray 20 candidate distances:
  image_02_registered.JPG: raw=1496px, scale=1.763x, normalized=849px
  image_03_registered.JPG: raw=2457px, scale=1.779x, normalized=1381px
  image_04_registered.JPG: raw=691px, scale=1.753x, normalized=394px
  image_05_registered.JPG: raw=1742px, scale=1.770x, normalized=984px
  image_06_registered.JPG: raw=2873px, scale=1.758x, normalized=1634px
  image_07_registered.JPG: raw=3177px, scale=1.768x, normalized=1796px
  image_08_registered.JPG: raw=3363px, scale=1.766x, normalized=1905px
  image_09_registered.JPG: raw=2668px, scale=1.779x, normalized=1500px
  image_10_registered.JPG: raw=1915px, scale=1.766x, normalized=1084px
  image_11_registered.JPG: raw=1257px, scale=1.767x, normalized=711px
Tray 20: image_04_registered.JPG [distance] normalized distance=394px, label=26730px²

Tray 21 candidate distances:
  image_02_registered.JPG: raw=1268px, scale=1.763x, normalized=719px
  image_03_registered.JPG: raw=2460px, scale=1.779x, normalized=1383px
  image_04_registered.JPG: raw=379px, scale=1.753x, normalized=216px
  image_05_registered.JPG: raw=1306px, scale=1.770x, normalized=738px
  image_06_registered.JPG: raw=2440px, scale=1.758x, normalized=1388px
  image_07_registered.JPG: raw=2908px, scale=1.768x, normalized=1644px
  image_08_registered.JPG: raw=3282px, scale=1.766x, normalized=1859px
  image_09_registered.JPG: raw=2754px, scale=1.779x, normalized=1549px
  image_10_registered.JPG: raw=2280px, scale=1.766x, normalized=1291px
  image_11_registered.JPG: raw=1437px, scale=1.767x, normalized=813px
Tray 21: image_04_registered.JPG [distance] normalized distance=216px, label=26868px²

Tray 22 candidate distances:
  image_02_registered.JPG: raw=1666px, scale=1.763x, normalized=945px
  image_03_registered.JPG: raw=2760px, scale=1.779x, normalized=1552px
  image_04_registered.JPG: raw=759px, scale=1.753x, normalized=433px
  image_05_registered.JPG: raw=1777px, scale=1.770x, normalized=1004px
  image_06_registered.JPG: raw=2903px, scale=1.758x, normalized=1651px
  image_07_registered.JPG: raw=3344px, scale=1.768x, normalized=1891px
  image_08_registered.JPG: raw=3613px, scale=1.766x, normalized=2046px
  image_09_registered.JPG: raw=3010px, scale=1.779x, normalized=1692px
  image_10_registered.JPG: raw=2314px, scale=1.766x, normalized=1311px
  image_11_registered.JPG: raw=1602px, scale=1.767x, normalized=906px
Tray 22: image_04_registered.JPG [distance] normalized distance=433px, label=28693px²

Saved best_views.json for drawer_008

==================================================
Processing drawer_009
==================================================
Loaded 28 trays
Found 10 registered images

Best view for each tray:

Tray 1 candidate distances:
  image_02_registered.JPG: raw=2022px, scale=1.730x, normalized=1169px
  image_03_registered.JPG: raw=1483px, scale=1.741x, normalized=852px
  image_04_registered.JPG: raw=3138px, scale=1.730x, normalized=1814px
  image_05_registered.JPG: raw=2286px, scale=1.745x, normalized=1310px
  image_06_registered.JPG: raw=1717px, scale=1.714x, normalized=1001px
  image_07_registered.JPG: raw=1067px, scale=1.726x, normalized=618px
  image_08_registered.JPG: raw=566px, scale=1.734x, normalized=327px
  image_09_registered.JPG: raw=1486px, scale=1.748x, normalized=850px
  image_10_registered.JPG: raw=2658px, scale=1.747x, normalized=1521px
  image_11_registered.JPG: raw=3183px, scale=1.750x, normalized=1818px
Tray 1: image_08_registered.JPG [distance] normalized distance=327px, label=0px²

Tray 2 candidate distances:
  image_02_registered.JPG: raw=1466px, scale=1.730x, normalized=847px
  image_03_registered.JPG: raw=1765px, scale=1.741x, normalized=1014px
  image_04_registered.JPG: raw=2616px, scale=1.730x, normalized=1512px
  image_05_registered.JPG: raw=1598px, scale=1.745x, normalized=916px
  image_06_registered.JPG: raw=561px, scale=1.714x, normalized=327px
  image_07_registered.JPG: raw=292px, scale=1.726x, normalized=169px
  image_08_registered.JPG: raw=1721px, scale=1.734x, normalized=993px
  image_09_registered.JPG: raw=2084px, scale=1.748x, normalized=1192px
  image_10_registered.JPG: raw=3014px, scale=1.747x, normalized=1725px
  image_11_registered.JPG: raw=3072px, scale=1.750x, normalized=1755px
Tray 2: image_07_registered.JPG [distance] normalized distance=169px, label=0px²

Tray 3 candidate distances:
  image_02_registered.JPG: raw=496px, scale=1.730x, normalized=287px
  image_03_registered.JPG: raw=1269px, scale=1.741x, normalized=729px
  image_04_registered.JPG: raw=1653px, scale=1.730x, normalized=955px
  image_05_registered.JPG: raw=668px, scale=1.745x, normalized=383px
  image_06_registered.JPG: raw=726px, scale=1.714x, normalized=424px
  image_07_registered.JPG: raw=827px, scale=1.726x, normalized=479px
  image_08_registered.JPG: raw=1982px, scale=1.734x, normalized=1143px
  image_09_registered.JPG: raw=1775px, scale=1.748x, normalized=1016px
  image_10_registered.JPG: raw=2394px, scale=1.747x, normalized=1371px
  image_11_registered.JPG: raw=2135px, scale=1.750x, normalized=1219px
Tray 3: image_02_registered.JPG [distance] normalized distance=287px, label=0px²

Tray 4 candidate distances:
  image_02_registered.JPG: raw=2009px, scale=1.730x, normalized=1161px
  image_03_registered.JPG: raw=1442px, scale=1.741x, normalized=828px
  image_04_registered.JPG: raw=1891px, scale=1.730x, normalized=1093px
  image_05_registered.JPG: raw=2213px, scale=1.745x, normalized=1268px
  image_06_registered.JPG: raw=3029px, scale=1.714x, normalized=1767px
  image_07_registered.JPG: raw=2903px, scale=1.726x, normalized=1682px
  image_08_registered.JPG: raw=2548px, scale=1.734x, normalized=1470px
  image_09_registered.JPG: raw=1385px, scale=1.748x, normalized=793px
  image_10_registered.JPG: raw=261px, scale=1.747x, normalized=149px
  image_11_registered.JPG: raw=951px, scale=1.750x, normalized=543px
Tray 4: image_10_registered.JPG [distance] normalized distance=149px, label=30101px²

Tray 5 candidate distances:
  image_02_registered.JPG: raw=814px, scale=1.730x, normalized=471px
  image_03_registered.JPG: raw=1863px, scale=1.741x, normalized=1070px
  image_04_registered.JPG: raw=1592px, scale=1.730x, normalized=920px
  image_05_registered.JPG: raw=635px, scale=1.745x, normalized=364px
  image_06_registered.JPG: raw=738px, scale=1.714x, normalized=431px
  image_07_registered.JPG: raw=1241px, scale=1.726x, normalized=719px
  image_08_registered.JPG: raw=2571px, scale=1.734x, normalized=1483px
  image_09_registered.JPG: raw=2355px, scale=1.748x, normalized=1347px
  image_10_registered.JPG: raw=2830px, scale=1.747x, normalized=1620px
  image_11_registered.JPG: raw=2356px, scale=1.750x, normalized=1346px
Tray 5: image_05_registered.JPG [distance] normalized distance=364px, label=25321px²

Tray 6 candidate distances:
  image_02_registered.JPG: raw=1513px, scale=1.730x, normalized=875px
  image_03_registered.JPG: raw=2178px, scale=1.741x, normalized=1251px
  image_04_registered.JPG: raw=2519px, scale=1.730x, normalized=1455px
  image_05_registered.JPG: raw=1499px, scale=1.745x, normalized=859px
  image_06_registered.JPG: raw=317px, scale=1.714x, normalized=185px
  image_07_registered.JPG: raw=845px, scale=1.726x, normalized=490px
  image_08_registered.JPG: raw=2341px, scale=1.734x, normalized=1350px
  image_09_registered.JPG: raw=2546px, scale=1.748x, normalized=1457px
  image_10_registered.JPG: raw=3331px, scale=1.747x, normalized=1907px
  image_11_registered.JPG: raw=3189px, scale=1.750x, normalized=1822px
Tray 6: image_06_registered.JPG [distance] normalized distance=185px, label=26100px²

Tray 7 candidate distances:
  image_02_registered.JPG: raw=1684px, scale=1.730x, normalized=973px
  image_03_registered.JPG: raw=2503px, scale=1.741x, normalized=1438px
  image_04_registered.JPG: raw=2550px, scale=1.730x, normalized=1474px
  image_05_registered.JPG: raw=1580px, scale=1.745x, normalized=906px
  image_06_registered.JPG: raw=622px, scale=1.714x, normalized=363px
  image_07_registered.JPG: raw=1237px, scale=1.726x, normalized=716px
  image_08_registered.JPG: raw=2736px, scale=1.734x, normalized=1578px
  image_09_registered.JPG: raw=2873px, scale=1.748x, normalized=1644px
  image_10_registered.JPG: raw=3578px, scale=1.747x, normalized=2048px
  image_11_registered.JPG: raw=3342px, scale=1.750x, normalized=1910px
Tray 7: image_06_registered.JPG [distance] normalized distance=363px, label=26162px²

Tray 8 candidate distances:
  image_02_registered.JPG: raw=1304px, scale=1.730x, normalized=754px
  image_03_registered.JPG: raw=516px, scale=1.741x, normalized=297px
  image_04_registered.JPG: raw=2307px, scale=1.730x, normalized=1333px
  image_05_registered.JPG: raw=1653px, scale=1.745x, normalized=948px
  image_06_registered.JPG: raw=1647px, scale=1.714x, normalized=961px
  image_07_registered.JPG: raw=1138px, scale=1.726x, normalized=659px
  image_08_registered.JPG: raw=902px, scale=1.734x, normalized=520px
  image_09_registered.JPG: raw=729px, scale=1.748x, normalized=417px
  image_10_registered.JPG: raw=1801px, scale=1.747x, normalized=1031px
  image_11_registered.JPG: raw=2204px, scale=1.750x, normalized=1259px
Tray 8: image_03_registered.JPG [distance] normalized distance=297px, label=0px²

Tray 9 candidate distances:
  image_02_registered.JPG: raw=2095px, scale=1.730x, normalized=1211px
  image_03_registered.JPG: raw=1022px, scale=1.741x, normalized=587px
  image_04_registered.JPG: raw=2940px, scale=1.730x, normalized=1699px
  image_05_registered.JPG: raw=2419px, scale=1.745x, normalized=1386px
  image_06_registered.JPG: raw=2395px, scale=1.714x, normalized=1397px
  image_07_registered.JPG: raw=1845px, scale=1.726x, normalized=1069px
  image_08_registered.JPG: raw=644px, scale=1.734x, normalized=372px
  image_09_registered.JPG: raw=632px, scale=1.748x, normalized=362px
  image_10_registered.JPG: raw=1777px, scale=1.747x, normalized=1017px
  image_11_registered.JPG: raw=2588px, scale=1.750x, normalized=1479px
Tray 9: image_09_registered.JPG [distance] normalized distance=362px, label=0px²

Tray 10 candidate distances:
  image_02_registered.JPG: raw=1693px, scale=1.730x, normalized=979px
  image_03_registered.JPG: raw=696px, scale=1.741x, normalized=400px
  image_04_registered.JPG: raw=2606px, scale=1.730x, normalized=1506px
  image_05_registered.JPG: raw=2032px, scale=1.745x, normalized=1165px
  image_06_registered.JPG: raw=2024px, scale=1.714x, normalized=1180px
  image_07_registered.JPG: raw=1485px, scale=1.726x, normalized=860px
  image_08_registered.JPG: raw=680px, scale=1.734x, normalized=392px
  image_09_registered.JPG: raw=541px, scale=1.748x, normalized=309px
  image_10_registered.JPG: raw=1732px, scale=1.747x, normalized=992px
  image_11_registered.JPG: raw=2360px, scale=1.750x, normalized=1348px
Tray 10: image_09_registered.JPG [distance] normalized distance=309px, label=24934px²

Tray 11 candidate distances:
  image_02_registered.JPG: raw=2081px, scale=1.730x, normalized=1203px
  image_03_registered.JPG: raw=993px, scale=1.741x, normalized=570px
  image_04_registered.JPG: raw=2552px, scale=1.730x, normalized=1475px
  image_05_registered.JPG: raw=2388px, scale=1.745x, normalized=1369px
  image_06_registered.JPG: raw=2784px, scale=1.714x, normalized=1624px
  image_07_registered.JPG: raw=2407px, scale=1.726x, normalized=1395px
  image_08_registered.JPG: raw=1570px, scale=1.734x, normalized=906px
  image_09_registered.JPG: raw=510px, scale=1.748x, normalized=292px
  image_10_registered.JPG: raw=899px, scale=1.747x, normalized=515px
  image_11_registered.JPG: raw=1904px, scale=1.750x, normalized=1088px
Tray 11: image_09_registered.JPG [distance] normalized distance=292px, label=0px²

Tray 12 candidate distances:
  image_02_registered.JPG: raw=1448px, scale=1.730x, normalized=837px
  image_03_registered.JPG: raw=1986px, scale=1.741x, normalized=1141px
  image_04_registered.JPG: raw=403px, scale=1.730x, normalized=233px
  image_05_registered.JPG: raw=1344px, scale=1.745x, normalized=770px
  image_06_registered.JPG: raw=2530px, scale=1.714x, normalized=1476px
  image_07_registered.JPG: raw=2749px, scale=1.726x, normalized=1592px
  image_08_registered.JPG: raw=3258px, scale=1.734x, normalized=1879px
  image_09_registered.JPG: raw=2356px, scale=1.748x, normalized=1348px
  image_10_registered.JPG: raw=1859px, scale=1.747x, normalized=1064px
  image_11_registered.JPG: raw=710px, scale=1.750x, normalized=406px
Tray 12: image_04_registered.JPG [distance] normalized distance=233px, label=27951px²

Tray 13 candidate distances:
  image_02_registered.JPG: raw=925px, scale=1.730x, normalized=535px
  image_03_registered.JPG: raw=612px, scale=1.741x, normalized=352px
  image_04_registered.JPG: raw=2026px, scale=1.730x, normalized=1171px
  image_05_registered.JPG: raw=1274px, scale=1.745x, normalized=730px
  image_06_registered.JPG: raw=1282px, scale=1.714x, normalized=748px
  image_07_registered.JPG: raw=862px, scale=1.726x, normalized=499px
  image_08_registered.JPG: raw=1241px, scale=1.734x, normalized=716px
  image_09_registered.JPG: raw=1047px, scale=1.748x, normalized=599px
  image_10_registered.JPG: raw=1942px, scale=1.747x, normalized=1112px
  image_11_registered.JPG: raw=2099px, scale=1.750x, normalized=1199px
Tray 13: image_03_registered.JPG [distance] normalized distance=352px, label=26480px²

Tray 14 candidate distances:
  image_02_registered.JPG: raw=230px, scale=1.730x, normalized=133px
  image_03_registered.JPG: raw=1181px, scale=1.741x, normalized=678px
  image_04_registered.JPG: raw=979px, scale=1.730x, normalized=566px
  image_05_registered.JPG: raw=359px, scale=1.745x, normalized=206px
  image_06_registered.JPG: raw=1402px, scale=1.714x, normalized=818px
  image_07_registered.JPG: raw=1512px, scale=1.726x, normalized=876px
  image_08_registered.JPG: raw=2307px, scale=1.734x, normalized=1331px
  image_09_registered.JPG: raw=1707px, scale=1.748x, normalized=977px
  image_10_registered.JPG: raw=1955px, scale=1.747x, normalized=1119px
  image_11_registered.JPG: raw=1430px, scale=1.750x, normalized=817px
Tray 14: image_02_registered.JPG [distance] normalized distance=133px, label=0px²

Tray 15 candidate distances:
  image_02_registered.JPG: raw=1294px, scale=1.730x, normalized=748px
  image_03_registered.JPG: raw=449px, scale=1.741x, normalized=258px
  image_04_registered.JPG: raw=1794px, scale=1.730x, normalized=1037px
  image_05_registered.JPG: raw=1606px, scale=1.745x, normalized=920px
  image_06_registered.JPG: raw=2191px, scale=1.714x, normalized=1278px
  image_07_registered.JPG: raw=1915px, scale=1.726x, normalized=1110px
  image_08_registered.JPG: raw=1690px, scale=1.734x, normalized=974px
  image_09_registered.JPG: raw=604px, scale=1.748x, normalized=345px
  image_10_registered.JPG: raw=933px, scale=1.747x, normalized=534px
  image_11_registered.JPG: raw=1344px, scale=1.750x, normalized=768px
Tray 15: image_03_registered.JPG [distance] normalized distance=258px, label=30002px²

Tray 16 candidate distances:
  image_02_registered.JPG: raw=1653px, scale=1.730x, normalized=956px
  image_03_registered.JPG: raw=2468px, scale=1.741x, normalized=1418px
  image_04_registered.JPG: raw=513px, scale=1.730x, normalized=297px
  image_05_registered.JPG: raw=1416px, scale=1.745x, normalized=812px
  image_06_registered.JPG: raw=2568px, scale=1.714x, normalized=1498px
  image_07_registered.JPG: raw=2930px, scale=1.726x, normalized=1697px
  image_08_registered.JPG: raw=3666px, scale=1.734x, normalized=2115px
  image_09_registered.JPG: raw=2880px, scale=1.748x, normalized=1648px
  image_10_registered.JPG: raw=2466px, scale=1.747x, normalized=1412px
  image_11_registered.JPG: raw=1333px, scale=1.750x, normalized=761px
Tray 16: image_04_registered.JPG [distance] normalized distance=297px, label=32587px²

Tray 17 candidate distances:
  image_02_registered.JPG: raw=650px, scale=1.730x, normalized=376px
  image_03_registered.JPG: raw=1644px, scale=1.741x, normalized=944px
  image_04_registered.JPG: raw=625px, scale=1.730x, normalized=361px
  image_05_registered.JPG: raw=387px, scale=1.745x, normalized=222px
  image_06_registered.JPG: raw=1615px, scale=1.714x, normalized=942px
  image_07_registered.JPG: raw=1886px, scale=1.726x, normalized=1092px
  image_08_registered.JPG: raw=2774px, scale=1.734x, normalized=1600px
  image_09_registered.JPG: raw=2143px, scale=1.748x, normalized=1226px
  image_10_registered.JPG: raw=2198px, scale=1.747x, normalized=1258px
  image_11_registered.JPG: raw=1414px, scale=1.750x, normalized=808px
Tray 17: image_05_registered.JPG [distance] normalized distance=222px, label=32569px²

Tray 18 candidate distances:
  image_02_registered.JPG: raw=590px, scale=1.730x, normalized=341px
  image_03_registered.JPG: raw=858px, scale=1.741x, normalized=493px
  image_04_registered.JPG: raw=1073px, scale=1.730x, normalized=620px
  image_05_registered.JPG: raw=828px, scale=1.745x, normalized=474px
  image_06_registered.JPG: raw=1737px, scale=1.714x, normalized=1013px
  image_07_registered.JPG: raw=1694px, scale=1.726x, normalized=982px
  image_08_registered.JPG: raw=2139px, scale=1.734x, normalized=1234px
  image_09_registered.JPG: raw=1342px, scale=1.748x, normalized=768px
  image_10_registered.JPG: raw=1495px, scale=1.747x, normalized=856px
  image_11_registered.JPG: raw=1119px, scale=1.750x, normalized=639px
Tray 18: image_02_registered.JPG [distance] normalized distance=341px, label=28342px²

Tray 19 candidate distances:
  image_02_registered.JPG: raw=1242px, scale=1.730x, normalized=718px
  image_03_registered.JPG: raw=1394px, scale=1.741x, normalized=801px
  image_04_registered.JPG: raw=846px, scale=1.730x, normalized=489px
  image_05_registered.JPG: raw=1318px, scale=1.745x, normalized=755px
  image_06_registered.JPG: raw=2396px, scale=1.714x, normalized=1397px
  image_07_registered.JPG: raw=2440px, scale=1.726x, normalized=1413px
  image_08_registered.JPG: raw=2707px, scale=1.734x, normalized=1561px
  image_09_registered.JPG: raw=1710px, scale=1.748x, normalized=978px
  image_10_registered.JPG: raw=1251px, scale=1.747x, normalized=716px
  image_11_registered.JPG: raw=385px, scale=1.750x, normalized=220px
Tray 19: image_11_registered.JPG [distance] normalized distance=220px, label=0px²

Tray 20 candidate distances:
  image_02_registered.JPG: raw=618px, scale=1.730x, normalized=358px
  image_03_registered.JPG: raw=915px, scale=1.741x, normalized=526px
  image_04_registered.JPG: raw=1805px, scale=1.730x, normalized=1043px
  image_05_registered.JPG: raw=932px, scale=1.745x, normalized=534px
  image_06_registered.JPG: raw=954px, scale=1.714x, normalized=557px
  image_07_registered.JPG: raw=735px, scale=1.726x, normalized=426px
  image_08_registered.JPG: raw=1608px, scale=1.734x, normalized=928px
  image_09_registered.JPG: raw=1410px, scale=1.748x, normalized=807px
  image_10_registered.JPG: raw=2152px, scale=1.747x, normalized=1232px
  image_11_registered.JPG: raw=2082px, scale=1.750x, normalized=1189px
Tray 20: image_02_registered.JPG [distance] normalized distance=358px, label=24196px²

Tray 21 candidate distances:
  image_02_registered.JPG: raw=706px, scale=1.730x, normalized=408px
  image_03_registered.JPG: raw=1353px, scale=1.741x, normalized=777px
  image_04_registered.JPG: raw=590px, scale=1.730x, normalized=341px
  image_05_registered.JPG: raw=695px, scale=1.745x, normalized=398px
  image_06_registered.JPG: raw=1858px, scale=1.714x, normalized=1084px
  image_07_registered.JPG: raw=1985px, scale=1.726x, normalized=1150px
  image_08_registered.JPG: raw=2604px, scale=1.734x, normalized=1502px
  image_09_registered.JPG: raw=1816px, scale=1.748x, normalized=1039px
  image_10_registered.JPG: raw=1749px, scale=1.747x, normalized=1001px
  image_11_registered.JPG: raw=988px, scale=1.750x, normalized=564px
Tray 21: image_04_registered.JPG [distance] normalized distance=341px, label=28037px²

Tray 22 candidate distances:
  image_02_registered.JPG: raw=816px, scale=1.730x, normalized=471px
  image_03_registered.JPG: raw=401px, scale=1.741x, normalized=231px
  image_04_registered.JPG: raw=1522px, scale=1.730x, normalized=880px
  image_05_registered.JPG: raw=1151px, scale=1.745x, normalized=659px
  image_06_registered.JPG: raw=1760px, scale=1.714x, normalized=1027px
  image_07_registered.JPG: raw=1543px, scale=1.726x, normalized=894px
  image_08_registered.JPG: raw=1720px, scale=1.734x, normalized=992px
  image_09_registered.JPG: raw=907px, scale=1.748x, normalized=519px
  image_10_registered.JPG: raw=1346px, scale=1.747x, normalized=771px
  image_11_registered.JPG: raw=1375px, scale=1.750x, normalized=785px
Tray 22: image_03_registered.JPG [distance] normalized distance=231px, label=0px²

Tray 23 candidate distances:
  image_02_registered.JPG: raw=1711px, scale=1.730x, normalized=989px
  image_03_registered.JPG: raw=1828px, scale=1.741x, normalized=1050px
  image_04_registered.JPG: raw=1017px, scale=1.730x, normalized=588px
  image_05_registered.JPG: raw=1746px, scale=1.745x, normalized=1000px
  image_06_registered.JPG: raw=2839px, scale=1.714x, normalized=1656px
  image_07_registered.JPG: raw=2935px, scale=1.726x, normalized=1700px
  image_08_registered.JPG: raw=3110px, scale=1.734x, normalized=1794px
  image_09_registered.JPG: raw=2068px, scale=1.748x, normalized=1183px
  image_10_registered.JPG: raw=1297px, scale=1.747x, normalized=743px
  image_11_registered.JPG: raw=136px, scale=1.750x, normalized=78px
Tray 23: image_11_registered.JPG [distance] normalized distance=78px, label=26980px²

Tray 24 candidate distances:
  image_02_registered.JPG: raw=879px, scale=1.730x, normalized=508px
  image_03_registered.JPG: raw=2008px, scale=1.741x, normalized=1154px
  image_04_registered.JPG: raw=945px, scale=1.730x, normalized=546px
  image_05_registered.JPG: raw=494px, scale=1.745x, normalized=283px
  image_06_registered.JPG: raw=1460px, scale=1.714x, normalized=852px
  image_07_registered.JPG: raw=1888px, scale=1.726x, normalized=1094px
  image_08_registered.JPG: raw=2999px, scale=1.734x, normalized=1730px
  image_09_registered.JPG: raw=2508px, scale=1.748x, normalized=1435px
  image_10_registered.JPG: raw=2653px, scale=1.747x, normalized=1519px
  image_11_registered.JPG: raw=1881px, scale=1.750x, normalized=1075px
Tray 24: image_05_registered.JPG [distance] normalized distance=283px, label=28084px²

Tray 25 candidate distances:
  image_02_registered.JPG: raw=1642px, scale=1.730x, normalized=949px
  image_03_registered.JPG: raw=543px, scale=1.741x, normalized=312px
  image_04_registered.JPG: raw=2249px, scale=1.730x, normalized=1300px
  image_05_registered.JPG: raw=1970px, scale=1.745x, normalized=1129px
  image_06_registered.JPG: raw=2351px, scale=1.714x, normalized=1371px
  image_07_registered.JPG: raw=1966px, scale=1.726x, normalized=1139px
  image_08_registered.JPG: raw=1369px, scale=1.734x, normalized=790px
  image_09_registered.JPG: raw=180px, scale=1.748x, normalized=103px
  image_10_registered.JPG: raw=1038px, scale=1.747x, normalized=594px
  image_11_registered.JPG: raw=1763px, scale=1.750x, normalized=1007px
Tray 25: image_09_registered.JPG [distance] normalized distance=103px, label=23774px²

Tray 26 candidate distances:
  image_02_registered.JPG: raw=1774px, scale=1.730x, normalized=1025px
  image_03_registered.JPG: raw=852px, scale=1.741x, normalized=490px
  image_04_registered.JPG: raw=2113px, scale=1.730x, normalized=1221px
  image_05_registered.JPG: raw=2064px, scale=1.745x, normalized=1183px
  image_06_registered.JPG: raw=2639px, scale=1.714x, normalized=1539px
  image_07_registered.JPG: raw=2350px, scale=1.726x, normalized=1361px
  image_08_registered.JPG: raw=1825px, scale=1.734x, normalized=1052px
  image_09_registered.JPG: raw=637px, scale=1.748x, normalized=364px
  image_10_registered.JPG: raw=578px, scale=1.747x, normalized=331px
  image_11_registered.JPG: raw=1439px, scale=1.750x, normalized=822px
Tray 26: image_10_registered.JPG [distance] normalized distance=331px, label=24754px²

Tray 27 candidate distances:
  image_02_registered.JPG: raw=1097px, scale=1.730x, normalized=634px
  image_03_registered.JPG: raw=2114px, scale=1.741x, normalized=1214px
  image_04_registered.JPG: raw=546px, scale=1.730x, normalized=315px
  image_05_registered.JPG: raw=770px, scale=1.745x, normalized=441px
  image_06_registered.JPG: raw=1895px, scale=1.714x, normalized=1105px
  image_07_registered.JPG: raw=2277px, scale=1.726x, normalized=1319px
  image_08_registered.JPG: raw=3227px, scale=1.734x, normalized=1861px
  image_09_registered.JPG: raw=2590px, scale=1.748x, normalized=1482px
  image_10_registered.JPG: raw=2512px, scale=1.747x, normalized=1438px
  image_11_registered.JPG: raw=1572px, scale=1.750x, normalized=898px
Tray 27: image_04_registered.JPG [distance] normalized distance=315px, label=25837px²

Tray 28 candidate distances:
  image_02_registered.JPG: raw=1062px, scale=1.730x, normalized=614px
  image_03_registered.JPG: raw=765px, scale=1.741x, normalized=439px
  image_04_registered.JPG: raw=1321px, scale=1.730x, normalized=763px
  image_05_registered.JPG: raw=1306px, scale=1.745x, normalized=749px
  image_06_registered.JPG: raw=2139px, scale=1.714x, normalized=1248px
  image_07_registered.JPG: raw=2008px, scale=1.726x, normalized=1163px
  image_08_registered.JPG: raw=2094px, scale=1.734x, normalized=1208px
  image_09_registered.JPG: raw=1083px, scale=1.748x, normalized=620px
  image_10_registered.JPG: raw=1020px, scale=1.747x, normalized=584px
  image_11_registered.JPG: raw=925px, scale=1.750x, normalized=528px
Tray 28: image_03_registered.JPG [distance] normalized distance=439px, label=32518px²

Saved best_views.json for drawer_009

==================================================
Processing drawer_010
==================================================
Loaded 8 trays
Found 10 registered images

Best view for each tray:

Tray 1 candidate distances:
  image_02_registered.JPG: raw=1404px, scale=1.716x, normalized=818px
  image_03_registered.JPG: raw=516px, scale=1.729x, normalized=299px
  image_04_registered.JPG: raw=2000px, scale=1.732x, normalized=1155px
  image_05_registered.JPG: raw=1697px, scale=1.715x, normalized=989px
  image_06_registered.JPG: raw=2115px, scale=1.700x, normalized=1244px
  image_07_registered.JPG: raw=1684px, scale=1.709x, normalized=986px
  image_08_registered.JPG: raw=1478px, scale=1.711x, normalized=864px
  image_09_registered.JPG: raw=485px, scale=1.731x, normalized=280px
  image_10_registered.JPG: raw=663px, scale=1.745x, normalized=380px
  image_11_registered.JPG: raw=1237px, scale=1.743x, normalized=710px
Tray 1: image_09_registered.JPG [distance] normalized distance=280px, label=23530px²

Tray 2 candidate distances:
  image_02_registered.JPG: raw=1325px, scale=1.716x, normalized=772px
  image_03_registered.JPG: raw=1949px, scale=1.729x, normalized=1127px
  image_04_registered.JPG: raw=2785px, scale=1.732x, normalized=1608px
  image_05_registered.JPG: raw=1403px, scale=1.715x, normalized=818px
  image_06_registered.JPG: raw=385px, scale=1.700x, normalized=226px
  image_07_registered.JPG: raw=1000px, scale=1.709x, normalized=585px
  image_08_registered.JPG: raw=1890px, scale=1.711x, normalized=1104px
  image_09_registered.JPG: raw=2273px, scale=1.731x, normalized=1313px
  image_10_registered.JPG: raw=2938px, scale=1.745x, normalized=1684px
  image_11_registered.JPG: raw=2887px, scale=1.743x, normalized=1656px
Tray 2: image_06_registered.JPG [distance] normalized distance=226px, label=0px²

Tray 3 candidate distances:
  image_02_registered.JPG: raw=433px, scale=1.716x, normalized=252px
  image_03_registered.JPG: raw=1418px, scale=1.729x, normalized=820px
  image_04_registered.JPG: raw=1835px, scale=1.732x, normalized=1059px
  image_05_registered.JPG: raw=444px, scale=1.715x, normalized=259px
  image_06_registered.JPG: raw=604px, scale=1.700x, normalized=355px
  image_07_registered.JPG: raw=1100px, scale=1.709x, normalized=644px
  image_08_registered.JPG: raw=1928px, scale=1.711x, normalized=1127px
  image_09_registered.JPG: raw=1821px, scale=1.731x, normalized=1052px
  image_10_registered.JPG: raw=2219px, scale=1.745x, normalized=1272px
  image_11_registered.JPG: raw=1979px, scale=1.743x, normalized=1135px
Tray 3: image_02_registered.JPG [distance] normalized distance=252px, label=0px²

Tray 4 candidate distances:
  image_02_registered.JPG: raw=639px, scale=1.716x, normalized=372px
  image_03_registered.JPG: raw=1409px, scale=1.729x, normalized=815px
  image_04_registered.JPG: raw=892px, scale=1.732x, normalized=515px
  image_05_registered.JPG: raw=506px, scale=1.715x, normalized=295px
  image_06_registered.JPG: raw=1524px, scale=1.700x, normalized=896px
  image_07_registered.JPG: raw=1800px, scale=1.709x, normalized=1053px
  image_08_registered.JPG: raw=2365px, scale=1.711x, normalized=1382px
  image_09_registered.JPG: raw=1835px, scale=1.731x, normalized=1060px
  image_10_registered.JPG: raw=1702px, scale=1.745x, normalized=975px
  image_11_registered.JPG: raw=1162px, scale=1.743x, normalized=667px
Tray 4: image_05_registered.JPG [distance] normalized distance=295px, label=26033px²

Tray 5 candidate distances:
  image_02_registered.JPG: raw=1914px, scale=1.716x, normalized=1115px
  image_03_registered.JPG: raw=1385px, scale=1.729x, normalized=801px
  image_04_registered.JPG: raw=1773px, scale=1.732x, normalized=1024px
  image_05_registered.JPG: raw=2181px, scale=1.715x, normalized=1272px
  image_06_registered.JPG: raw=2833px, scale=1.700x, normalized=1667px
  image_07_registered.JPG: raw=2598px, scale=1.709x, normalized=1520px
  image_08_registered.JPG: raw=2409px, scale=1.711x, normalized=1408px
  image_09_registered.JPG: raw=1448px, scale=1.731x, normalized=837px
  image_10_registered.JPG: raw=305px, scale=1.745x, normalized=175px
  image_11_registered.JPG: raw=870px, scale=1.743x, normalized=499px
Tray 5: image_10_registered.JPG [distance] normalized distance=175px, label=21641px²

Tray 6 candidate distances:
  image_02_registered.JPG: raw=1859px, scale=1.716x, normalized=1084px
  image_03_registered.JPG: raw=1455px, scale=1.729x, normalized=842px
  image_04_registered.JPG: raw=3327px, scale=1.732x, normalized=1921px
  image_05_registered.JPG: raw=2166px, scale=1.715x, normalized=1263px
  image_06_registered.JPG: raw=1551px, scale=1.700x, normalized=912px
  image_07_registered.JPG: raw=805px, scale=1.709x, normalized=471px
  image_08_registered.JPG: raw=478px, scale=1.711x, normalized=279px
  image_09_registered.JPG: raw=1435px, scale=1.731x, normalized=829px
  image_10_registered.JPG: raw=2511px, scale=1.745x, normalized=1439px
  image_11_registered.JPG: raw=2911px, scale=1.743x, normalized=1670px
Tray 6: image_08_registered.JPG [distance] normalized distance=279px, label=0px²

Tray 7 candidate distances:
  image_02_registered.JPG: raw=1487px, scale=1.716x, normalized=867px
  image_03_registered.JPG: raw=1891px, scale=1.729x, normalized=1094px
  image_04_registered.JPG: raw=162px, scale=1.732x, normalized=94px
  image_05_registered.JPG: raw=1456px, scale=1.715x, normalized=849px
  image_06_registered.JPG: raw=2434px, scale=1.700x, normalized=1432px
  image_07_registered.JPG: raw=2668px, scale=1.709x, normalized=1561px
  image_08_registered.JPG: raw=3022px, scale=1.711x, normalized=1767px
  image_09_registered.JPG: raw=2299px, scale=1.731x, normalized=1329px
  image_10_registered.JPG: raw=1601px, scale=1.745x, normalized=917px
  image_11_registered.JPG: raw=776px, scale=1.743x, normalized=445px
Tray 7: image_04_registered.JPG [distance] normalized distance=94px, label=27308px²

Tray 8 candidate distances:
  image_02_registered.JPG: raw=1361px, scale=1.716x, normalized=793px
  image_03_registered.JPG: raw=547px, scale=1.729x, normalized=316px
  image_04_registered.JPG: raw=2577px, scale=1.732x, normalized=1488px
  image_05_registered.JPG: raw=1693px, scale=1.715x, normalized=987px
  image_06_registered.JPG: raw=1611px, scale=1.700x, normalized=948px
  image_07_registered.JPG: raw=917px, scale=1.709x, normalized=536px
  image_08_registered.JPG: raw=573px, scale=1.711x, normalized=335px
  image_09_registered.JPG: raw=479px, scale=1.731x, normalized=277px
  image_10_registered.JPG: raw=1588px, scale=1.745x, normalized=910px
  image_11_registered.JPG: raw=2024px, scale=1.743x, normalized=1161px
Tray 8: image_09_registered.JPG [distance] normalized distance=277px, label=0px²

Saved best_views.json for drawer_010

==================================================
Processing drawer_011
==================================================
Loaded 41 trays
Found 10 registered images

Best view for each tray:

Tray 1 candidate distances:
  image_02_registered.JPG: raw=1514px, scale=1.757x, normalized=862px
  image_03_registered.JPG: raw=1657px, scale=1.761x, normalized=941px
  image_04_registered.JPG: raw=1404px, scale=1.757x, normalized=799px
  image_05_registered.JPG: raw=1770px, scale=1.756x, normalized=1008px
  image_06_registered.JPG: raw=2856px, scale=1.739x, normalized=1643px
  image_07_registered.JPG: raw=2477px, scale=1.757x, normalized=1409px
  image_08_registered.JPG: raw=2886px, scale=1.755x, normalized=1644px
  image_09_registered.JPG: raw=1763px, scale=1.768x, normalized=997px
  image_10_registered.JPG: raw=1211px, scale=1.770x, normalized=684px
  image_11_registered.JPG: raw=118px, scale=1.771x, normalized=66px
Tray 1: image_11_registered.JPG [distance] normalized distance=66px, label=0px²

Tray 2 candidate distances:
  image_02_registered.JPG: raw=854px, scale=1.757x, normalized=486px
  image_03_registered.JPG: raw=1804px, scale=1.761x, normalized=1024px
  image_04_registered.JPG: raw=1740px, scale=1.757x, normalized=990px
  image_05_registered.JPG: raw=539px, scale=1.756x, normalized=307px
  image_06_registered.JPG: raw=835px, scale=1.739x, normalized=480px
  image_07_registered.JPG: raw=1411px, scale=1.757x, normalized=803px
  image_08_registered.JPG: raw=2460px, scale=1.755x, normalized=1401px
  image_09_registered.JPG: raw=2360px, scale=1.768x, normalized=1335px
  image_10_registered.JPG: raw=2806px, scale=1.770x, normalized=1585px
  image_11_registered.JPG: raw=2238px, scale=1.771x, normalized=1263px
Tray 2: image_05_registered.JPG [distance] normalized distance=307px, label=0px²

Tray 3 candidate distances:
  image_02_registered.JPG: raw=505px, scale=1.757x, normalized=287px
  image_03_registered.JPG: raw=1497px, scale=1.761x, normalized=850px
  image_04_registered.JPG: raw=954px, scale=1.757x, normalized=543px
  image_05_registered.JPG: raw=507px, scale=1.756x, normalized=289px
  image_06_registered.JPG: raw=1751px, scale=1.739x, normalized=1007px
  image_07_registered.JPG: raw=1725px, scale=1.757x, normalized=982px
  image_08_registered.JPG: raw=2569px, scale=1.755x, normalized=1463px
  image_09_registered.JPG: raw=1916px, scale=1.768x, normalized=1084px
  image_10_registered.JPG: raw=2052px, scale=1.770x, normalized=1159px
  image_11_registered.JPG: raw=1202px, scale=1.771x, normalized=679px
Tray 3: image_02_registered.JPG [distance] normalized distance=287px, label=28192px²

Tray 4 candidate distances:
  image_02_registered.JPG: raw=1499px, scale=1.757x, normalized=853px
  image_03_registered.JPG: raw=1465px, scale=1.761x, normalized=832px
  image_04_registered.JPG: raw=2966px, scale=1.757x, normalized=1688px
  image_05_registered.JPG: raw=1628px, scale=1.756x, normalized=927px
  image_06_registered.JPG: raw=822px, scale=1.739x, normalized=473px
  image_07_registered.JPG: raw=532px, scale=1.757x, normalized=303px
  image_08_registered.JPG: raw=1301px, scale=1.755x, normalized=741px
  image_09_registered.JPG: raw=1930px, scale=1.768x, normalized=1092px
  image_10_registered.JPG: raw=2780px, scale=1.770x, normalized=1570px
  image_11_registered.JPG: raw=2838px, scale=1.771x, normalized=1602px
Tray 4: image_07_registered.JPG [distance] normalized distance=303px, label=0px²

Tray 5 candidate distances:
  image_02_registered.JPG: raw=985px, scale=1.757x, normalized=560px
  image_03_registered.JPG: raw=2050px, scale=1.761x, normalized=1164px
  image_04_registered.JPG: raw=772px, scale=1.757x, normalized=439px
  image_05_registered.JPG: raw=661px, scale=1.756x, normalized=376px
  image_06_registered.JPG: raw=1792px, scale=1.739x, normalized=1031px
  image_07_registered.JPG: raw=2114px, scale=1.757x, normalized=1203px
  image_08_registered.JPG: raw=3052px, scale=1.755x, normalized=1739px
  image_09_registered.JPG: raw=2552px, scale=1.768x, normalized=1443px
  image_10_registered.JPG: raw=2636px, scale=1.770x, normalized=1489px
  image_11_registered.JPG: raw=1699px, scale=1.771x, normalized=959px
Tray 5: image_05_registered.JPG [distance] normalized distance=376px, label=29491px²

Tray 6 candidate distances:
  image_02_registered.JPG: raw=772px, scale=1.757x, normalized=439px
  image_03_registered.JPG: raw=618px, scale=1.761x, normalized=351px
  image_04_registered.JPG: raw=2249px, scale=1.757x, normalized=1280px
  image_05_registered.JPG: raw=1115px, scale=1.756x, normalized=635px
  image_06_registered.JPG: raw=1291px, scale=1.739x, normalized=743px
  image_07_registered.JPG: raw=508px, scale=1.757x, normalized=289px
  image_08_registered.JPG: raw=1314px, scale=1.755x, normalized=749px
  image_09_registered.JPG: raw=1123px, scale=1.768x, normalized=635px
  image_10_registered.JPG: raw=1905px, scale=1.770x, normalized=1076px
  image_11_registered.JPG: raw=1855px, scale=1.771x, normalized=1047px
Tray 6: image_07_registered.JPG [distance] normalized distance=289px, label=31392px²

Tray 7 candidate distances:
  image_02_registered.JPG: raw=1504px, scale=1.757x, normalized=856px
  image_03_registered.JPG: raw=2225px, scale=1.761x, normalized=1264px
  image_04_registered.JPG: raw=2456px, scale=1.757x, normalized=1398px
  image_05_registered.JPG: raw=1268px, scale=1.756x, normalized=722px
  image_06_registered.JPG: raw=463px, scale=1.739x, normalized=266px
  image_07_registered.JPG: raw=1532px, scale=1.757x, normalized=872px
  image_08_registered.JPG: raw=2538px, scale=1.755x, normalized=1446px
  image_09_registered.JPG: raw=2807px, scale=1.768x, normalized=1588px
  image_10_registered.JPG: raw=3353px, scale=1.770x, normalized=1894px
  image_11_registered.JPG: raw=2969px, scale=1.771x, normalized=1676px
Tray 7: image_06_registered.JPG [distance] normalized distance=266px, label=0px²

Tray 8 candidate distances:
  image_02_registered.JPG: raw=1259px, scale=1.757x, normalized=717px
  image_03_registered.JPG: raw=2039px, scale=1.761x, normalized=1158px
  image_04_registered.JPG: raw=331px, scale=1.757x, normalized=188px
  image_05_registered.JPG: raw=1208px, scale=1.756x, normalized=688px
  image_06_registered.JPG: raw=2440px, scale=1.739x, normalized=1403px
  image_07_registered.JPG: raw=2476px, scale=1.757x, normalized=1409px
  image_08_registered.JPG: raw=3225px, scale=1.755x, normalized=1837px
  image_09_registered.JPG: raw=2414px, scale=1.768x, normalized=1365px
  image_10_registered.JPG: raw=2194px, scale=1.770x, normalized=1239px
  image_11_registered.JPG: raw=1057px, scale=1.771x, normalized=596px
Tray 8: image_04_registered.JPG [distance] normalized distance=188px, label=0px²

Tray 9 candidate distances:
  image_02_registered.JPG: raw=1897px, scale=1.757x, normalized=1080px
  image_03_registered.JPG: raw=2478px, scale=1.761x, normalized=1407px
  image_04_registered.JPG: raw=2939px, scale=1.757x, normalized=1672px
  image_05_registered.JPG: raw=1713px, scale=1.756x, normalized=975px
  image_06_registered.JPG: raw=616px, scale=1.739x, normalized=354px
  image_07_registered.JPG: raw=1661px, scale=1.757x, normalized=945px
  image_08_registered.JPG: raw=2564px, scale=1.755x, normalized=1461px
  image_09_registered.JPG: raw=3049px, scale=1.768x, normalized=1725px
  image_10_registered.JPG: raw=3645px, scale=1.770x, normalized=2059px
  image_11_registered.JPG: raw=3399px, scale=1.771x, normalized=1919px
Tray 9: image_06_registered.JPG [distance] normalized distance=354px, label=0px²

Tray 10 candidate distances:
  image_02_registered.JPG: raw=750px, scale=1.757x, normalized=427px
  image_03_registered.JPG: raw=1289px, scale=1.761x, normalized=732px
  image_04_registered.JPG: raw=2118px, scale=1.757x, normalized=1206px
  image_05_registered.JPG: raw=795px, scale=1.756x, normalized=453px
  image_06_registered.JPG: raw=677px, scale=1.739x, normalized=389px
  image_07_registered.JPG: raw=740px, scale=1.757x, normalized=421px
  image_08_registered.JPG: raw=1799px, scale=1.755x, normalized=1025px
  image_09_registered.JPG: raw=1823px, scale=1.768x, normalized=1031px
  image_10_registered.JPG: raw=2478px, scale=1.770x, normalized=1400px
  image_11_registered.JPG: raw=2182px, scale=1.771x, normalized=1232px
Tray 10: image_06_registered.JPG [distance] normalized distance=389px, label=0px²

Tray 11 candidate distances:
  image_02_registered.JPG: raw=1904px, scale=1.757x, normalized=1084px
  image_03_registered.JPG: raw=2624px, scale=1.761x, normalized=1490px
  image_04_registered.JPG: raw=481px, scale=1.757x, normalized=274px
  image_05_registered.JPG: raw=1780px, scale=1.756x, normalized=1014px
  image_06_registered.JPG: raw=2949px, scale=1.739x, normalized=1696px
  image_07_registered.JPG: raw=3117px, scale=1.757x, normalized=1774px
  image_08_registered.JPG: raw=3850px, scale=1.755x, normalized=2194px
  image_09_registered.JPG: raw=3056px, scale=1.768x, normalized=1728px
  image_10_registered.JPG: raw=2674px, scale=1.770x, normalized=1510px
  image_11_registered.JPG: raw=1512px, scale=1.771x, normalized=853px
Tray 11: image_04_registered.JPG [distance] normalized distance=274px, label=0px²

Tray 12 candidate distances:
  image_02_registered.JPG: raw=1680px, scale=1.757x, normalized=956px
  image_03_registered.JPG: raw=1893px, scale=1.761x, normalized=1075px
  image_04_registered.JPG: raw=3039px, scale=1.757x, normalized=1730px
  image_05_registered.JPG: raw=1689px, scale=1.756x, normalized=962px
  image_06_registered.JPG: raw=555px, scale=1.739x, normalized=319px
  image_07_registered.JPG: raw=974px, scale=1.757x, normalized=554px
  image_08_registered.JPG: raw=1762px, scale=1.755x, normalized=1004px
  image_09_registered.JPG: raw=2393px, scale=1.768x, normalized=1353px
  image_10_registered.JPG: raw=3164px, scale=1.770x, normalized=1788px
  image_11_registered.JPG: raw=3127px, scale=1.771x, normalized=1765px
Tray 12: image_06_registered.JPG [distance] normalized distance=319px, label=0px²

Tray 13 candidate distances:
  image_02_registered.JPG: raw=1437px, scale=1.757x, normalized=818px
  image_03_registered.JPG: raw=1065px, scale=1.761x, normalized=605px
  image_04_registered.JPG: raw=2954px, scale=1.757x, normalized=1681px
  image_05_registered.JPG: raw=1689px, scale=1.756x, normalized=962px
  image_06_registered.JPG: raw=1226px, scale=1.739x, normalized=705px
  image_07_registered.JPG: raw=279px, scale=1.757x, normalized=159px
  image_08_registered.JPG: raw=864px, scale=1.755x, normalized=492px
  image_09_registered.JPG: raw=1476px, scale=1.768x, normalized=835px
  image_10_registered.JPG: raw=2401px, scale=1.770x, normalized=1356px
  image_11_registered.JPG: raw=2591px, scale=1.771x, normalized=1463px
Tray 13: image_07_registered.JPG [distance] normalized distance=159px, label=0px²

Tray 14 candidate distances:
  image_02_registered.JPG: raw=1735px, scale=1.757x, normalized=987px
  image_03_registered.JPG: raw=2352px, scale=1.761x, normalized=1336px
  image_04_registered.JPG: raw=573px, scale=1.757x, normalized=326px
  image_05_registered.JPG: raw=1712px, scale=1.756x, normalized=975px
  image_06_registered.JPG: raw=2914px, scale=1.739x, normalized=1676px
  image_07_registered.JPG: raw=2933px, scale=1.757x, normalized=1669px
  image_08_registered.JPG: raw=3595px, scale=1.755x, normalized=2048px
  image_09_registered.JPG: raw=2699px, scale=1.768x, normalized=1526px
  image_10_registered.JPG: raw=2273px, scale=1.770x, normalized=1284px
  image_11_registered.JPG: raw=1102px, scale=1.771x, normalized=622px
Tray 14: image_04_registered.JPG [distance] normalized distance=326px, label=0px²

Tray 15 candidate distances:
  image_02_registered.JPG: raw=1310px, scale=1.757x, normalized=746px
  image_03_registered.JPG: raw=1878px, scale=1.761x, normalized=1067px
  image_04_registered.JPG: raw=2486px, scale=1.757x, normalized=1415px
  image_05_registered.JPG: raw=1187px, scale=1.756x, normalized=676px
  image_06_registered.JPG: raw=85px, scale=1.739x, normalized=49px
  image_07_registered.JPG: raw=1126px, scale=1.757x, normalized=640px
  image_08_registered.JPG: raw=2130px, scale=1.755x, normalized=1213px
  image_09_registered.JPG: raw=2433px, scale=1.768x, normalized=1376px
  image_10_registered.JPG: raw=3073px, scale=1.770x, normalized=1736px
  image_11_registered.JPG: raw=2789px, scale=1.771x, normalized=1575px
Tray 15: image_06_registered.JPG [distance] normalized distance=49px, label=27324px²

Tray 16 candidate distances:
  image_02_registered.JPG: raw=1464px, scale=1.757x, normalized=833px
  image_03_registered.JPG: raw=2339px, scale=1.761x, normalized=1328px
  image_04_registered.JPG: raw=93px, scale=1.757x, normalized=53px
  image_05_registered.JPG: raw=1288px, scale=1.756x, normalized=734px
  image_06_registered.JPG: raw=2472px, scale=1.739x, normalized=1422px
  image_07_registered.JPG: raw=2677px, scale=1.757x, normalized=1523px
  image_08_registered.JPG: raw=3494px, scale=1.755x, normalized=1991px
  image_09_registered.JPG: raw=2789px, scale=1.768x, normalized=1577px
  image_10_registered.JPG: raw=2590px, scale=1.770x, normalized=1463px
  image_11_registered.JPG: raw=1467px, scale=1.771x, normalized=828px
Tray 16: image_04_registered.JPG [distance] normalized distance=53px, label=25225px²

Tray 17 candidate distances:
  image_02_registered.JPG: raw=1875px, scale=1.757x, normalized=1067px
  image_03_registered.JPG: raw=1262px, scale=1.761x, normalized=717px
  image_04_registered.JPG: raw=3413px, scale=1.757x, normalized=1942px
  image_05_registered.JPG: raw=2170px, scale=1.756x, normalized=1236px
  image_06_registered.JPG: raw=1677px, scale=1.739x, normalized=964px
  image_07_registered.JPG: raw=776px, scale=1.757x, normalized=442px
  image_08_registered.JPG: raw=463px, scale=1.755x, normalized=264px
  image_09_registered.JPG: raw=1529px, scale=1.768x, normalized=865px
  image_10_registered.JPG: raw=2495px, scale=1.770x, normalized=1410px
  image_11_registered.JPG: raw=2905px, scale=1.771x, normalized=1640px
Tray 17: image_08_registered.JPG [distance] normalized distance=264px, label=26996px²

Tray 18 candidate distances:
  image_02_registered.JPG: raw=902px, scale=1.757x, normalized=514px
  image_03_registered.JPG: raw=707px, scale=1.761x, normalized=402px
  image_04_registered.JPG: raw=1822px, scale=1.757x, normalized=1037px
  image_05_registered.JPG: raw=1326px, scale=1.756x, normalized=755px
  image_06_registered.JPG: raw=2128px, scale=1.739x, normalized=1224px
  image_07_registered.JPG: raw=1488px, scale=1.757x, normalized=847px
  image_08_registered.JPG: raw=1903px, scale=1.755x, normalized=1084px
  image_09_registered.JPG: raw=876px, scale=1.768x, normalized=495px
  image_10_registered.JPG: raw=1093px, scale=1.770x, normalized=617px
  image_11_registered.JPG: raw=925px, scale=1.771x, normalized=522px
Tray 18: image_03_registered.JPG [distance] normalized distance=402px, label=28176px²

Tray 19 candidate distances:
  image_02_registered.JPG: raw=1210px, scale=1.757x, normalized=689px
  image_03_registered.JPG: raw=1543px, scale=1.761x, normalized=876px
  image_04_registered.JPG: raw=2568px, scale=1.757x, normalized=1462px
  image_05_registered.JPG: raw=1228px, scale=1.756x, normalized=699px
  image_06_registered.JPG: raw=383px, scale=1.739x, normalized=220px
  image_07_registered.JPG: raw=718px, scale=1.757x, normalized=409px
  image_08_registered.JPG: raw=1718px, scale=1.755x, normalized=979px
  image_09_registered.JPG: raw=2070px, scale=1.768x, normalized=1171px
  image_10_registered.JPG: raw=2806px, scale=1.770x, normalized=1585px
  image_11_registered.JPG: raw=2646px, scale=1.771x, normalized=1494px
Tray 19: image_06_registered.JPG [distance] normalized distance=220px, label=26326px²

Tray 20 candidate distances:
  image_02_registered.JPG: raw=1840px, scale=1.757x, normalized=1047px
  image_03_registered.JPG: raw=1523px, scale=1.761x, normalized=865px
  image_04_registered.JPG: raw=3365px, scale=1.757x, normalized=1915px
  image_05_registered.JPG: raw=2042px, scale=1.756x, normalized=1163px
  image_06_registered.JPG: raw=1300px, scale=1.739x, normalized=747px
  image_07_registered.JPG: raw=721px, scale=1.757x, normalized=410px
  image_08_registered.JPG: raw=956px, scale=1.755x, normalized=545px
  image_09_registered.JPG: raw=1892px, scale=1.768x, normalized=1070px
  image_10_registered.JPG: raw=2809px, scale=1.770x, normalized=1587px
  image_11_registered.JPG: raw=3068px, scale=1.771x, normalized=1732px
Tray 20: image_07_registered.JPG [distance] normalized distance=410px, label=0px²

Tray 21 candidate distances:
  image_02_registered.JPG: raw=271px, scale=1.757x, normalized=154px
  image_03_registered.JPG: raw=1163px, scale=1.761x, normalized=660px
  image_04_registered.JPG: raw=1673px, scale=1.757x, normalized=952px
  image_05_registered.JPG: raw=437px, scale=1.756x, normalized=249px
  image_06_registered.JPG: raw=1121px, scale=1.739x, normalized=645px
  image_07_registered.JPG: raw=1023px, scale=1.757x, normalized=582px
  image_08_registered.JPG: raw=1988px, scale=1.755x, normalized=1133px
  image_09_registered.JPG: raw=1665px, scale=1.768x, normalized=942px
  image_10_registered.JPG: raw=2169px, scale=1.770x, normalized=1225px
  image_11_registered.JPG: raw=1706px, scale=1.771x, normalized=963px
Tray 21: image_02_registered.JPG [distance] normalized distance=154px, label=25077px²

Tray 22 candidate distances:
  image_02_registered.JPG: raw=1743px, scale=1.757x, normalized=992px
  image_03_registered.JPG: raw=2166px, scale=1.761x, normalized=1230px
  image_04_registered.JPG: raw=2957px, scale=1.757x, normalized=1683px
  image_05_registered.JPG: raw=1648px, scale=1.756x, normalized=939px
  image_06_registered.JPG: raw=410px, scale=1.739x, normalized=236px
  image_07_registered.JPG: raw=1296px, scale=1.757x, normalized=738px
  image_08_registered.JPG: raw=2162px, scale=1.755x, normalized=1232px
  image_09_registered.JPG: raw=2705px, scale=1.768x, normalized=1530px
  image_10_registered.JPG: raw=3389px, scale=1.770x, normalized=1915px
  image_11_registered.JPG: raw=3236px, scale=1.771x, normalized=1827px
Tray 22: image_06_registered.JPG [distance] normalized distance=236px, label=26950px²

Tray 23 candidate distances:
  image_02_registered.JPG: raw=2283px, scale=1.757x, normalized=1299px
  image_03_registered.JPG: raw=1567px, scale=1.761x, normalized=890px
  image_04_registered.JPG: raw=3836px, scale=1.757x, normalized=2183px
  image_05_registered.JPG: raw=2608px, scale=1.756x, normalized=1485px
  image_06_registered.JPG: raw=2112px, scale=1.739x, normalized=1215px
  image_07_registered.JPG: raw=1240px, scale=1.757x, normalized=705px
  image_08_registered.JPG: raw=433px, scale=1.755x, normalized=246px
  image_09_registered.JPG: raw=1704px, scale=1.768x, normalized=964px
  image_10_registered.JPG: raw=2649px, scale=1.770x, normalized=1496px
  image_11_registered.JPG: raw=3225px, scale=1.771x, normalized=1821px
Tray 23: image_08_registered.JPG [distance] normalized distance=246px, label=0px²

Tray 24 candidate distances:
  image_02_registered.JPG: raw=2436px, scale=1.757x, normalized=1387px
  image_03_registered.JPG: raw=1801px, scale=1.761x, normalized=1023px
  image_04_registered.JPG: raw=2867px, scale=1.757x, normalized=1632px
  image_05_registered.JPG: raw=2864px, scale=1.756x, normalized=1631px
  image_06_registered.JPG: raw=3597px, scale=1.739x, normalized=2069px
  image_07_registered.JPG: raw=2877px, scale=1.757x, normalized=1637px
  image_08_registered.JPG: raw=2705px, scale=1.755x, normalized=1541px
  image_09_registered.JPG: raw=1508px, scale=1.768x, normalized=853px
  image_10_registered.JPG: raw=507px, scale=1.770x, normalized=287px
  image_11_registered.JPG: raw=1491px, scale=1.771x, normalized=842px
Tray 24: image_10_registered.JPG [distance] normalized distance=287px, label=24676px²

Tray 25 candidate distances:
  image_02_registered.JPG: raw=1245px, scale=1.757x, normalized=708px
  image_03_registered.JPG: raw=120px, scale=1.761x, normalized=68px
  image_04_registered.JPG: raw=2565px, scale=1.757x, normalized=1460px
  image_05_registered.JPG: raw=1677px, scale=1.756x, normalized=955px
  image_06_registered.JPG: raw=1960px, scale=1.739x, normalized=1127px
  image_07_registered.JPG: raw=982px, scale=1.757x, normalized=559px
  image_08_registered.JPG: raw=1079px, scale=1.755x, normalized=615px
  image_09_registered.JPG: raw=429px, scale=1.768x, normalized=243px
  image_10_registered.JPG: raw=1391px, scale=1.770x, normalized=786px
  image_11_registered.JPG: raw=1751px, scale=1.771x, normalized=988px
Tray 25: image_03_registered.JPG [distance] normalized distance=68px, label=25710px²

Tray 26 candidate distances:
  image_02_registered.JPG: raw=2039px, scale=1.757x, normalized=1160px
  image_03_registered.JPG: raw=1102px, scale=1.761x, normalized=626px
  image_04_registered.JPG: raw=2977px, scale=1.757x, normalized=1694px
  image_05_registered.JPG: raw=2507px, scale=1.756x, normalized=1428px
  image_06_registered.JPG: raw=2994px, scale=1.739x, normalized=1722px
  image_07_registered.JPG: raw=2082px, scale=1.757x, normalized=1185px
  image_08_registered.JPG: raw=1762px, scale=1.755x, normalized=1004px
  image_09_registered.JPG: raw=660px, scale=1.768x, normalized=373px
  image_10_registered.JPG: raw=667px, scale=1.770x, normalized=377px
  image_11_registered.JPG: raw=1728px, scale=1.771x, normalized=975px
Tray 26: image_09_registered.JPG [distance] normalized distance=373px, label=23952px²

Tray 27 candidate distances:
  image_02_registered.JPG: raw=2289px, scale=1.757x, normalized=1303px
  image_03_registered.JPG: raw=1862px, scale=1.761x, normalized=1057px
  image_04_registered.JPG: raw=2480px, scale=1.757x, normalized=1411px
  image_05_registered.JPG: raw=2668px, scale=1.756x, normalized=1519px
  image_06_registered.JPG: raw=3528px, scale=1.739x, normalized=2029px
  image_07_registered.JPG: raw=2920px, scale=1.757x, normalized=1661px
  image_08_registered.JPG: raw=2919px, scale=1.755x, normalized=1663px
  image_09_registered.JPG: raw=1686px, scale=1.768x, normalized=953px
  image_10_registered.JPG: raw=644px, scale=1.770x, normalized=364px
  image_11_registered.JPG: raw=1129px, scale=1.771x, normalized=638px
Tray 27: image_10_registered.JPG [distance] normalized distance=364px, label=24501px²

Tray 28 candidate distances:
  image_02_registered.JPG: raw=1377px, scale=1.757x, normalized=784px
  image_03_registered.JPG: raw=872px, scale=1.761x, normalized=495px
  image_04_registered.JPG: raw=2133px, scale=1.757x, normalized=1214px
  image_05_registered.JPG: raw=1805px, scale=1.756x, normalized=1028px
  image_06_registered.JPG: raw=2562px, scale=1.739x, normalized=1474px
  image_07_registered.JPG: raw=1833px, scale=1.757x, normalized=1043px
  image_08_registered.JPG: raw=1991px, scale=1.755x, normalized=1134px
  image_09_registered.JPG: raw=760px, scale=1.768x, normalized=430px
  image_10_registered.JPG: raw=613px, scale=1.770x, normalized=346px
  image_11_registered.JPG: raw=937px, scale=1.771x, normalized=529px
Tray 28: image_10_registered.JPG [distance] normalized distance=346px, label=25256px²

Tray 29 candidate distances:
  image_02_registered.JPG: raw=1992px, scale=1.757x, normalized=1134px
  image_03_registered.JPG: raw=1123px, scale=1.761x, normalized=638px
  image_04_registered.JPG: raw=3492px, scale=1.757x, normalized=1988px
  image_05_registered.JPG: raw=2360px, scale=1.756x, normalized=1344px
  image_06_registered.JPG: raw=2084px, scale=1.739x, normalized=1199px
  image_07_registered.JPG: raw=1066px, scale=1.757x, normalized=606px
  image_08_registered.JPG: raw=53px, scale=1.755x, normalized=30px
  image_09_registered.JPG: raw=1227px, scale=1.768x, normalized=694px
  image_10_registered.JPG: raw=2201px, scale=1.770x, normalized=1243px
  image_11_registered.JPG: raw=2781px, scale=1.771x, normalized=1570px
Tray 29: image_08_registered.JPG [distance] normalized distance=30px, label=24477px²

Tray 30 candidate distances:
  image_02_registered.JPG: raw=1963px, scale=1.757x, normalized=1118px
  image_03_registered.JPG: raw=1420px, scale=1.761x, normalized=806px
  image_04_registered.JPG: raw=2447px, scale=1.757x, normalized=1392px
  image_05_registered.JPG: raw=2379px, scale=1.756x, normalized=1355px
  image_06_registered.JPG: raw=3162px, scale=1.739x, normalized=1819px
  image_07_registered.JPG: raw=2454px, scale=1.757x, normalized=1397px
  image_08_registered.JPG: raw=2435px, scale=1.755x, normalized=1387px
  image_09_registered.JPG: raw=1185px, scale=1.768x, normalized=670px
  image_10_registered.JPG: raw=167px, scale=1.770x, normalized=94px
  image_11_registered.JPG: raw=1081px, scale=1.771x, normalized=610px
Tray 30: image_10_registered.JPG [distance] normalized distance=94px, label=27175px²

Tray 31 candidate distances:
  image_02_registered.JPG: raw=1762px, scale=1.757x, normalized=1003px
  image_03_registered.JPG: raw=730px, scale=1.761x, normalized=415px
  image_04_registered.JPG: raw=3175px, scale=1.757x, normalized=1807px
  image_05_registered.JPG: raw=2174px, scale=1.756x, normalized=1238px
  image_06_registered.JPG: raw=2153px, scale=1.739x, normalized=1239px
  image_07_registered.JPG: raw=1086px, scale=1.757x, normalized=618px
  image_08_registered.JPG: raw=532px, scale=1.755x, normalized=303px
  image_09_registered.JPG: raw=751px, scale=1.768x, normalized=425px
  image_10_registered.JPG: raw=1749px, scale=1.770x, normalized=988px
  image_11_registered.JPG: raw=2348px, scale=1.771x, normalized=1325px
Tray 31: image_08_registered.JPG [distance] normalized distance=303px, label=22444px²

Tray 32 candidate distances:
  image_02_registered.JPG: raw=2112px, scale=1.757x, normalized=1202px
  image_03_registered.JPG: raw=1051px, scale=1.761x, normalized=597px
  image_04_registered.JPG: raw=3495px, scale=1.757x, normalized=1989px
  image_05_registered.JPG: raw=2547px, scale=1.756x, normalized=1451px
  image_06_registered.JPG: raw=2531px, scale=1.739x, normalized=1456px
  image_07_registered.JPG: raw=1479px, scale=1.757x, normalized=842px
  image_08_registered.JPG: raw=668px, scale=1.755x, normalized=381px
  image_09_registered.JPG: raw=890px, scale=1.768x, normalized=504px
  image_10_registered.JPG: raw=1775px, scale=1.770x, normalized=1003px
  image_11_registered.JPG: raw=2556px, scale=1.771x, normalized=1443px
Tray 32: image_08_registered.JPG [distance] normalized distance=381px, label=0px²

Tray 33 candidate distances:
  image_02_registered.JPG: raw=1741px, scale=1.757x, normalized=991px
  image_03_registered.JPG: raw=1009px, scale=1.761x, normalized=573px
  image_04_registered.JPG: raw=2526px, scale=1.757x, normalized=1438px
  image_05_registered.JPG: raw=2188px, scale=1.756x, normalized=1246px
  image_06_registered.JPG: raw=2841px, scale=1.739x, normalized=1634px
  image_07_registered.JPG: raw=2027px, scale=1.757x, normalized=1154px
  image_08_registered.JPG: raw=1960px, scale=1.755x, normalized=1117px
  image_09_registered.JPG: raw=701px, scale=1.768x, normalized=397px
  image_10_registered.JPG: raw=359px, scale=1.770x, normalized=203px
  image_11_registered.JPG: raw=1257px, scale=1.771x, normalized=710px
Tray 33: image_10_registered.JPG [distance] normalized distance=203px, label=24134px²

Tray 34 candidate distances:
  image_02_registered.JPG: raw=410px, scale=1.757x, normalized=234px
  image_03_registered.JPG: raw=857px, scale=1.761x, normalized=487px
  image_04_registered.JPG: raw=1568px, scale=1.757x, normalized=892px
  image_05_registered.JPG: raw=832px, scale=1.756x, normalized=474px
  image_06_registered.JPG: raw=1710px, scale=1.739x, normalized=984px
  image_07_registered.JPG: raw=1268px, scale=1.757x, normalized=721px
  image_08_registered.JPG: raw=1964px, scale=1.755x, normalized=1119px
  image_09_registered.JPG: raw=1232px, scale=1.768x, normalized=697px
  image_10_registered.JPG: raw=1582px, scale=1.770x, normalized=894px
  image_11_registered.JPG: raw=1133px, scale=1.771x, normalized=640px
Tray 34: image_02_registered.JPG [distance] normalized distance=234px, label=30138px²

Tray 35 candidate distances:
  image_02_registered.JPG: raw=2560px, scale=1.757x, normalized=1457px
  image_03_registered.JPG: raw=1752px, scale=1.761x, normalized=995px
  image_04_registered.JPG: raw=4108px, scale=1.757x, normalized=2338px
  image_05_registered.JPG: raw=2924px, scale=1.756x, normalized=1665px
  image_06_registered.JPG: raw=2502px, scale=1.739x, normalized=1439px
  image_07_registered.JPG: raw=1595px, scale=1.757x, normalized=908px
  image_08_registered.JPG: raw=606px, scale=1.755x, normalized=345px
  image_09_registered.JPG: raw=1769px, scale=1.768x, normalized=1001px
  image_10_registered.JPG: raw=2671px, scale=1.770x, normalized=1509px
  image_11_registered.JPG: raw=3382px, scale=1.771x, normalized=1909px
Tray 35: image_08_registered.JPG [distance] normalized distance=345px, label=0px²

Tray 36 candidate distances:
  image_02_registered.JPG: raw=770px, scale=1.757x, normalized=438px
  image_03_registered.JPG: raw=1151px, scale=1.761x, normalized=653px
  image_04_registered.JPG: raw=1306px, scale=1.757x, normalized=743px
  image_05_registered.JPG: raw=1082px, scale=1.756x, normalized=616px
  image_06_registered.JPG: raw=2139px, scale=1.739x, normalized=1230px
  image_07_registered.JPG: raw=1753px, scale=1.757x, normalized=998px
  image_08_registered.JPG: raw=2344px, scale=1.755x, normalized=1336px
  image_09_registered.JPG: raw=1401px, scale=1.768x, normalized=792px
  image_10_registered.JPG: raw=1391px, scale=1.770x, normalized=786px
  image_11_registered.JPG: raw=650px, scale=1.771x, normalized=367px
Tray 36: image_11_registered.JPG [distance] normalized distance=367px, label=26645px²

Tray 37 candidate distances:
  image_02_registered.JPG: raw=1225px, scale=1.757x, normalized=697px
  image_03_registered.JPG: raw=422px, scale=1.761x, normalized=240px
  image_04_registered.JPG: raw=2307px, scale=1.757x, normalized=1313px
  image_05_registered.JPG: raw=1676px, scale=1.756x, normalized=955px
  image_06_registered.JPG: raw=2236px, scale=1.739x, normalized=1286px
  image_07_registered.JPG: raw=1391px, scale=1.757x, normalized=791px
  image_08_registered.JPG: raw=1535px, scale=1.755x, normalized=874px
  image_09_registered.JPG: raw=387px, scale=1.768x, normalized=219px
  image_10_registered.JPG: raw=967px, scale=1.770x, normalized=547px
  image_11_registered.JPG: raw=1314px, scale=1.771x, normalized=742px
Tray 37: image_09_registered.JPG [distance] normalized distance=219px, label=26707px²

Tray 38 candidate distances:
  image_02_registered.JPG: raw=2008px, scale=1.757x, normalized=1143px
  image_03_registered.JPG: raw=909px, scale=1.761x, normalized=516px
  image_04_registered.JPG: raw=3247px, scale=1.757x, normalized=1848px
  image_05_registered.JPG: raw=2469px, scale=1.756x, normalized=1406px
  image_06_registered.JPG: raw=2673px, scale=1.739x, normalized=1537px
  image_07_registered.JPG: raw=1648px, scale=1.757x, normalized=938px
  image_08_registered.JPG: raw=1091px, scale=1.755x, normalized=621px
  image_09_registered.JPG: raw=556px, scale=1.768x, normalized=314px
  image_10_registered.JPG: raw=1321px, scale=1.770x, normalized=746px
  image_11_registered.JPG: raw=2182px, scale=1.771x, normalized=1232px
Tray 38: image_09_registered.JPG [distance] normalized distance=314px, label=0px²

Tray 39 candidate distances:
  image_02_registered.JPG: raw=1614px, scale=1.757x, normalized=919px
  image_03_registered.JPG: raw=648px, scale=1.761x, normalized=368px
  image_04_registered.JPG: raw=2674px, scale=1.757x, normalized=1522px
  image_05_registered.JPG: raw=2074px, scale=1.756x, normalized=1181px
  image_06_registered.JPG: raw=2546px, scale=1.739x, normalized=1464px
  image_07_registered.JPG: raw=1625px, scale=1.757x, normalized=925px
  image_08_registered.JPG: raw=1482px, scale=1.755x, normalized=844px
  image_09_registered.JPG: raw=225px, scale=1.768x, normalized=127px
  image_10_registered.JPG: raw=831px, scale=1.770x, normalized=469px
  image_11_registered.JPG: raw=1559px, scale=1.771x, normalized=880px
Tray 39: image_09_registered.JPG [distance] normalized distance=127px, label=24782px²

Tray 40 candidate distances:
  image_02_registered.JPG: raw=2302px, scale=1.757x, normalized=1310px
  image_03_registered.JPG: raw=1358px, scale=1.761x, normalized=771px
  image_04_registered.JPG: raw=3784px, scale=1.757x, normalized=2153px
  image_05_registered.JPG: raw=2702px, scale=1.756x, normalized=1539px
  image_06_registered.JPG: raw=2470px, scale=1.739x, normalized=1421px
  image_07_registered.JPG: raw=1459px, scale=1.757x, normalized=830px
  image_08_registered.JPG: raw=413px, scale=1.755x, normalized=235px
  image_09_registered.JPG: raw=1315px, scale=1.768x, normalized=744px
  image_10_registered.JPG: raw=2224px, scale=1.770x, normalized=1256px
  image_11_registered.JPG: raw=2958px, scale=1.771x, normalized=1670px
Tray 40: image_08_registered.JPG [distance] normalized distance=235px, label=20690px²

Tray 41 candidate distances:
  image_02_registered.JPG: raw=1625px, scale=1.757x, normalized=925px
  image_03_registered.JPG: raw=507px, scale=1.761x, normalized=288px
  image_04_registered.JPG: raw=2895px, scale=1.757x, normalized=1648px
  image_05_registered.JPG: raw=2073px, scale=1.756x, normalized=1180px
  image_06_registered.JPG: raw=2314px, scale=1.739x, normalized=1331px
  image_07_registered.JPG: raw=1297px, scale=1.757x, normalized=738px
  image_08_registered.JPG: raw=1012px, scale=1.755x, normalized=576px
  image_09_registered.JPG: raw=278px, scale=1.768x, normalized=157px
  image_10_registered.JPG: raw=1289px, scale=1.770x, normalized=728px
  image_11_registered.JPG: raw=1931px, scale=1.771x, normalized=1090px
Tray 41: image_09_registered.JPG [distance] normalized distance=157px, label=22282px²

Saved best_views.json for drawer_011

==================================================
Processing drawer_012
==================================================
Loaded 30 trays
Found 10 registered images

Best view for each tray:

Tray 1 candidate distances:
  image_02_registered.JPG: raw=1468px, scale=1.735x, normalized=847px
  image_03_registered.JPG: raw=2039px, scale=1.749x, normalized=1166px
  image_04_registered.JPG: raw=2630px, scale=1.744x, normalized=1508px
  image_05_registered.JPG: raw=1425px, scale=1.733x, normalized=822px
  image_06_registered.JPG: raw=428px, scale=1.715x, normalized=250px
  image_07_registered.JPG: raw=874px, scale=1.735x, normalized=504px
  image_08_registered.JPG: raw=2038px, scale=1.739x, normalized=1172px
  image_09_registered.JPG: raw=2408px, scale=1.745x, normalized=1380px
  image_10_registered.JPG: raw=3133px, scale=1.758x, normalized=1783px
  image_11_registered.JPG: raw=2945px, scale=1.755x, normalized=1678px
Tray 1: image_06_registered.JPG [distance] normalized distance=250px, label=0px²

Tray 2 candidate distances:
  image_02_registered.JPG: raw=1690px, scale=1.735x, normalized=974px
  image_03_registered.JPG: raw=2508px, scale=1.749x, normalized=1434px
  image_04_registered.JPG: raw=2618px, scale=1.744x, normalized=1501px
  image_05_registered.JPG: raw=1454px, scale=1.733x, normalized=839px
  image_06_registered.JPG: raw=480px, scale=1.715x, normalized=280px
  image_07_registered.JPG: raw=1490px, scale=1.735x, normalized=859px
  image_08_registered.JPG: raw=2641px, scale=1.739x, normalized=1519px
  image_09_registered.JPG: raw=2911px, scale=1.745x, normalized=1668px
  image_10_registered.JPG: raw=3511px, scale=1.758x, normalized=1997px
  image_11_registered.JPG: raw=3201px, scale=1.755x, normalized=1824px
Tray 2: image_06_registered.JPG [distance] normalized distance=280px, label=0px²

Tray 3 candidate distances:
  image_02_registered.JPG: raw=1435px, scale=1.735x, normalized=827px
  image_03_registered.JPG: raw=512px, scale=1.749x, normalized=293px
  image_04_registered.JPG: raw=2078px, scale=1.744x, normalized=1192px
  image_05_registered.JPG: raw=1907px, scale=1.733x, normalized=1101px
  image_06_registered.JPG: raw=2442px, scale=1.715x, normalized=1424px
  image_07_registered.JPG: raw=2067px, scale=1.735x, normalized=1191px
  image_08_registered.JPG: raw=1747px, scale=1.739x, normalized=1004px
  image_09_registered.JPG: raw=544px, scale=1.745x, normalized=312px
  image_10_registered.JPG: raw=716px, scale=1.758x, normalized=407px
  image_11_registered.JPG: raw=1117px, scale=1.755x, normalized=636px
Tray 3: image_09_registered.JPG [label override] normalized distance=312px, label=31117px²

Tray 4 candidate distances:
  image_02_registered.JPG: raw=1065px, scale=1.735x, normalized=614px
  image_03_registered.JPG: raw=542px, scale=1.749x, normalized=310px
  image_04_registered.JPG: raw=2269px, scale=1.744x, normalized=1301px
  image_05_registered.JPG: raw=1512px, scale=1.733x, normalized=872px
  image_06_registered.JPG: raw=1620px, scale=1.715x, normalized=945px
  image_07_registered.JPG: raw=1013px, scale=1.735x, normalized=584px
  image_08_registered.JPG: raw=1111px, scale=1.739x, normalized=639px
  image_09_registered.JPG: raw=884px, scale=1.745x, normalized=506px
  image_10_registered.JPG: raw=1734px, scale=1.758x, normalized=987px
  image_11_registered.JPG: raw=1848px, scale=1.755x, normalized=1053px
Tray 4: image_03_registered.JPG [distance] normalized distance=310px, label=25968px²

Tray 5 candidate distances:
  image_02_registered.JPG: raw=839px, scale=1.735x, normalized=484px
  image_03_registered.JPG: raw=1868px, scale=1.749x, normalized=1068px
  image_04_registered.JPG: raw=709px, scale=1.744x, normalized=407px
  image_05_registered.JPG: raw=517px, scale=1.733x, normalized=298px
  image_06_registered.JPG: raw=1575px, scale=1.715x, normalized=918px
  image_07_registered.JPG: raw=2312px, scale=1.735x, normalized=1333px
  image_08_registered.JPG: raw=2967px, scale=1.739x, normalized=1706px
  image_09_registered.JPG: raw=2424px, scale=1.745x, normalized=1389px
  image_10_registered.JPG: raw=2369px, scale=1.758x, normalized=1348px
  image_11_registered.JPG: raw=1629px, scale=1.755x, normalized=928px
Tray 5: image_05_registered.JPG [distance] normalized distance=298px, label=27681px²

Tray 6 candidate distances:
  image_02_registered.JPG: raw=829px, scale=1.735x, normalized=478px
  image_03_registered.JPG: raw=1885px, scale=1.749x, normalized=1078px
  image_04_registered.JPG: raw=1646px, scale=1.744x, normalized=944px
  image_05_registered.JPG: raw=495px, scale=1.733x, normalized=285px
  image_06_registered.JPG: raw=658px, scale=1.715x, normalized=384px
  image_07_registered.JPG: raw=1610px, scale=1.735x, normalized=928px
  image_08_registered.JPG: raw=2560px, scale=1.739x, normalized=1472px
  image_09_registered.JPG: raw=2415px, scale=1.745x, normalized=1384px
  image_10_registered.JPG: raw=2769px, scale=1.758x, normalized=1576px
  image_11_registered.JPG: raw=2284px, scale=1.755x, normalized=1301px
Tray 6: image_05_registered.JPG [distance] normalized distance=285px, label=28933px²

Tray 7 candidate distances:
  image_02_registered.JPG: raw=1538px, scale=1.735x, normalized=887px
  image_03_registered.JPG: raw=1537px, scale=1.749x, normalized=879px
  image_04_registered.JPG: raw=1160px, scale=1.744x, normalized=665px
  image_05_registered.JPG: raw=1788px, scale=1.733x, normalized=1032px
  image_06_registered.JPG: raw=2724px, scale=1.715x, normalized=1588px
  image_07_registered.JPG: raw=2922px, scale=1.735x, normalized=1685px
  image_08_registered.JPG: raw=2921px, scale=1.739x, normalized=1680px
  image_09_registered.JPG: raw=1843px, scale=1.745x, normalized=1056px
  image_10_registered.JPG: raw=1088px, scale=1.758x, normalized=619px
  image_11_registered.JPG: raw=162px, scale=1.755x, normalized=92px
Tray 7: image_11_registered.JPG [distance] normalized distance=92px, label=28307px²

Tray 8 candidate distances:
  image_02_registered.JPG: raw=1434px, scale=1.735x, normalized=827px
  image_03_registered.JPG: raw=1858px, scale=1.749x, normalized=1063px
  image_04_registered.JPG: raw=571px, scale=1.744x, normalized=327px
  image_05_registered.JPG: raw=1506px, scale=1.733x, normalized=869px
  image_06_registered.JPG: raw=2541px, scale=1.715x, normalized=1481px
  image_07_registered.JPG: raw=2987px, scale=1.735x, normalized=1722px
  image_08_registered.JPG: raw=3210px, scale=1.739x, normalized=1846px
  image_09_registered.JPG: raw=2283px, scale=1.745x, normalized=1308px
  image_10_registered.JPG: raw=1694px, scale=1.758x, normalized=964px
  image_11_registered.JPG: raw=759px, scale=1.755x, normalized=433px
Tray 8: image_04_registered.JPG [distance] normalized distance=327px, label=0px²

Tray 9 candidate distances:
  image_02_registered.JPG: raw=495px, scale=1.735x, normalized=285px
  image_03_registered.JPG: raw=1268px, scale=1.749x, normalized=725px
  image_04_registered.JPG: raw=869px, scale=1.744x, normalized=498px
  image_05_registered.JPG: raw=637px, scale=1.733x, normalized=368px
  image_06_registered.JPG: raw=1643px, scale=1.715x, normalized=958px
  image_07_registered.JPG: raw=2037px, scale=1.735x, normalized=1174px
  image_08_registered.JPG: raw=2506px, scale=1.739x, normalized=1441px
  image_09_registered.JPG: raw=1828px, scale=1.745x, normalized=1048px
  image_10_registered.JPG: raw=1795px, scale=1.758x, normalized=1021px
  image_11_registered.JPG: raw=1158px, scale=1.755x, normalized=660px
Tray 9: image_02_registered.JPG [distance] normalized distance=285px, label=27730px²

Tray 10 candidate distances:
  image_02_registered.JPG: raw=1855px, scale=1.735x, normalized=1069px
  image_03_registered.JPG: raw=1478px, scale=1.749x, normalized=845px
  image_04_registered.JPG: raw=3135px, scale=1.744x, normalized=1798px
  image_05_registered.JPG: raw=2148px, scale=1.733x, normalized=1239px
  image_06_registered.JPG: raw=1736px, scale=1.715x, normalized=1012px
  image_07_registered.JPG: raw=574px, scale=1.735x, normalized=331px
  image_08_registered.JPG: raw=619px, scale=1.739x, normalized=356px
  image_09_registered.JPG: raw=1517px, scale=1.745x, normalized=870px
  image_10_registered.JPG: raw=2565px, scale=1.758x, normalized=1459px
  image_11_registered.JPG: raw=2789px, scale=1.755x, normalized=1589px
Tray 10: image_07_registered.JPG [distance] normalized distance=331px, label=26517px²

Tray 11 candidate distances:
  image_02_registered.JPG: raw=233px, scale=1.735x, normalized=134px
  image_03_registered.JPG: raw=1215px, scale=1.749x, normalized=695px
  image_04_registered.JPG: raw=1502px, scale=1.744x, normalized=861px
  image_05_registered.JPG: raw=472px, scale=1.733x, normalized=273px
  image_06_registered.JPG: raw=997px, scale=1.715x, normalized=581px
  image_07_registered.JPG: raw=1374px, scale=1.735x, normalized=792px
  image_08_registered.JPG: raw=2096px, scale=1.739x, normalized=1205px
  image_09_registered.JPG: raw=1779px, scale=1.745x, normalized=1019px
  image_10_registered.JPG: raw=2152px, scale=1.758x, normalized=1224px
  image_11_registered.JPG: raw=1758px, scale=1.755x, normalized=1002px
Tray 11: image_02_registered.JPG [distance] normalized distance=134px, label=0px²

Tray 12 candidate distances:
  image_02_registered.JPG: raw=1835px, scale=1.735x, normalized=1058px
  image_03_registered.JPG: raw=1417px, scale=1.749x, normalized=810px
  image_04_registered.JPG: raw=1769px, scale=1.744x, normalized=1015px
  image_05_registered.JPG: raw=2200px, scale=1.733x, normalized=1269px
  image_06_registered.JPG: raw=3000px, scale=1.715x, normalized=1749px
  image_07_registered.JPG: raw=2971px, scale=1.735x, normalized=1712px
  image_08_registered.JPG: raw=2714px, scale=1.739x, normalized=1561px
  image_09_registered.JPG: raw=1518px, scale=1.745x, normalized=870px
  image_10_registered.JPG: raw=508px, scale=1.758x, normalized=289px
  image_11_registered.JPG: raw=486px, scale=1.755x, normalized=277px
Tray 12: image_11_registered.JPG [distance] normalized distance=277px, label=29182px²

Tray 13 candidate distances:
  image_02_registered.JPG: raw=702px, scale=1.735x, normalized=405px
  image_03_registered.JPG: raw=1399px, scale=1.749x, normalized=800px
  image_04_registered.JPG: raw=1955px, scale=1.744x, normalized=1121px
  image_05_registered.JPG: raw=809px, scale=1.733x, normalized=467px
  image_06_registered.JPG: raw=625px, scale=1.715x, normalized=364px
  image_07_registered.JPG: raw=979px, scale=1.735x, normalized=564px
  image_08_registered.JPG: raw=1909px, scale=1.739x, normalized=1098px
  image_09_registered.JPG: raw=1892px, scale=1.745x, normalized=1084px
  image_10_registered.JPG: raw=2466px, scale=1.758x, normalized=1403px
  image_11_registered.JPG: raw=2193px, scale=1.755x, normalized=1249px
Tray 13: image_06_registered.JPG [distance] normalized distance=364px, label=23466px²

Tray 14 candidate distances:
  image_02_registered.JPG: raw=413px, scale=1.735x, normalized=238px
  image_03_registered.JPG: raw=794px, scale=1.749x, normalized=454px
  image_04_registered.JPG: raw=1319px, scale=1.744x, normalized=757px
  image_05_registered.JPG: raw=860px, scale=1.733x, normalized=496px
  image_06_registered.JPG: raw=1601px, scale=1.715x, normalized=933px
  image_07_registered.JPG: raw=1698px, scale=1.735x, normalized=979px
  image_08_registered.JPG: raw=2056px, scale=1.739x, normalized=1182px
  image_09_registered.JPG: raw=1374px, scale=1.745x, normalized=787px
  image_10_registered.JPG: raw=1549px, scale=1.758x, normalized=881px
  image_11_registered.JPG: raw=1171px, scale=1.755x, normalized=667px
Tray 14: image_02_registered.JPG [distance] normalized distance=238px, label=0px²

Tray 15 candidate distances:
  image_02_registered.JPG: raw=1471px, scale=1.735x, normalized=848px
  image_03_registered.JPG: raw=2342px, scale=1.749x, normalized=1339px
  image_04_registered.JPG: raw=313px, scale=1.744x, normalized=180px
  image_05_registered.JPG: raw=1252px, scale=1.733x, normalized=722px
  image_06_registered.JPG: raw=2272px, scale=1.715x, normalized=1325px
  image_07_registered.JPG: raw=3036px, scale=1.735x, normalized=1750px
  image_08_registered.JPG: raw=3541px, scale=1.739x, normalized=2036px
  image_09_registered.JPG: raw=2849px, scale=1.745x, normalized=1632px
  image_10_registered.JPG: raw=2484px, scale=1.758x, normalized=1413px
  image_11_registered.JPG: raw=1593px, scale=1.755x, normalized=907px
Tray 15: image_04_registered.JPG [distance] normalized distance=180px, label=0px²

Tray 16 candidate distances:
  image_02_registered.JPG: raw=1632px, scale=1.735x, normalized=941px
  image_03_registered.JPG: raw=1519px, scale=1.749x, normalized=868px
  image_04_registered.JPG: raw=2936px, scale=1.744x, normalized=1684px
  image_05_registered.JPG: raw=1872px, scale=1.733x, normalized=1080px
  image_06_registered.JPG: raw=1350px, scale=1.715x, normalized=787px
  image_07_registered.JPG: raw=174px, scale=1.735x, normalized=100px
  image_08_registered.JPG: raw=1009px, scale=1.739x, normalized=580px
  image_09_registered.JPG: raw=1694px, scale=1.745x, normalized=971px
  image_10_registered.JPG: raw=2662px, scale=1.758x, normalized=1514px
  image_11_registered.JPG: raw=2763px, scale=1.755x, normalized=1574px
Tray 16: image_07_registered.JPG [distance] normalized distance=100px, label=26967px²

Tray 17 candidate distances:
  image_02_registered.JPG: raw=1991px, scale=1.735x, normalized=1148px
  image_03_registered.JPG: raw=1330px, scale=1.749x, normalized=760px
  image_04_registered.JPG: raw=3205px, scale=1.744x, normalized=1838px
  image_05_registered.JPG: raw=2352px, scale=1.733x, normalized=1357px
  image_06_registered.JPG: raw=2118px, scale=1.715x, normalized=1235px
  image_07_registered.JPG: raw=1021px, scale=1.735x, normalized=588px
  image_08_registered.JPG: raw=175px, scale=1.739x, normalized=101px
  image_09_registered.JPG: raw=1202px, scale=1.745x, normalized=689px
  image_10_registered.JPG: raw=2301px, scale=1.758x, normalized=1309px
  image_11_registered.JPG: raw=2657px, scale=1.755x, normalized=1514px
Tray 17: image_08_registered.JPG [distance] normalized distance=101px, label=24934px²

Tray 18 candidate distances:
  image_02_registered.JPG: raw=806px, scale=1.735x, normalized=465px
  image_03_registered.JPG: raw=1033px, scale=1.749x, normalized=591px
  image_04_registered.JPG: raw=1033px, scale=1.744x, normalized=593px
  image_05_registered.JPG: raw=1108px, scale=1.733x, normalized=639px
  image_06_registered.JPG: raw=2016px, scale=1.715x, normalized=1175px
  image_07_registered.JPG: raw=2192px, scale=1.735x, normalized=1264px
  image_08_registered.JPG: raw=2417px, scale=1.739x, normalized=1390px
  image_09_registered.JPG: raw=1526px, scale=1.745x, normalized=875px
  image_10_registered.JPG: raw=1319px, scale=1.758x, normalized=751px
  image_11_registered.JPG: raw=717px, scale=1.755x, normalized=408px
Tray 18: image_11_registered.JPG [distance] normalized distance=408px, label=27383px²

Tray 19 candidate distances:
  image_02_registered.JPG: raw=1290px, scale=1.735x, normalized=743px
  image_03_registered.JPG: raw=1997px, scale=1.749x, normalized=1142px
  image_04_registered.JPG: raw=102px, scale=1.744x, normalized=59px
  image_05_registered.JPG: raw=1206px, scale=1.733x, normalized=696px
  image_06_registered.JPG: raw=2270px, scale=1.715x, normalized=1323px
  image_07_registered.JPG: raw=2874px, scale=1.735x, normalized=1657px
  image_08_registered.JPG: raw=3276px, scale=1.739x, normalized=1884px
  image_09_registered.JPG: raw=2488px, scale=1.745x, normalized=1426px
  image_10_registered.JPG: raw=2076px, scale=1.758x, normalized=1181px
  image_11_registered.JPG: raw=1174px, scale=1.755x, normalized=669px
Tray 19: image_04_registered.JPG [distance] normalized distance=59px, label=26409px²

Tray 20 candidate distances:
  image_02_registered.JPG: raw=2413px, scale=1.735x, normalized=1391px
  image_03_registered.JPG: raw=1658px, scale=1.749x, normalized=948px
  image_04_registered.JPG: raw=2565px, scale=1.744x, normalized=1471px
  image_05_registered.JPG: raw=2850px, scale=1.733x, normalized=1645px
  image_06_registered.JPG: raw=3484px, scale=1.715x, normalized=2031px
  image_07_registered.JPG: raw=3231px, scale=1.735x, normalized=1863px
  image_08_registered.JPG: raw=2649px, scale=1.739x, normalized=1523px
  image_09_registered.JPG: raw=1453px, scale=1.745x, normalized=833px
  image_10_registered.JPG: raw=501px, scale=1.758x, normalized=285px
  image_11_registered.JPG: raw=1264px, scale=1.755x, normalized=720px
Tray 20: image_10_registered.JPG [distance] normalized distance=285px, label=22260px²

Tray 21 candidate distances:
  image_02_registered.JPG: raw=1721px, scale=1.735x, normalized=992px
  image_03_registered.JPG: raw=1888px, scale=1.749x, normalized=1080px
  image_04_registered.JPG: raw=2994px, scale=1.744x, normalized=1717px
  image_05_registered.JPG: raw=1832px, scale=1.733x, normalized=1057px
  image_06_registered.JPG: raw=1056px, scale=1.715x, normalized=616px
  image_07_registered.JPG: raw=365px, scale=1.735x, normalized=210px
  image_08_registered.JPG: raw=1478px, scale=1.739x, normalized=850px
  image_09_registered.JPG: raw=2125px, scale=1.745x, normalized=1218px
  image_10_registered.JPG: raw=3025px, scale=1.758x, normalized=1721px
  image_11_registered.JPG: raw=3026px, scale=1.755x, normalized=1724px
Tray 21: image_07_registered.JPG [distance] normalized distance=210px, label=25512px²

Tray 22 candidate distances:
  image_02_registered.JPG: raw=2104px, scale=1.735x, normalized=1213px
  image_03_registered.JPG: raw=1168px, scale=1.749x, normalized=668px
  image_04_registered.JPG: raw=3180px, scale=1.744x, normalized=1824px
  image_05_registered.JPG: raw=2531px, scale=1.733x, normalized=1460px
  image_06_registered.JPG: raw=2520px, scale=1.715x, normalized=1469px
  image_07_registered.JPG: raw=1556px, scale=1.735x, normalized=897px
  image_08_registered.JPG: raw=557px, scale=1.739x, normalized=320px
  image_09_registered.JPG: raw=797px, scale=1.745x, normalized=457px
  image_10_registered.JPG: raw=1886px, scale=1.758x, normalized=1073px
  image_11_registered.JPG: raw=2400px, scale=1.755x, normalized=1367px
Tray 22: image_08_registered.JPG [distance] normalized distance=320px, label=23318px²

Tray 23 candidate distances:
  image_02_registered.JPG: raw=1965px, scale=1.735x, normalized=1133px
  image_03_registered.JPG: raw=1267px, scale=1.749x, normalized=724px
  image_04_registered.JPG: raw=2162px, scale=1.744x, normalized=1240px
  image_05_registered.JPG: raw=2391px, scale=1.733x, normalized=1380px
  image_06_registered.JPG: raw=3067px, scale=1.715x, normalized=1788px
  image_07_registered.JPG: raw=2848px, scale=1.735x, normalized=1642px
  image_08_registered.JPG: raw=2421px, scale=1.739x, normalized=1392px
  image_09_registered.JPG: raw=1184px, scale=1.745x, normalized=679px
  image_10_registered.JPG: raw=53px, scale=1.758x, normalized=30px
  image_11_registered.JPG: raw=898px, scale=1.755x, normalized=512px
Tray 23: image_10_registered.JPG [distance] normalized distance=30px, label=20960px²

Tray 24 candidate distances:
  image_02_registered.JPG: raw=1982px, scale=1.735x, normalized=1143px
  image_03_registered.JPG: raw=926px, scale=1.749x, normalized=529px
  image_04_registered.JPG: raw=2920px, scale=1.744x, normalized=1675px
  image_05_registered.JPG: raw=2448px, scale=1.733x, normalized=1412px
  image_06_registered.JPG: raw=2626px, scale=1.715x, normalized=1531px
  image_07_registered.JPG: raw=1831px, scale=1.735x, normalized=1055px
  image_08_registered.JPG: raw=1016px, scale=1.739x, normalized=584px
  image_09_registered.JPG: raw=395px, scale=1.745x, normalized=226px
  image_10_registered.JPG: raw=1430px, scale=1.758x, normalized=814px
  image_11_registered.JPG: raw=2017px, scale=1.755x, normalized=1149px
Tray 24: image_09_registered.JPG [distance] normalized distance=226px, label=21711px²

Tray 25 candidate distances:
  image_02_registered.JPG: raw=2276px, scale=1.735x, normalized=1312px
  image_03_registered.JPG: raw=1722px, scale=1.749x, normalized=985px
  image_04_registered.JPG: raw=2218px, scale=1.744x, normalized=1272px
  image_05_registered.JPG: raw=2670px, scale=1.733x, normalized=1541px
  image_06_registered.JPG: raw=3409px, scale=1.715x, normalized=1987px
  image_07_registered.JPG: raw=3316px, scale=1.735x, normalized=1911px
  image_08_registered.JPG: raw=2882px, scale=1.739x, normalized=1657px
  image_09_registered.JPG: raw=1672px, scale=1.745x, normalized=958px
  image_10_registered.JPG: raw=537px, scale=1.758x, normalized=306px
  image_11_registered.JPG: raw=935px, scale=1.755x, normalized=533px
Tray 25: image_10_registered.JPG [distance] normalized distance=306px, label=22395px²

Tray 26 candidate distances:
  image_02_registered.JPG: raw=1245px, scale=1.735x, normalized=718px
  image_03_registered.JPG: raw=1459px, scale=1.749x, normalized=834px
  image_04_registered.JPG: raw=2550px, scale=1.744x, normalized=1463px
  image_05_registered.JPG: raw=1436px, scale=1.733x, normalized=828px
  image_06_registered.JPG: raw=894px, scale=1.715x, normalized=521px
  image_07_registered.JPG: raw=332px, scale=1.735x, normalized=192px
  image_08_registered.JPG: raw=1416px, scale=1.739x, normalized=814px
  image_09_registered.JPG: raw=1791px, scale=1.745x, normalized=1027px
  image_10_registered.JPG: raw=2617px, scale=1.758x, normalized=1489px
  image_11_registered.JPG: raw=2562px, scale=1.755x, normalized=1459px
Tray 26: image_07_registered.JPG [distance] normalized distance=192px, label=29135px²

Tray 27 candidate distances:
  image_02_registered.JPG: raw=1728px, scale=1.735x, normalized=996px
  image_03_registered.JPG: raw=2318px, scale=1.749x, normalized=1325px
  image_04_registered.JPG: raw=516px, scale=1.744x, normalized=296px
  image_05_registered.JPG: raw=1689px, scale=1.733x, normalized=975px
  image_06_registered.JPG: raw=2725px, scale=1.715x, normalized=1589px
  image_07_registered.JPG: raw=3334px, scale=1.735x, normalized=1922px
  image_08_registered.JPG: raw=3618px, scale=1.739x, normalized=2081px
  image_09_registered.JPG: raw=2753px, scale=1.745x, normalized=1578px
  image_10_registered.JPG: raw=2138px, scale=1.758x, normalized=1217px
  image_11_registered.JPG: raw=1207px, scale=1.755x, normalized=688px
Tray 27: image_04_registered.JPG [distance] normalized distance=296px, label=27221px²

Tray 28 candidate distances:
  image_02_registered.JPG: raw=2306px, scale=1.735x, normalized=1330px
  image_03_registered.JPG: raw=1771px, scale=1.749x, normalized=1013px
  image_04_registered.JPG: raw=3551px, scale=1.744x, normalized=2037px
  image_05_registered.JPG: raw=2591px, scale=1.733x, normalized=1495px
  image_06_registered.JPG: raw=2180px, scale=1.715x, normalized=1271px
  image_07_registered.JPG: raw=1009px, scale=1.735x, normalized=581px
  image_08_registered.JPG: raw=466px, scale=1.739x, normalized=268px
  image_09_registered.JPG: raw=1657px, scale=1.745x, normalized=949px
  image_10_registered.JPG: raw=2750px, scale=1.758x, normalized=1565px
  image_11_registered.JPG: raw=3085px, scale=1.755x, normalized=1757px
Tray 28: image_08_registered.JPG [distance] normalized distance=268px, label=22993px²

Tray 29 candidate distances:
  image_02_registered.JPG: raw=2452px, scale=1.735x, normalized=1413px
  image_03_registered.JPG: raw=1711px, scale=1.749x, normalized=978px
  image_04_registered.JPG: raw=3634px, scale=1.744x, normalized=2084px
  image_05_registered.JPG: raw=2788px, scale=1.733x, normalized=1609px
  image_06_registered.JPG: raw=2519px, scale=1.715x, normalized=1469px
  image_07_registered.JPG: raw=1380px, scale=1.735x, normalized=796px
  image_08_registered.JPG: raw=302px, scale=1.739x, normalized=174px
  image_09_registered.JPG: raw=1457px, scale=1.745x, normalized=835px
  image_10_registered.JPG: raw=2554px, scale=1.758x, normalized=1453px
  image_11_registered.JPG: raw=2998px, scale=1.755x, normalized=1708px
Tray 29: image_08_registered.JPG [distance] normalized distance=174px, label=26525px²

Tray 30 candidate distances:
  image_02_registered.JPG: raw=1872px, scale=1.735x, normalized=1079px
  image_03_registered.JPG: raw=2629px, scale=1.749x, normalized=1503px
  image_04_registered.JPG: raw=591px, scale=1.744x, normalized=339px
  image_05_registered.JPG: raw=1729px, scale=1.733x, normalized=998px
  image_06_registered.JPG: raw=2735px, scale=1.715x, normalized=1595px
  image_07_registered.JPG: raw=3484px, scale=1.735x, normalized=2009px
  image_08_registered.JPG: raw=3866px, scale=1.739x, normalized=2223px
  image_09_registered.JPG: raw=3091px, scale=1.745x, normalized=1772px
  image_10_registered.JPG: raw=2540px, scale=1.758x, normalized=1445px
  image_11_registered.JPG: raw=1618px, scale=1.755x, normalized=922px
Tray 30: image_04_registered.JPG [distance] normalized distance=339px, label=27245px²

Saved best_views.json for drawer_012

==================================================
Processing drawer_013
==================================================
Loaded 31 trays
Found 10 registered images

Best view for each tray:

Tray 1 candidate distances:
  image_02_registered.JPG: raw=1479px, scale=1.741x, normalized=849px
  image_03_registered.JPG: raw=1759px, scale=1.755x, normalized=1002px
  image_04_registered.JPG: raw=2628px, scale=1.752x, normalized=1500px
  image_05_registered.JPG: raw=1525px, scale=1.745x, normalized=874px
  image_06_registered.JPG: raw=514px, scale=1.729x, normalized=297px
  image_07_registered.JPG: raw=454px, scale=1.743x, normalized=260px
  image_08_registered.JPG: raw=1774px, scale=1.750x, normalized=1014px
  image_09_registered.JPG: raw=2201px, scale=1.761x, normalized=1250px
  image_10_registered.JPG: raw=3159px, scale=1.766x, normalized=1789px
  image_11_registered.JPG: raw=2909px, scale=1.765x, normalized=1648px
Tray 1: image_07_registered.JPG [distance] normalized distance=260px, label=27015px²

Tray 2 candidate distances:
  image_02_registered.JPG: raw=1032px, scale=1.741x, normalized=593px
  image_03_registered.JPG: raw=2012px, scale=1.755x, normalized=1146px
  image_04_registered.JPG: raw=1659px, scale=1.752x, normalized=947px
  image_05_registered.JPG: raw=597px, scale=1.745x, normalized=342px
  image_06_registered.JPG: raw=897px, scale=1.729x, normalized=519px
  image_07_registered.JPG: raw=1713px, scale=1.743x, normalized=983px
  image_08_registered.JPG: raw=2714px, scale=1.750x, normalized=1550px
  image_09_registered.JPG: raw=2628px, scale=1.761x, normalized=1492px
  image_10_registered.JPG: raw=3091px, scale=1.766x, normalized=1750px
  image_11_registered.JPG: raw=2399px, scale=1.765x, normalized=1359px
Tray 2: image_05_registered.JPG [distance] normalized distance=342px, label=0px²

Tray 3 candidate distances:
  image_02_registered.JPG: raw=531px, scale=1.741x, normalized=305px
  image_03_registered.JPG: raw=1450px, scale=1.755x, normalized=826px
  image_04_registered.JPG: raw=706px, scale=1.752x, normalized=403px
  image_05_registered.JPG: raw=565px, scale=1.745x, normalized=324px
  image_06_registered.JPG: raw=1770px, scale=1.729x, normalized=1023px
  image_07_registered.JPG: raw=2174px, scale=1.743x, normalized=1247px
  image_08_registered.JPG: raw=2585px, scale=1.750x, normalized=1477px
  image_09_registered.JPG: raw=2034px, scale=1.761x, normalized=1156px
  image_10_registered.JPG: raw=2119px, scale=1.766x, normalized=1200px
  image_11_registered.JPG: raw=1243px, scale=1.765x, normalized=705px
Tray 3: image_02_registered.JPG [distance] normalized distance=305px, label=27587px²

Tray 4 candidate distances:
  image_02_registered.JPG: raw=530px, scale=1.741x, normalized=304px
  image_03_registered.JPG: raw=1066px, scale=1.755x, normalized=607px
  image_04_registered.JPG: raw=1758px, scale=1.752x, normalized=1004px
  image_05_registered.JPG: raw=812px, scale=1.745x, normalized=466px
  image_06_registered.JPG: raw=1035px, scale=1.729x, normalized=598px
  image_07_registered.JPG: raw=1110px, scale=1.743x, normalized=637px
  image_08_registered.JPG: raw=1738px, scale=1.750x, normalized=993px
  image_09_registered.JPG: raw=1620px, scale=1.761x, normalized=920px
  image_10_registered.JPG: raw=2348px, scale=1.766x, normalized=1329px
  image_11_registered.JPG: raw=1938px, scale=1.765x, normalized=1098px
Tray 4: image_02_registered.JPG [distance] normalized distance=304px, label=0px²

Tray 5 candidate distances:
  image_02_registered.JPG: raw=1727px, scale=1.741x, normalized=992px
  image_03_registered.JPG: raw=2359px, scale=1.755x, normalized=1344px
  image_04_registered.JPG: raw=2606px, scale=1.752x, normalized=1488px
  image_05_registered.JPG: raw=1481px, scale=1.745x, normalized=849px
  image_06_registered.JPG: raw=411px, scale=1.729x, normalized=238px
  image_07_registered.JPG: raw=1316px, scale=1.743x, normalized=755px
  image_08_registered.JPG: raw=2624px, scale=1.750x, normalized=1499px
  image_09_registered.JPG: raw=2911px, scale=1.761x, normalized=1654px
  image_10_registered.JPG: raw=3661px, scale=1.766x, normalized=2073px
  image_11_registered.JPG: raw=3222px, scale=1.765x, normalized=1826px
Tray 5: image_06_registered.JPG [distance] normalized distance=238px, label=0px²

Tray 6 candidate distances:
  image_02_registered.JPG: raw=1421px, scale=1.741x, normalized=816px
  image_03_registered.JPG: raw=1746px, scale=1.755x, normalized=995px
  image_04_registered.JPG: raw=727px, scale=1.752x, normalized=415px
  image_05_registered.JPG: raw=1625px, scale=1.745x, normalized=932px
  image_06_registered.JPG: raw=2756px, scale=1.729x, normalized=1594px
  image_07_registered.JPG: raw=3076px, scale=1.743x, normalized=1765px
  image_08_registered.JPG: raw=3032px, scale=1.750x, normalized=1733px
  image_09_registered.JPG: raw=2154px, scale=1.761x, normalized=1224px
  image_10_registered.JPG: raw=1553px, scale=1.766x, normalized=879px
  image_11_registered.JPG: raw=428px, scale=1.765x, normalized=243px
Tray 6: image_11_registered.JPG [distance] normalized distance=243px, label=32802px²

Tray 7 candidate distances:
  image_02_registered.JPG: raw=1551px, scale=1.741x, normalized=891px
  image_03_registered.JPG: raw=2045px, scale=1.755x, normalized=1165px
  image_04_registered.JPG: raw=2583px, scale=1.752x, normalized=1475px
  image_05_registered.JPG: raw=1440px, scale=1.745x, normalized=825px
  image_06_registered.JPG: raw=169px, scale=1.729x, normalized=98px
  image_07_registered.JPG: raw=887px, scale=1.743x, normalized=509px
  image_08_registered.JPG: raw=2204px, scale=1.750x, normalized=1259px
  image_09_registered.JPG: raw=2550px, scale=1.761x, normalized=1449px
  image_10_registered.JPG: raw=3400px, scale=1.766x, normalized=1925px
  image_11_registered.JPG: raw=3041px, scale=1.765x, normalized=1723px
Tray 7: image_06_registered.JPG [distance] normalized distance=98px, label=0px²

Tray 8 candidate distances:
  image_02_registered.JPG: raw=1091px, scale=1.741x, normalized=627px
  image_03_registered.JPG: raw=493px, scale=1.755x, normalized=281px
  image_04_registered.JPG: raw=1652px, scale=1.752x, normalized=943px
  image_05_registered.JPG: raw=1619px, scale=1.745x, normalized=928px
  image_06_registered.JPG: raw=2293px, scale=1.729x, normalized=1326px
  image_07_registered.JPG: raw=2150px, scale=1.743x, normalized=1234px
  image_08_registered.JPG: raw=1802px, scale=1.750x, normalized=1030px
  image_09_registered.JPG: raw=856px, scale=1.761x, normalized=486px
  image_10_registered.JPG: raw=1093px, scale=1.766x, normalized=619px
  image_11_registered.JPG: raw=1013px, scale=1.765x, normalized=574px
Tray 8: image_03_registered.JPG [distance] normalized distance=281px, label=26188px²

Tray 9 candidate distances:
  image_02_registered.JPG: raw=584px, scale=1.741x, normalized=335px
  image_03_registered.JPG: raw=896px, scale=1.755x, normalized=510px
  image_04_registered.JPG: raw=1095px, scale=1.752x, normalized=625px
  image_05_registered.JPG: raw=1024px, scale=1.745x, normalized=587px
  image_06_registered.JPG: raw=1959px, scale=1.729x, normalized=1133px
  image_07_registered.JPG: raw=2072px, scale=1.743x, normalized=1189px
  image_08_registered.JPG: raw=2149px, scale=1.750x, normalized=1228px
  image_09_registered.JPG: raw=1432px, scale=1.761x, normalized=814px
  image_10_registered.JPG: raw=1569px, scale=1.766x, normalized=888px
  image_11_registered.JPG: raw=937px, scale=1.765x, normalized=531px
Tray 9: image_02_registered.JPG [distance] normalized distance=335px, label=25792px²

Tray 10 candidate distances:
  image_02_registered.JPG: raw=1297px, scale=1.741x, normalized=745px
  image_03_registered.JPG: raw=470px, scale=1.755x, normalized=268px
  image_04_registered.JPG: raw=2356px, scale=1.752x, normalized=1345px
  image_05_registered.JPG: raw=1801px, scale=1.745x, normalized=1032px
  image_06_registered.JPG: raw=1866px, scale=1.729x, normalized=1079px
  image_07_registered.JPG: raw=1338px, scale=1.743x, normalized=767px
  image_08_registered.JPG: raw=881px, scale=1.750x, normalized=503px
  image_09_registered.JPG: raw=686px, scale=1.761x, normalized=390px
  image_10_registered.JPG: raw=1846px, scale=1.766x, normalized=1045px
  image_11_registered.JPG: raw=1970px, scale=1.765x, normalized=1116px
Tray 10: image_03_registered.JPG [distance] normalized distance=268px, label=28421px²

Tray 11 candidate distances:
  image_02_registered.JPG: raw=1489px, scale=1.741x, normalized=855px
  image_03_registered.JPG: raw=2149px, scale=1.755x, normalized=1224px
  image_04_registered.JPG: raw=314px, scale=1.752x, normalized=179px
  image_05_registered.JPG: raw=1474px, scale=1.745x, normalized=845px
  image_06_registered.JPG: raw=2678px, scale=1.729x, normalized=1549px
  image_07_registered.JPG: raw=3189px, scale=1.743x, normalized=1829px
  image_08_registered.JPG: raw=3387px, scale=1.750x, normalized=1935px
  image_09_registered.JPG: raw=2650px, scale=1.761x, normalized=1505px
  image_10_registered.JPG: raw=2169px, scale=1.766x, normalized=1228px
  image_11_registered.JPG: raw=1055px, scale=1.765x, normalized=598px
Tray 11: image_04_registered.JPG [distance] normalized distance=179px, label=0px²

Tray 12 candidate distances:
  image_02_registered.JPG: raw=1676px, scale=1.741x, normalized=963px
  image_03_registered.JPG: raw=697px, scale=1.755x, normalized=397px
  image_04_registered.JPG: raw=2219px, scale=1.752x, normalized=1267px
  image_05_registered.JPG: raw=2236px, scale=1.745x, normalized=1282px
  image_06_registered.JPG: raw=2725px, scale=1.729x, normalized=1576px
  image_07_registered.JPG: raw=2418px, scale=1.743x, normalized=1387px
  image_08_registered.JPG: raw=1661px, scale=1.750x, normalized=949px
  image_09_registered.JPG: raw=517px, scale=1.761x, normalized=294px
  image_10_registered.JPG: raw=824px, scale=1.766x, normalized=466px
  image_11_registered.JPG: raw=1358px, scale=1.765x, normalized=770px
Tray 12: image_09_registered.JPG [distance] normalized distance=294px, label=23922px²

Tray 13 candidate distances:
  image_02_registered.JPG: raw=2203px, scale=1.741x, normalized=1266px
  image_03_registered.JPG: raw=1455px, scale=1.755x, normalized=829px
  image_04_registered.JPG: raw=3335px, scale=1.752x, normalized=1904px
  image_05_registered.JPG: raw=2629px, scale=1.745x, normalized=1507px
  image_06_registered.JPG: raw=2122px, scale=1.729x, normalized=1227px
  image_07_registered.JPG: raw=1216px, scale=1.743x, normalized=698px
  image_08_registered.JPG: raw=289px, scale=1.750x, normalized=165px
  image_09_registered.JPG: raw=1392px, scale=1.761x, normalized=791px
  image_10_registered.JPG: raw=2674px, scale=1.766x, normalized=1514px
  image_11_registered.JPG: raw=2980px, scale=1.765x, normalized=1688px
Tray 13: image_08_registered.JPG [distance] normalized distance=165px, label=0px²

Tray 14 candidate distances:
  image_02_registered.JPG: raw=1526px, scale=1.741x, normalized=877px
  image_03_registered.JPG: raw=1541px, scale=1.755x, normalized=878px
  image_04_registered.JPG: raw=2732px, scale=1.752x, normalized=1559px
  image_05_registered.JPG: raw=1710px, scale=1.745x, normalized=980px
  image_06_registered.JPG: raw=914px, scale=1.729x, normalized=528px
  image_07_registered.JPG: raw=118px, scale=1.743x, normalized=68px
  image_08_registered.JPG: raw=1368px, scale=1.750x, normalized=782px
  image_09_registered.JPG: raw=1901px, scale=1.761x, normalized=1080px
  image_10_registered.JPG: raw=2965px, scale=1.766x, normalized=1679px
  image_11_registered.JPG: raw=2840px, scale=1.765x, normalized=1609px
Tray 14: image_07_registered.JPG [distance] normalized distance=68px, label=25463px²

Tray 15 candidate distances:
  image_02_registered.JPG: raw=1608px, scale=1.741x, normalized=924px
  image_03_registered.JPG: raw=1495px, scale=1.755x, normalized=852px
  image_04_registered.JPG: raw=1321px, scale=1.752x, normalized=754px
  image_05_registered.JPG: raw=1980px, scale=1.745x, normalized=1135px
  image_06_registered.JPG: raw=2956px, scale=1.729x, normalized=1710px
  image_07_registered.JPG: raw=3090px, scale=1.743x, normalized=1773px
  image_08_registered.JPG: raw=2762px, scale=1.750x, normalized=1578px
  image_09_registered.JPG: raw=1746px, scale=1.761x, normalized=992px
  image_10_registered.JPG: raw=930px, scale=1.766x, normalized=527px
  image_11_registered.JPG: raw=202px, scale=1.765x, normalized=115px
Tray 15: image_11_registered.JPG [distance] normalized distance=115px, label=21628px²

Tray 16 candidate distances:
  image_02_registered.JPG: raw=1689px, scale=1.741x, normalized=970px
  image_03_registered.JPG: raw=1411px, scale=1.755x, normalized=804px
  image_04_registered.JPG: raw=2899px, scale=1.752x, normalized=1655px
  image_05_registered.JPG: raw=1980px, scale=1.745x, normalized=1135px
  image_06_registered.JPG: raw=1323px, scale=1.729x, normalized=765px
  image_07_registered.JPG: raw=408px, scale=1.743x, normalized=234px
  image_08_registered.JPG: raw=965px, scale=1.750x, normalized=552px
  image_09_registered.JPG: raw=1654px, scale=1.761x, normalized=939px
  image_10_registered.JPG: raw=2821px, scale=1.766x, normalized=1597px
  image_11_registered.JPG: raw=2839px, scale=1.765x, normalized=1608px
Tray 16: image_07_registered.JPG [distance] normalized distance=234px, label=24687px²

Tray 17 candidate distances:
  image_02_registered.JPG: raw=2449px, scale=1.741x, normalized=1407px
  image_03_registered.JPG: raw=1727px, scale=1.755x, normalized=984px
  image_04_registered.JPG: raw=2528px, scale=1.752x, normalized=1443px
  image_05_registered.JPG: raw=2988px, scale=1.745x, normalized=1713px
  image_06_registered.JPG: raw=3617px, scale=1.729x, normalized=2092px
  image_07_registered.JPG: raw=3488px, scale=1.743x, normalized=2001px
  image_08_registered.JPG: raw=2608px, scale=1.750x, normalized=1490px
  image_09_registered.JPG: raw=1522px, scale=1.761x, normalized=864px
  image_10_registered.JPG: raw=353px, scale=1.766x, normalized=200px
  image_11_registered.JPG: raw=1389px, scale=1.765x, normalized=787px
Tray 17: image_10_registered.JPG [distance] normalized distance=200px, label=20536px²

Tray 18 candidate distances:
  image_02_registered.JPG: raw=2089px, scale=1.741x, normalized=1200px
  image_03_registered.JPG: raw=990px, scale=1.755x, normalized=564px
  image_04_registered.JPG: raw=2992px, scale=1.752x, normalized=1708px
  image_05_registered.JPG: raw=2643px, scale=1.745x, normalized=1515px
  image_06_registered.JPG: raw=2624px, scale=1.729x, normalized=1518px
  image_07_registered.JPG: raw=1966px, scale=1.743x, normalized=1128px
  image_08_registered.JPG: raw=758px, scale=1.750x, normalized=433px
  image_09_registered.JPG: raw=549px, scale=1.761x, normalized=312px
  image_10_registered.JPG: raw=1779px, scale=1.766x, normalized=1007px
  image_11_registered.JPG: raw=2316px, scale=1.765x, normalized=1312px
Tray 18: image_09_registered.JPG [distance] normalized distance=312px, label=19689px²

Tray 19 candidate distances:
  image_02_registered.JPG: raw=1664px, scale=1.741x, normalized=956px
  image_03_registered.JPG: raw=2467px, scale=1.755x, normalized=1405px
  image_04_registered.JPG: raw=501px, scale=1.752x, normalized=286px
  image_05_registered.JPG: raw=1511px, scale=1.745x, normalized=866px
  image_06_registered.JPG: raw=2696px, scale=1.729x, normalized=1559px
  image_07_registered.JPG: raw=3327px, scale=1.743x, normalized=1909px
  image_08_registered.JPG: raw=3659px, scale=1.750x, normalized=2090px
  image_09_registered.JPG: raw=3011px, scale=1.761x, normalized=1710px
  image_10_registered.JPG: raw=2584px, scale=1.766x, normalized=1463px
  image_11_registered.JPG: raw=1486px, scale=1.765x, normalized=842px
Tray 19: image_04_registered.JPG [distance] normalized distance=286px, label=28135px²

Tray 20 candidate distances:
  image_02_registered.JPG: raw=2127px, scale=1.741x, normalized=1222px
  image_03_registered.JPG: raw=1544px, scale=1.755x, normalized=880px
  image_04_registered.JPG: raw=2124px, scale=1.752x, normalized=1212px
  image_05_registered.JPG: raw=2624px, scale=1.745x, normalized=1504px
  image_06_registered.JPG: raw=3367px, scale=1.729x, normalized=1947px
  image_07_registered.JPG: raw=3308px, scale=1.743x, normalized=1898px
  image_08_registered.JPG: raw=2598px, scale=1.750x, normalized=1484px
  image_09_registered.JPG: raw=1487px, scale=1.761x, normalized=844px
  image_10_registered.JPG: raw=169px, scale=1.766x, normalized=96px
  image_11_registered.JPG: raw=996px, scale=1.765x, normalized=564px
Tray 20: image_10_registered.JPG [distance] normalized distance=96px, label=24673px²

Tray 21 candidate distances:
  image_02_registered.JPG: raw=1848px, scale=1.741x, normalized=1061px
  image_03_registered.JPG: raw=1463px, scale=1.755x, normalized=833px
  image_04_registered.JPG: raw=1733px, scale=1.752x, normalized=989px
  image_05_registered.JPG: raw=2294px, scale=1.745x, normalized=1315px
  image_06_registered.JPG: raw=3150px, scale=1.729x, normalized=1822px
  image_07_registered.JPG: raw=3177px, scale=1.743x, normalized=1823px
  image_08_registered.JPG: raw=2649px, scale=1.750x, normalized=1513px
  image_09_registered.JPG: raw=1563px, scale=1.761x, normalized=888px
  image_10_registered.JPG: raw=515px, scale=1.766x, normalized=292px
  image_11_registered.JPG: raw=611px, scale=1.765x, normalized=346px
Tray 21: image_10_registered.JPG [distance] normalized distance=292px, label=0px²

Tray 22 candidate distances:
  image_02_registered.JPG: raw=1642px, scale=1.741x, normalized=943px
  image_03_registered.JPG: raw=536px, scale=1.755x, normalized=305px
  image_04_registered.JPG: raw=2534px, scale=1.752x, normalized=1446px
  image_05_registered.JPG: raw=2193px, scale=1.745x, normalized=1257px
  image_06_registered.JPG: raw=2347px, scale=1.729x, normalized=1357px
  image_07_registered.JPG: raw=1814px, scale=1.743x, normalized=1041px
  image_08_registered.JPG: raw=944px, scale=1.750x, normalized=540px
  image_09_registered.JPG: raw=228px, scale=1.761x, normalized=129px
  image_10_registered.JPG: raw=1532px, scale=1.766x, normalized=867px
  image_11_registered.JPG: raw=1914px, scale=1.765x, normalized=1085px
Tray 22: image_09_registered.JPG [distance] normalized distance=129px, label=0px²

Tray 23 candidate distances:
  image_02_registered.JPG: raw=2117px, scale=1.741x, normalized=1216px
  image_03_registered.JPG: raw=1610px, scale=1.755x, normalized=917px
  image_04_registered.JPG: raw=3301px, scale=1.752x, normalized=1884px
  image_05_registered.JPG: raw=2451px, scale=1.745x, normalized=1405px
  image_06_registered.JPG: raw=1755px, scale=1.729x, normalized=1015px
  image_07_registered.JPG: raw=800px, scale=1.743x, normalized=459px
  image_08_registered.JPG: raw=738px, scale=1.750x, normalized=422px
  image_09_registered.JPG: raw=1705px, scale=1.761x, normalized=968px
  image_10_registered.JPG: raw=2949px, scale=1.766x, normalized=1670px
  image_11_registered.JPG: raw=3121px, scale=1.765x, normalized=1768px
Tray 23: image_08_registered.JPG [distance] normalized distance=422px, label=24463px²

Tray 24 candidate distances:
  image_02_registered.JPG: raw=1781px, scale=1.741x, normalized=1023px
  image_03_registered.JPG: raw=837px, scale=1.755x, normalized=477px
  image_04_registered.JPG: raw=2817px, scale=1.752x, normalized=1608px
  image_05_registered.JPG: raw=2289px, scale=1.745x, normalized=1312px
  image_06_registered.JPG: raw=2174px, scale=1.729x, normalized=1257px
  image_07_registered.JPG: raw=1476px, scale=1.743x, normalized=847px
  image_08_registered.JPG: raw=471px, scale=1.750x, normalized=269px
  image_09_registered.JPG: raw=696px, scale=1.761x, normalized=396px
  image_10_registered.JPG: raw=1997px, scale=1.766x, normalized=1130px
  image_11_registered.JPG: raw=2327px, scale=1.765x, normalized=1318px
Tray 24: image_08_registered.JPG [distance] normalized distance=269px, label=0px²

Tray 25 candidate distances:
  image_02_registered.JPG: raw=1748px, scale=1.741x, normalized=1004px
  image_03_registered.JPG: raw=1169px, scale=1.755x, normalized=666px
  image_04_registered.JPG: raw=2918px, scale=1.752x, normalized=1666px
  image_05_registered.JPG: raw=2146px, scale=1.745x, normalized=1230px
  image_06_registered.JPG: raw=1713px, scale=1.729x, normalized=991px
  image_07_registered.JPG: raw=870px, scale=1.743x, normalized=499px
  image_08_registered.JPG: raw=525px, scale=1.750x, normalized=300px
  image_09_registered.JPG: raw=1275px, scale=1.761x, normalized=724px
  image_10_registered.JPG: raw=2517px, scale=1.766x, normalized=1425px
  image_11_registered.JPG: raw=2671px, scale=1.765x, normalized=1513px
Tray 25: image_08_registered.JPG [distance] normalized distance=300px, label=29249px²

Tray 26 candidate distances:
  image_02_registered.JPG: raw=2667px, scale=1.741x, normalized=1532px
  image_03_registered.JPG: raw=1816px, scale=1.755x, normalized=1034px
  image_04_registered.JPG: raw=3764px, scale=1.752x, normalized=2149px
  image_05_registered.JPG: raw=3112px, scale=1.745x, normalized=1784px
  image_06_registered.JPG: raw=2537px, scale=1.729x, normalized=1467px
  image_07_registered.JPG: raw=1606px, scale=1.743x, normalized=921px
  image_08_registered.JPG: raw=592px, scale=1.750x, normalized=338px
  image_09_registered.JPG: raw=1647px, scale=1.761x, normalized=936px
  image_10_registered.JPG: raw=2907px, scale=1.766x, normalized=1646px
  image_11_registered.JPG: raw=3327px, scale=1.765x, normalized=1885px
Tray 26: image_08_registered.JPG [distance] normalized distance=338px, label=0px²

Tray 27 candidate distances:
  image_02_registered.JPG: raw=2032px, scale=1.741x, normalized=1167px
  image_03_registered.JPG: raw=929px, scale=1.755x, normalized=529px
  image_04_registered.JPG: raw=2674px, scale=1.752x, normalized=1526px
  image_05_registered.JPG: raw=2612px, scale=1.745x, normalized=1497px
  image_06_registered.JPG: raw=2908px, scale=1.729x, normalized=1682px
  image_07_registered.JPG: raw=2462px, scale=1.743x, normalized=1412px
  image_08_registered.JPG: raw=1446px, scale=1.750x, normalized=826px
  image_09_registered.JPG: raw=425px, scale=1.761x, normalized=242px
  image_10_registered.JPG: raw=1097px, scale=1.766x, normalized=621px
  image_11_registered.JPG: raw=1804px, scale=1.765x, normalized=1022px
Tray 27: image_09_registered.JPG [distance] normalized distance=242px, label=0px²

Tray 28 candidate distances:
  image_02_registered.JPG: raw=2384px, scale=1.741x, normalized=1369px
  image_03_registered.JPG: raw=1442px, scale=1.755x, normalized=822px
  image_04_registered.JPG: raw=3434px, scale=1.752x, normalized=1960px
  image_05_registered.JPG: raw=2877px, scale=1.745x, normalized=1649px
  image_06_registered.JPG: raw=2510px, scale=1.729x, normalized=1452px
  image_07_registered.JPG: raw=1660px, scale=1.743x, normalized=952px
  image_08_registered.JPG: raw=300px, scale=1.750x, normalized=171px
  image_09_registered.JPG: raw=1198px, scale=1.761x, normalized=681px
  image_10_registered.JPG: raw=2462px, scale=1.766x, normalized=1394px
  image_11_registered.JPG: raw=2913px, scale=1.765x, normalized=1651px
Tray 28: image_08_registered.JPG [distance] normalized distance=171px, label=21257px²

Tray 29 candidate distances:
  image_02_registered.JPG: raw=2132px, scale=1.741x, normalized=1225px
  image_03_registered.JPG: raw=1161px, scale=1.755x, normalized=662px
  image_04_registered.JPG: raw=2554px, scale=1.752x, normalized=1458px
  image_05_registered.JPG: raw=2705px, scale=1.745x, normalized=1550px
  image_06_registered.JPG: raw=3164px, scale=1.729x, normalized=1830px
  image_07_registered.JPG: raw=2849px, scale=1.743x, normalized=1635px
  image_08_registered.JPG: raw=1907px, scale=1.750x, normalized=1090px
  image_09_registered.JPG: raw=819px, scale=1.761x, normalized=465px
  image_10_registered.JPG: raw=663px, scale=1.766x, normalized=375px
  image_11_registered.JPG: raw=1551px, scale=1.765x, normalized=879px
Tray 29: image_10_registered.JPG [distance] normalized distance=375px, label=21699px²

Tray 30 candidate distances:
  image_02_registered.JPG: raw=927px, scale=1.741x, normalized=532px
  image_03_registered.JPG: raw=1995px, scale=1.755x, normalized=1136px
  image_04_registered.JPG: raw=995px, scale=1.752x, normalized=568px
  image_05_registered.JPG: raw=462px, scale=1.745x, normalized=265px
  image_06_registered.JPG: raw=1547px, scale=1.729x, normalized=894px
  image_07_registered.JPG: raw=2236px, scale=1.743x, normalized=1283px
  image_08_registered.JPG: raw=2966px, scale=1.750x, normalized=1694px
  image_09_registered.JPG: raw=2618px, scale=1.761x, normalized=1487px
  image_10_registered.JPG: raw=2783px, scale=1.766x, normalized=1575px
  image_11_registered.JPG: raw=1896px, scale=1.765x, normalized=1074px
Tray 30: image_05_registered.JPG [distance] normalized distance=265px, label=28479px²

Tray 31 candidate distances:
  image_02_registered.JPG: raw=1130px, scale=1.741x, normalized=649px
  image_03_registered.JPG: raw=2115px, scale=1.755x, normalized=1205px
  image_04_registered.JPG: raw=587px, scale=1.752x, normalized=335px
  image_05_registered.JPG: raw=826px, scale=1.745x, normalized=474px
  image_06_registered.JPG: raw=2002px, scale=1.729x, normalized=1158px
  image_07_registered.JPG: raw=2650px, scale=1.743x, normalized=1520px
  image_08_registered.JPG: raw=3211px, scale=1.750x, normalized=1834px
  image_09_registered.JPG: raw=2717px, scale=1.761x, normalized=1543px
  image_10_registered.JPG: raw=2647px, scale=1.766x, normalized=1499px
  image_11_registered.JPG: raw=1642px, scale=1.765x, normalized=930px
Tray 31: image_04_registered.JPG [distance] normalized distance=335px, label=28473px²

Saved best_views.json for drawer_013

==================================================
Processing drawer_014
==================================================
Loaded 40 trays
Found 10 registered images

Best view for each tray:

Tray 1 candidate distances:
  image_02_registered.JPG: raw=2315px, scale=1.762x, normalized=1314px
  image_03_registered.JPG: raw=1548px, scale=1.773x, normalized=873px
  image_04_registered.JPG: raw=3582px, scale=1.747x, normalized=2050px
  image_05_registered.JPG: raw=2734px, scale=1.760x, normalized=1553px
  image_06_registered.JPG: raw=2333px, scale=1.744x, normalized=1338px
  image_07_registered.JPG: raw=1312px, scale=1.756x, normalized=747px
  image_08_registered.JPG: raw=337px, scale=1.758x, normalized=191px
  image_09_registered.JPG: raw=1444px, scale=1.771x, normalized=816px
  image_10_registered.JPG: raw=2610px, scale=1.768x, normalized=1476px
  image_11_registered.JPG: raw=3019px, scale=1.770x, normalized=1706px
Tray 1: image_08_registered.JPG [distance] normalized distance=191px, label=0px²

Tray 2 candidate distances:
  image_02_registered.JPG: raw=1779px, scale=1.762x, normalized=1010px
  image_03_registered.JPG: raw=1529px, scale=1.773x, normalized=862px
  image_04_registered.JPG: raw=1789px, scale=1.747x, normalized=1024px
  image_05_registered.JPG: raw=2267px, scale=1.760x, normalized=1288px
  image_06_registered.JPG: raw=3034px, scale=1.744x, normalized=1740px
  image_07_registered.JPG: raw=2885px, scale=1.756x, normalized=1643px
  image_08_registered.JPG: raw=2582px, scale=1.758x, normalized=1469px
  image_09_registered.JPG: raw=1515px, scale=1.771x, normalized=856px
  image_10_registered.JPG: raw=576px, scale=1.768x, normalized=326px
  image_11_registered.JPG: raw=632px, scale=1.770x, normalized=357px
Tray 2: image_10_registered.JPG [distance] normalized distance=326px, label=0px²

Tray 3 candidate distances:
  image_02_registered.JPG: raw=1391px, scale=1.762x, normalized=789px
  image_03_registered.JPG: raw=1727px, scale=1.773x, normalized=974px
  image_04_registered.JPG: raw=960px, scale=1.747x, normalized=550px
  image_05_registered.JPG: raw=1738px, scale=1.760x, normalized=988px
  image_06_registered.JPG: raw=2688px, scale=1.744x, normalized=1542px
  image_07_registered.JPG: raw=2809px, scale=1.756x, normalized=1600px
  image_08_registered.JPG: raw=2876px, scale=1.758x, normalized=1636px
  image_09_registered.JPG: raw=1968px, scale=1.771x, normalized=1111px
  image_10_registered.JPG: raw=1399px, scale=1.768x, normalized=791px
  image_11_registered.JPG: raw=224px, scale=1.770x, normalized=126px
Tray 3: image_11_registered.JPG [distance] normalized distance=126px, label=0px²

Tray 4 candidate distances:
  image_02_registered.JPG: raw=1212px, scale=1.762x, normalized=688px
  image_03_registered.JPG: raw=2148px, scale=1.773x, normalized=1212px
  image_04_registered.JPG: raw=1957px, scale=1.747x, normalized=1120px
  image_05_registered.JPG: raw=754px, scale=1.760x, normalized=428px
  image_06_registered.JPG: raw=572px, scale=1.744x, normalized=328px
  image_07_registered.JPG: raw=1535px, scale=1.756x, normalized=874px
  image_08_registered.JPG: raw=2636px, scale=1.758x, normalized=1499px
  image_09_registered.JPG: raw=2651px, scale=1.771x, normalized=1497px
  image_10_registered.JPG: raw=3198px, scale=1.768x, normalized=1809px
  image_11_registered.JPG: raw=2547px, scale=1.770x, normalized=1439px
Tray 4: image_06_registered.JPG [distance] normalized distance=328px, label=0px²

Tray 5 candidate distances:
  image_02_registered.JPG: raw=653px, scale=1.762x, normalized=371px
  image_03_registered.JPG: raw=1470px, scale=1.773x, normalized=829px
  image_04_registered.JPG: raw=1743px, scale=1.747x, normalized=998px
  image_05_registered.JPG: raw=487px, scale=1.760x, normalized=277px
  image_06_registered.JPG: raw=719px, scale=1.744x, normalized=412px
  image_07_registered.JPG: raw=1133px, scale=1.756x, normalized=645px
  image_08_registered.JPG: raw=2092px, scale=1.758x, normalized=1190px
  image_09_registered.JPG: raw=1998px, scale=1.771x, normalized=1129px
  image_10_registered.JPG: raw=2604px, scale=1.768x, normalized=1473px
  image_11_registered.JPG: raw=2030px, scale=1.770x, normalized=1147px
Tray 5: image_05_registered.JPG [distance] normalized distance=277px, label=27918px²

Tray 6 candidate distances:
  image_02_registered.JPG: raw=494px, scale=1.762x, normalized=280px
  image_03_registered.JPG: raw=936px, scale=1.773x, normalized=528px
  image_04_registered.JPG: raw=1209px, scale=1.747x, normalized=692px
  image_05_registered.JPG: raw=1022px, scale=1.760x, normalized=581px
  image_06_registered.JPG: raw=1830px, scale=1.744x, normalized=1050px
  image_07_registered.JPG: raw=1797px, scale=1.756x, normalized=1023px
  image_08_registered.JPG: raw=2091px, scale=1.758x, normalized=1189px
  image_09_registered.JPG: raw=1393px, scale=1.771x, normalized=787px
  image_10_registered.JPG: raw=1579px, scale=1.768x, normalized=893px
  image_11_registered.JPG: raw=915px, scale=1.770x, normalized=517px
Tray 6: image_02_registered.JPG [distance] normalized distance=280px, label=0px²

Tray 7 candidate distances:
  image_02_registered.JPG: raw=1634px, scale=1.762x, normalized=927px
  image_03_registered.JPG: raw=742px, scale=1.773x, normalized=418px
  image_04_registered.JPG: raw=2337px, scale=1.747x, normalized=1338px
  image_05_registered.JPG: raw=2209px, scale=1.760x, normalized=1255px
  image_06_registered.JPG: raw=2647px, scale=1.744x, normalized=1518px
  image_07_registered.JPG: raw=2125px, scale=1.756x, normalized=1210px
  image_08_registered.JPG: raw=1582px, scale=1.758x, normalized=900px
  image_09_registered.JPG: raw=450px, scale=1.771x, normalized=254px
  image_10_registered.JPG: raw=782px, scale=1.768x, normalized=443px
  image_11_registered.JPG: raw=1374px, scale=1.770x, normalized=776px
Tray 7: image_09_registered.JPG [distance] normalized distance=254px, label=0px²

Tray 8 candidate distances:
  image_02_registered.JPG: raw=615px, scale=1.762x, normalized=349px
  image_03_registered.JPG: raw=1709px, scale=1.773x, normalized=964px
  image_04_registered.JPG: raw=749px, scale=1.747x, normalized=429px
  image_05_registered.JPG: raw=549px, scale=1.760x, normalized=312px
  image_06_registered.JPG: raw=1618px, scale=1.744x, normalized=928px
  image_07_registered.JPG: raw=2057px, scale=1.756x, normalized=1171px
  image_08_registered.JPG: raw=2697px, scale=1.758x, normalized=1534px
  image_09_registered.JPG: raw=2203px, scale=1.771x, normalized=1244px
  image_10_registered.JPG: raw=2318px, scale=1.768x, normalized=1311px
  image_11_registered.JPG: raw=1356px, scale=1.770x, normalized=766px
Tray 8: image_05_registered.JPG [distance] normalized distance=312px, label=0px²

Tray 9 candidate distances:
  image_02_registered.JPG: raw=1689px, scale=1.762x, normalized=958px
  image_03_registered.JPG: raw=672px, scale=1.773x, normalized=379px
  image_04_registered.JPG: raw=2802px, scale=1.747x, normalized=1604px
  image_05_registered.JPG: raw=2195px, scale=1.760x, normalized=1247px
  image_06_registered.JPG: raw=2225px, scale=1.744x, normalized=1276px
  image_07_registered.JPG: raw=1388px, scale=1.756x, normalized=790px
  image_08_registered.JPG: raw=638px, scale=1.758x, normalized=363px
  image_09_registered.JPG: raw=512px, scale=1.771x, normalized=289px
  image_10_registered.JPG: raw=1715px, scale=1.768x, normalized=970px
  image_11_registered.JPG: raw=2113px, scale=1.770x, normalized=1194px
Tray 9: image_09_registered.JPG [distance] normalized distance=289px, label=0px²

Tray 10 candidate distances:
  image_02_registered.JPG: raw=1304px, scale=1.762x, normalized=740px
  image_03_registered.JPG: raw=447px, scale=1.773x, normalized=252px
  image_04_registered.JPG: raw=2480px, scale=1.747x, normalized=1419px
  image_05_registered.JPG: raw=1772px, scale=1.760x, normalized=1007px
  image_06_registered.JPG: raw=1831px, scale=1.744x, normalized=1050px
  image_07_registered.JPG: raw=1064px, scale=1.756x, normalized=606px
  image_08_registered.JPG: raw=833px, scale=1.758x, normalized=474px
  image_09_registered.JPG: raw=697px, scale=1.771x, normalized=394px
  image_10_registered.JPG: raw=1796px, scale=1.768x, normalized=1016px
  image_11_registered.JPG: raw=1949px, scale=1.770x, normalized=1101px
Tray 10: image_03_registered.JPG [distance] normalized distance=252px, label=22080px²

Tray 11 candidate distances:
  image_02_registered.JPG: raw=1444px, scale=1.762x, normalized=819px
  image_03_registered.JPG: raw=2244px, scale=1.773x, normalized=1266px
  image_04_registered.JPG: raw=267px, scale=1.747x, normalized=153px
  image_05_registered.JPG: raw=1513px, scale=1.760x, normalized=860px
  image_06_registered.JPG: raw=2553px, scale=1.744x, normalized=1464px
  image_07_registered.JPG: raw=2975px, scale=1.756x, normalized=1694px
  image_08_registered.JPG: raw=3328px, scale=1.758x, normalized=1892px
  image_09_registered.JPG: raw=2609px, scale=1.771x, normalized=1474px
  image_10_registered.JPG: raw=2208px, scale=1.768x, normalized=1249px
  image_11_registered.JPG: raw=1036px, scale=1.770x, normalized=585px
Tray 11: image_04_registered.JPG [distance] normalized distance=153px, label=0px²

Tray 12 candidate distances:
  image_02_registered.JPG: raw=156px, scale=1.762x, normalized=89px
  image_03_registered.JPG: raw=1231px, scale=1.773x, normalized=695px
  image_04_registered.JPG: raw=1113px, scale=1.747x, normalized=637px
  image_05_registered.JPG: raw=551px, scale=1.760x, normalized=313px
  image_06_registered.JPG: raw=1466px, scale=1.744x, normalized=841px
  image_07_registered.JPG: raw=1663px, scale=1.756x, normalized=947px
  image_08_registered.JPG: raw=2240px, scale=1.758x, normalized=1274px
  image_09_registered.JPG: raw=1749px, scale=1.771x, normalized=988px
  image_10_registered.JPG: raw=2040px, scale=1.768x, normalized=1154px
  image_11_registered.JPG: raw=1275px, scale=1.770x, normalized=721px
Tray 12: image_02_registered.JPG [distance] normalized distance=89px, label=0px²

Tray 13 candidate distances:
  image_02_registered.JPG: raw=2383px, scale=1.762x, normalized=1352px
  image_03_registered.JPG: raw=1756px, scale=1.773x, normalized=991px
  image_04_registered.JPG: raw=2602px, scale=1.747x, normalized=1490px
  image_05_registered.JPG: raw=2922px, scale=1.760x, normalized=1660px
  image_06_registered.JPG: raw=3508px, scale=1.744x, normalized=2012px
  image_07_registered.JPG: raw=3181px, scale=1.756x, normalized=1812px
  image_08_registered.JPG: raw=2522px, scale=1.758x, normalized=1434px
  image_09_registered.JPG: raw=1466px, scale=1.771x, normalized=828px
  image_10_registered.JPG: raw=346px, scale=1.768x, normalized=196px
  image_11_registered.JPG: raw=1419px, scale=1.770x, normalized=802px
Tray 13: image_10_registered.JPG [distance] normalized distance=196px, label=0px²

Tray 14 candidate distances:
  image_02_registered.JPG: raw=1428px, scale=1.762x, normalized=810px
  image_03_registered.JPG: raw=2424px, scale=1.773x, normalized=1367px
  image_04_registered.JPG: raw=316px, scale=1.747x, normalized=181px
  image_05_registered.JPG: raw=1314px, scale=1.760x, normalized=747px
  image_06_registered.JPG: raw=2335px, scale=1.744x, normalized=1339px
  image_07_registered.JPG: raw=2908px, scale=1.756x, normalized=1656px
  image_08_registered.JPG: raw=3435px, scale=1.758x, normalized=1954px
  image_09_registered.JPG: raw=2847px, scale=1.771x, normalized=1608px
  image_10_registered.JPG: raw=2606px, scale=1.768x, normalized=1474px
  image_11_registered.JPG: raw=1463px, scale=1.770x, normalized=827px
Tray 14: image_04_registered.JPG [distance] normalized distance=181px, label=0px²

Tray 15 candidate distances:
  image_02_registered.JPG: raw=962px, scale=1.762x, normalized=546px
  image_03_registered.JPG: raw=550px, scale=1.773x, normalized=310px
  image_04_registered.JPG: raw=2202px, scale=1.747x, normalized=1260px
  image_05_registered.JPG: raw=1373px, scale=1.760x, normalized=780px
  image_06_registered.JPG: raw=1466px, scale=1.744x, normalized=841px
  image_07_registered.JPG: raw=857px, scale=1.756x, normalized=488px
  image_08_registered.JPG: raw=1145px, scale=1.758x, normalized=651px
  image_09_registered.JPG: raw=1019px, scale=1.771x, normalized=575px
  image_10_registered.JPG: raw=1954px, scale=1.768x, normalized=1105px
  image_11_registered.JPG: raw=1862px, scale=1.770x, normalized=1052px
Tray 15: image_03_registered.JPG [distance] normalized distance=310px, label=0px²

Tray 16 candidate distances:
  image_02_registered.JPG: raw=1104px, scale=1.762x, normalized=626px
  image_03_registered.JPG: raw=1770px, scale=1.773x, normalized=999px
  image_04_registered.JPG: raw=503px, scale=1.747x, normalized=288px
  image_05_registered.JPG: raw=1337px, scale=1.760x, normalized=760px
  image_06_registered.JPG: raw=2355px, scale=1.744x, normalized=1351px
  image_07_registered.JPG: raw=2613px, scale=1.756x, normalized=1488px
  image_08_registered.JPG: raw=2903px, scale=1.758x, normalized=1651px
  image_09_registered.JPG: raw=2129px, scale=1.771x, normalized=1203px
  image_10_registered.JPG: raw=1807px, scale=1.768x, normalized=1022px
  image_11_registered.JPG: raw=647px, scale=1.770x, normalized=366px
Tray 16: image_04_registered.JPG [distance] normalized distance=288px, label=0px²

Tray 17 candidate distances:
  image_02_registered.JPG: raw=1037px, scale=1.762x, normalized=588px
  image_03_registered.JPG: raw=553px, scale=1.773x, normalized=312px
  image_04_registered.JPG: raw=1750px, scale=1.747x, normalized=1002px
  image_05_registered.JPG: raw=1603px, scale=1.760x, normalized=911px
  image_06_registered.JPG: raw=2199px, scale=1.744x, normalized=1261px
  image_07_registered.JPG: raw=1865px, scale=1.756x, normalized=1062px
  image_08_registered.JPG: raw=1751px, scale=1.758x, normalized=996px
  image_09_registered.JPG: raw=815px, scale=1.771x, normalized=460px
  image_10_registered.JPG: raw=1072px, scale=1.768x, normalized=607px
  image_11_registered.JPG: raw=987px, scale=1.770x, normalized=558px
Tray 17: image_03_registered.JPG [distance] normalized distance=312px, label=27876px²

Tray 18 candidate distances:
  image_02_registered.JPG: raw=690px, scale=1.762x, normalized=392px
  image_03_registered.JPG: raw=893px, scale=1.773x, normalized=504px
  image_04_registered.JPG: raw=1972px, scale=1.747x, normalized=1129px
  image_05_registered.JPG: raw=974px, scale=1.760x, normalized=553px
  image_06_registered.JPG: raw=1097px, scale=1.744x, normalized=629px
  image_07_registered.JPG: raw=813px, scale=1.756x, normalized=463px
  image_08_registered.JPG: raw=1515px, scale=1.758x, normalized=862px
  image_09_registered.JPG: raw=1413px, scale=1.771x, normalized=798px
  image_10_registered.JPG: raw=2198px, scale=1.768x, normalized=1243px
  image_11_registered.JPG: raw=1877px, scale=1.770x, normalized=1061px
Tray 18: image_02_registered.JPG [distance] normalized distance=392px, label=26676px²

Tray 19 candidate distances:
  image_02_registered.JPG: raw=1356px, scale=1.762x, normalized=770px
  image_03_registered.JPG: raw=1407px, scale=1.773x, normalized=794px
  image_04_registered.JPG: raw=2631px, scale=1.747x, normalized=1506px
  image_05_registered.JPG: raw=1465px, scale=1.760x, normalized=832px
  image_06_registered.JPG: raw=889px, scale=1.744x, normalized=510px
  image_07_registered.JPG: raw=170px, scale=1.756x, normalized=97px
  image_08_registered.JPG: raw=1381px, scale=1.758x, normalized=785px
  image_09_registered.JPG: raw=1790px, scale=1.771x, normalized=1011px
  image_10_registered.JPG: raw=2759px, scale=1.768x, normalized=1561px
  image_11_registered.JPG: raw=2594px, scale=1.770x, normalized=1466px
Tray 19: image_07_registered.JPG [distance] normalized distance=97px, label=30584px²

Tray 20 candidate distances:
  image_02_registered.JPG: raw=1331px, scale=1.762x, normalized=755px
  image_03_registered.JPG: raw=1335px, scale=1.773x, normalized=753px
  image_04_registered.JPG: raw=1349px, scale=1.747x, normalized=772px
  image_05_registered.JPG: raw=1800px, scale=1.760x, normalized=1022px
  image_06_registered.JPG: raw=2637px, scale=1.744x, normalized=1512px
  image_07_registered.JPG: raw=2567px, scale=1.756x, normalized=1462px
  image_08_registered.JPG: raw=2490px, scale=1.758x, normalized=1416px
  image_09_registered.JPG: raw=1503px, scale=1.771x, normalized=849px
  image_10_registered.JPG: raw=970px, scale=1.768x, normalized=549px
  image_11_registered.JPG: raw=261px, scale=1.770x, normalized=147px
Tray 20: image_11_registered.JPG [distance] normalized distance=147px, label=0px²

Tray 21 candidate distances:
  image_02_registered.JPG: raw=1098px, scale=1.762x, normalized=623px
  image_03_registered.JPG: raw=2199px, scale=1.773x, normalized=1241px
  image_04_registered.JPG: raw=582px, scale=1.747x, normalized=333px
  image_05_registered.JPG: raw=875px, scale=1.760x, normalized=497px
  image_06_registered.JPG: raw=1885px, scale=1.744x, normalized=1081px
  image_07_registered.JPG: raw=2492px, scale=1.756x, normalized=1419px
  image_08_registered.JPG: raw=3157px, scale=1.758x, normalized=1796px
  image_09_registered.JPG: raw=2672px, scale=1.771x, normalized=1509px
  image_10_registered.JPG: raw=2648px, scale=1.768x, normalized=1498px
  image_11_registered.JPG: raw=1586px, scale=1.770x, normalized=896px
Tray 21: image_04_registered.JPG [distance] normalized distance=333px, label=28067px²

Tray 22 candidate distances:
  image_02_registered.JPG: raw=915px, scale=1.762x, normalized=519px
  image_03_registered.JPG: raw=2068px, scale=1.773x, normalized=1167px
  image_04_registered.JPG: raw=1026px, scale=1.747x, normalized=587px
  image_05_registered.JPG: raw=490px, scale=1.760x, normalized=278px
  image_06_registered.JPG: raw=1427px, scale=1.744x, normalized=819px
  image_07_registered.JPG: raw=2104px, scale=1.756x, normalized=1198px
  image_08_registered.JPG: raw=2920px, scale=1.758x, normalized=1661px
  image_09_registered.JPG: raw=2578px, scale=1.771x, normalized=1456px
  image_10_registered.JPG: raw=2772px, scale=1.768x, normalized=1568px
  image_11_registered.JPG: raw=1838px, scale=1.770x, normalized=1039px
Tray 22: image_05_registered.JPG [distance] normalized distance=278px, label=0px²

Tray 23 candidate distances:
  image_02_registered.JPG: raw=2014px, scale=1.762x, normalized=1143px
  image_03_registered.JPG: raw=938px, scale=1.773x, normalized=529px
  image_04_registered.JPG: raw=3004px, scale=1.747x, normalized=1720px
  image_05_registered.JPG: raw=2567px, scale=1.760x, normalized=1458px
  image_06_registered.JPG: raw=2670px, scale=1.744x, normalized=1531px
  image_07_registered.JPG: raw=1870px, scale=1.756x, normalized=1065px
  image_08_registered.JPG: raw=913px, scale=1.758x, normalized=519px
  image_09_registered.JPG: raw=453px, scale=1.771x, normalized=256px
  image_10_registered.JPG: raw=1502px, scale=1.768x, normalized=850px
  image_11_registered.JPG: raw=2143px, scale=1.770x, normalized=1211px
Tray 23: image_09_registered.JPG [distance] normalized distance=256px, label=20436px²

Tray 24 candidate distances:
  image_02_registered.JPG: raw=1388px, scale=1.762x, normalized=788px
  image_03_registered.JPG: raw=1986px, scale=1.773x, normalized=1120px
  image_04_registered.JPG: raw=2441px, scale=1.747x, normalized=1397px
  image_05_registered.JPG: raw=1159px, scale=1.760x, normalized=658px
  image_06_registered.JPG: raw=86px, scale=1.744x, normalized=49px
  image_07_registered.JPG: raw=993px, scale=1.756x, normalized=565px
  image_08_registered.JPG: raw=2192px, scale=1.758x, normalized=1246px
  image_09_registered.JPG: raw=2442px, scale=1.771x, normalized=1379px
  image_10_registered.JPG: raw=3208px, scale=1.768x, normalized=1815px
  image_11_registered.JPG: raw=2784px, scale=1.770x, normalized=1573px
Tray 24: image_06_registered.JPG [distance] normalized distance=49px, label=29605px²

Tray 25 candidate distances:
  image_02_registered.JPG: raw=1916px, scale=1.762x, normalized=1087px
  image_03_registered.JPG: raw=1364px, scale=1.773x, normalized=769px
  image_04_registered.JPG: raw=2186px, scale=1.747x, normalized=1251px
  image_05_registered.JPG: raw=2456px, scale=1.760x, normalized=1396px
  image_06_registered.JPG: raw=3090px, scale=1.744x, normalized=1772px
  image_07_registered.JPG: raw=2779px, scale=1.756x, normalized=1582px
  image_08_registered.JPG: raw=2289px, scale=1.758x, normalized=1302px
  image_09_registered.JPG: raw=1186px, scale=1.771x, normalized=670px
  image_10_registered.JPG: raw=139px, scale=1.768x, normalized=78px
  image_11_registered.JPG: raw=1039px, scale=1.770x, normalized=587px
Tray 25: image_10_registered.JPG [distance] normalized distance=78px, label=0px²

Tray 26 candidate distances:
  image_02_registered.JPG: raw=1303px, scale=1.762x, normalized=739px
  image_03_registered.JPG: raw=1667px, scale=1.773x, normalized=940px
  image_04_registered.JPG: raw=2495px, scale=1.747x, normalized=1428px
  image_05_registered.JPG: raw=1243px, scale=1.760x, normalized=706px
  image_06_registered.JPG: raw=472px, scale=1.744x, normalized=271px
  image_07_registered.JPG: raw=585px, scale=1.756x, normalized=333px
  image_08_registered.JPG: raw=1793px, scale=1.758x, normalized=1019px
  image_09_registered.JPG: raw=2102px, scale=1.771x, normalized=1187px
  image_10_registered.JPG: raw=2964px, scale=1.768x, normalized=1677px
  image_11_registered.JPG: raw=2652px, scale=1.770x, normalized=1498px
Tray 26: image_06_registered.JPG [distance] normalized distance=271px, label=25290px²

Tray 27 candidate distances:
  image_02_registered.JPG: raw=1828px, scale=1.762x, normalized=1038px
  image_03_registered.JPG: raw=2716px, scale=1.773x, normalized=1532px
  image_04_registered.JPG: raw=570px, scale=1.747x, normalized=326px
  image_05_registered.JPG: raw=1770px, scale=1.760x, normalized=1006px
  image_06_registered.JPG: raw=2786px, scale=1.744x, normalized=1598px
  image_07_registered.JPG: raw=3346px, scale=1.756x, normalized=1906px
  image_08_registered.JPG: raw=3742px, scale=1.758x, normalized=2128px
  image_09_registered.JPG: raw=3085px, scale=1.771x, normalized=1742px
  image_10_registered.JPG: raw=2638px, scale=1.768x, normalized=1492px
  image_11_registered.JPG: raw=1488px, scale=1.770x, normalized=841px
Tray 27: image_04_registered.JPG [distance] normalized distance=326px, label=28009px²

Tray 28 candidate distances:
  image_02_registered.JPG: raw=2133px, scale=1.762x, normalized=1210px
  image_03_registered.JPG: raw=1126px, scale=1.773x, normalized=635px
  image_04_registered.JPG: raw=3256px, scale=1.747x, normalized=1863px
  image_05_registered.JPG: raw=2647px, scale=1.760x, normalized=1504px
  image_06_registered.JPG: raw=2558px, scale=1.744x, normalized=1467px
  image_07_registered.JPG: raw=1641px, scale=1.756x, normalized=935px
  image_08_registered.JPG: raw=496px, scale=1.758x, normalized=282px
  image_09_registered.JPG: raw=812px, scale=1.771x, normalized=459px
  image_10_registered.JPG: raw=1942px, scale=1.768x, normalized=1099px
  image_11_registered.JPG: raw=2498px, scale=1.770x, normalized=1411px
Tray 28: image_08_registered.JPG [distance] normalized distance=282px, label=0px²

Tray 29 candidate distances:
  image_02_registered.JPG: raw=1793px, scale=1.762x, normalized=1017px
  image_03_registered.JPG: raw=1819px, scale=1.773x, normalized=1026px
  image_04_registered.JPG: raw=3060px, scale=1.747x, normalized=1752px
  image_05_registered.JPG: raw=1861px, scale=1.760x, normalized=1057px
  image_06_registered.JPG: raw=1026px, scale=1.744x, normalized=588px
  image_07_registered.JPG: raw=440px, scale=1.756x, normalized=250px
  image_08_registered.JPG: raw=1499px, scale=1.758x, normalized=852px
  image_09_registered.JPG: raw=2127px, scale=1.771x, normalized=1201px
  image_10_registered.JPG: raw=3142px, scale=1.768x, normalized=1778px
  image_11_registered.JPG: raw=3053px, scale=1.770x, normalized=1725px
Tray 29: image_07_registered.JPG [distance] normalized distance=250px, label=28290px²

Tray 30 candidate distances:
  image_02_registered.JPG: raw=1827px, scale=1.762x, normalized=1037px
  image_03_registered.JPG: raw=2294px, scale=1.773x, normalized=1294px
  image_04_registered.JPG: raw=2912px, scale=1.747x, normalized=1667px
  image_05_registered.JPG: raw=1645px, scale=1.760x, normalized=934px
  image_06_registered.JPG: raw=547px, scale=1.744x, normalized=314px
  image_07_registered.JPG: raw=1062px, scale=1.756x, normalized=605px
  image_08_registered.JPG: raw=2255px, scale=1.758x, normalized=1282px
  image_09_registered.JPG: raw=2687px, scale=1.771x, normalized=1518px
  image_10_registered.JPG: raw=3536px, scale=1.768x, normalized=2000px
  image_11_registered.JPG: raw=3229px, scale=1.770x, normalized=1825px
Tray 30: image_06_registered.JPG [distance] normalized distance=314px, label=25443px²

Tray 31 candidate distances:
  image_02_registered.JPG: raw=1989px, scale=1.762x, normalized=1129px
  image_03_registered.JPG: raw=960px, scale=1.773x, normalized=542px
  image_04_registered.JPG: raw=2798px, scale=1.747x, normalized=1602px
  image_05_registered.JPG: raw=2566px, scale=1.760x, normalized=1458px
  image_06_registered.JPG: raw=2846px, scale=1.744x, normalized=1632px
  image_07_registered.JPG: raw=2183px, scale=1.756x, normalized=1243px
  image_08_registered.JPG: raw=1364px, scale=1.758x, normalized=776px
  image_09_registered.JPG: raw=416px, scale=1.771x, normalized=235px
  image_10_registered.JPG: raw=1053px, scale=1.768x, normalized=596px
  image_11_registered.JPG: raw=1823px, scale=1.770x, normalized=1030px
Tray 31: image_09_registered.JPG [distance] normalized distance=235px, label=0px²

Tray 32 candidate distances:
  image_02_registered.JPG: raw=1483px, scale=1.762x, normalized=842px
  image_03_registered.JPG: raw=1211px, scale=1.773x, normalized=683px
  image_04_registered.JPG: raw=2782px, scale=1.747x, normalized=1593px
  image_05_registered.JPG: raw=1725px, scale=1.760x, normalized=980px
  image_06_registered.JPG: raw=1285px, scale=1.744x, normalized=737px
  image_07_registered.JPG: raw=261px, scale=1.756x, normalized=149px
  image_08_registered.JPG: raw=981px, scale=1.758x, normalized=558px
  image_09_registered.JPG: raw=1509px, scale=1.771x, normalized=852px
  image_10_registered.JPG: raw=2574px, scale=1.768x, normalized=1456px
  image_11_registered.JPG: raw=2564px, scale=1.770x, normalized=1449px
Tray 32: image_07_registered.JPG [distance] normalized distance=149px, label=26693px²

Tray 33 candidate distances:
  image_02_registered.JPG: raw=1904px, scale=1.762x, normalized=1080px
  image_03_registered.JPG: raw=1679px, scale=1.773x, normalized=947px
  image_04_registered.JPG: raw=3209px, scale=1.747x, normalized=1837px
  image_05_registered.JPG: raw=2089px, scale=1.760x, normalized=1187px
  image_06_registered.JPG: raw=1391px, scale=1.744x, normalized=798px
  image_07_registered.JPG: raw=471px, scale=1.756x, normalized=268px
  image_08_registered.JPG: raw=1130px, scale=1.758x, normalized=643px
  image_09_registered.JPG: raw=1903px, scale=1.771x, normalized=1075px
  image_10_registered.JPG: raw=2994px, scale=1.768x, normalized=1694px
  image_11_registered.JPG: raw=3040px, scale=1.770x, normalized=1718px
Tray 33: image_07_registered.JPG [distance] normalized distance=268px, label=25069px²

Tray 34 candidate distances:
  image_02_registered.JPG: raw=2084px, scale=1.762x, normalized=1182px
  image_03_registered.JPG: raw=1202px, scale=1.773x, normalized=678px
  image_04_registered.JPG: raw=2670px, scale=1.747x, normalized=1528px
  image_05_registered.JPG: raw=2662px, scale=1.760x, normalized=1512px
  image_06_registered.JPG: raw=3087px, scale=1.744x, normalized=1771px
  image_07_registered.JPG: raw=2560px, scale=1.756x, normalized=1458px
  image_08_registered.JPG: raw=1825px, scale=1.758x, normalized=1038px
  image_09_registered.JPG: raw=778px, scale=1.771x, normalized=439px
  image_10_registered.JPG: raw=619px, scale=1.768x, normalized=350px
  image_11_registered.JPG: raw=1583px, scale=1.770x, normalized=894px
Tray 34: image_10_registered.JPG [distance] normalized distance=350px, label=19620px²

Tray 35 candidate distances:
  image_02_registered.JPG: raw=1762px, scale=1.762x, normalized=1000px
  image_03_registered.JPG: raw=1819px, scale=1.773x, normalized=1026px
  image_04_registered.JPG: raw=1433px, scale=1.747x, normalized=820px
  image_05_registered.JPG: raw=2163px, scale=1.760x, normalized=1229px
  image_06_registered.JPG: raw=3044px, scale=1.744x, normalized=1746px
  image_07_registered.JPG: raw=3067px, scale=1.756x, normalized=1747px
  image_08_registered.JPG: raw=2923px, scale=1.758x, normalized=1662px
  image_09_registered.JPG: raw=1922px, scale=1.771x, normalized=1086px
  image_10_registered.JPG: raw=1062px, scale=1.768x, normalized=601px
  image_11_registered.JPG: raw=396px, scale=1.770x, normalized=224px
Tray 35: image_11_registered.JPG [distance] normalized distance=224px, label=25811px²

Tray 36 candidate distances:
  image_02_registered.JPG: raw=2234px, scale=1.762x, normalized=1268px
  image_03_registered.JPG: raw=1836px, scale=1.773x, normalized=1036px
  image_04_registered.JPG: raw=2231px, scale=1.747x, normalized=1277px
  image_05_registered.JPG: raw=2727px, scale=1.760x, normalized=1549px
  image_06_registered.JPG: raw=3436px, scale=1.744x, normalized=1971px
  image_07_registered.JPG: raw=3248px, scale=1.756x, normalized=1849px
  image_08_registered.JPG: raw=2758px, scale=1.758x, normalized=1569px
  image_09_registered.JPG: raw=1686px, scale=1.771x, normalized=952px
  image_10_registered.JPG: raw=462px, scale=1.768x, normalized=262px
  image_11_registered.JPG: raw=1070px, scale=1.770x, normalized=605px
Tray 36: image_10_registered.JPG [distance] normalized distance=262px, label=28475px²

Tray 37 candidate distances:
  image_02_registered.JPG: raw=1767px, scale=1.762x, normalized=1003px
  image_03_registered.JPG: raw=2029px, scale=1.773x, normalized=1145px
  image_04_registered.JPG: raw=2962px, scale=1.747x, normalized=1695px
  image_05_registered.JPG: raw=1709px, scale=1.760x, normalized=971px
  image_06_registered.JPG: raw=718px, scale=1.744x, normalized=412px
  image_07_registered.JPG: raw=704px, scale=1.756x, normalized=401px
  image_08_registered.JPG: raw=1872px, scale=1.758x, normalized=1065px
  image_09_registered.JPG: raw=2390px, scale=1.771x, normalized=1350px
  image_10_registered.JPG: raw=3324px, scale=1.768x, normalized=1880px
  image_11_registered.JPG: raw=3117px, scale=1.770x, normalized=1761px
Tray 37: image_07_registered.JPG [distance] normalized distance=401px, label=26418px²

Tray 38 candidate distances:
  image_02_registered.JPG: raw=1782px, scale=1.762x, normalized=1011px
  image_03_registered.JPG: raw=2485px, scale=1.773x, normalized=1402px
  image_04_registered.JPG: raw=2689px, scale=1.747x, normalized=1539px
  image_05_registered.JPG: raw=1455px, scale=1.760x, normalized=827px
  image_06_registered.JPG: raw=485px, scale=1.744x, normalized=278px
  image_07_registered.JPG: raw=1434px, scale=1.756x, normalized=816px
  image_08_registered.JPG: raw=2633px, scale=1.758x, normalized=1497px
  image_09_registered.JPG: raw=2921px, scale=1.771x, normalized=1650px
  image_10_registered.JPG: raw=3642px, scale=1.768x, normalized=2060px
  image_11_registered.JPG: raw=3191px, scale=1.770x, normalized=1803px
Tray 38: image_06_registered.JPG [distance] normalized distance=278px, label=28124px²

Tray 39 candidate distances:
  image_02_registered.JPG: raw=620px, scale=1.762x, normalized=352px
  image_03_registered.JPG: raw=1437px, scale=1.773x, normalized=811px
  image_04_registered.JPG: raw=721px, scale=1.747x, normalized=413px
  image_05_registered.JPG: raw=908px, scale=1.760x, normalized=516px
  image_06_registered.JPG: raw=1909px, scale=1.744x, normalized=1095px
  image_07_registered.JPG: raw=2130px, scale=1.756x, normalized=1213px
  image_08_registered.JPG: raw=2548px, scale=1.758x, normalized=1449px
  image_09_registered.JPG: raw=1881px, scale=1.771x, normalized=1062px
  image_10_registered.JPG: raw=1865px, scale=1.768x, normalized=1055px
  image_11_registered.JPG: raw=885px, scale=1.770x, normalized=500px
Tray 39: image_02_registered.JPG [distance] normalized distance=352px, label=28957px²

Tray 40 candidate distances:
  image_02_registered.JPG: raw=1592px, scale=1.762x, normalized=903px
  image_03_registered.JPG: raw=2160px, scale=1.773x, normalized=1219px
  image_04_registered.JPG: raw=690px, scale=1.747x, normalized=395px
  image_05_registered.JPG: raw=1792px, scale=1.760x, normalized=1018px
  image_06_registered.JPG: raw=2803px, scale=1.744x, normalized=1608px
  image_07_registered.JPG: raw=3100px, scale=1.756x, normalized=1766px
  image_08_registered.JPG: raw=3275px, scale=1.758x, normalized=1863px
  image_09_registered.JPG: raw=2446px, scale=1.771x, normalized=1381px
  image_10_registered.JPG: raw=1862px, scale=1.768x, normalized=1054px
  image_11_registered.JPG: raw=716px, scale=1.770x, normalized=405px
Tray 40: image_11_registered.JPG [label override] normalized distance=405px, label=27305px²

Saved best_views.json for drawer_014

==================================================
Processing drawer_015
==================================================
Loaded 42 trays
Found 10 registered images

Best view for each tray:

Tray 1 candidate distances:
  image_02_registered.JPG: raw=1726px, scale=1.748x, normalized=988px
  image_03_registered.JPG: raw=2278px, scale=1.746x, normalized=1304px
  image_04_registered.JPG: raw=2429px, scale=1.738x, normalized=1398px
  image_05_registered.JPG: raw=1474px, scale=1.735x, normalized=850px
  image_06_registered.JPG: raw=520px, scale=1.717x, normalized=303px
  image_07_registered.JPG: raw=1524px, scale=1.734x, normalized=879px
  image_08_registered.JPG: raw=2523px, scale=1.731x, normalized=1457px
  image_09_registered.JPG: raw=2836px, scale=1.745x, normalized=1625px
  image_10_registered.JPG: raw=3643px, scale=1.751x, normalized=2081px
  image_11_registered.JPG: raw=3218px, scale=1.751x, normalized=1838px
Tray 1: image_06_registered.JPG [distance] normalized distance=303px, label=0px²

Tray 2 candidate distances:
  image_02_registered.JPG: raw=447px, scale=1.748x, normalized=256px
  image_03_registered.JPG: raw=1254px, scale=1.746x, normalized=718px
  image_04_registered.JPG: raw=726px, scale=1.738x, normalized=418px
  image_05_registered.JPG: raw=672px, scale=1.735x, normalized=387px
  image_06_registered.JPG: raw=1680px, scale=1.717x, normalized=978px
  image_07_registered.JPG: raw=1850px, scale=1.734x, normalized=1067px
  image_08_registered.JPG: raw=2314px, scale=1.731x, normalized=1337px
  image_09_registered.JPG: raw=1752px, scale=1.745x, normalized=1004px
  image_10_registered.JPG: raw=1921px, scale=1.751x, normalized=1097px
  image_11_registered.JPG: raw=1104px, scale=1.751x, normalized=631px
Tray 2: image_02_registered.JPG [distance] normalized distance=256px, label=27141px²

Tray 3 candidate distances:
  image_02_registered.JPG: raw=527px, scale=1.748x, normalized=301px
  image_03_registered.JPG: raw=1214px, scale=1.746x, normalized=695px
  image_04_registered.JPG: raw=1557px, scale=1.738x, normalized=896px
  image_05_registered.JPG: raw=653px, scale=1.735x, normalized=377px
  image_06_registered.JPG: raw=794px, scale=1.717x, normalized=462px
  image_07_registered.JPG: raw=1019px, scale=1.734x, normalized=588px
  image_08_registered.JPG: raw=1823px, scale=1.731x, normalized=1053px
  image_09_registered.JPG: raw=1744px, scale=1.745x, normalized=1000px
  image_10_registered.JPG: raw=2473px, scale=1.751x, normalized=1412px
  image_11_registered.JPG: raw=1962px, scale=1.751x, normalized=1121px
Tray 3: image_02_registered.JPG [distance] normalized distance=301px, label=0px²

Tray 4 candidate distances:
  image_02_registered.JPG: raw=1482px, scale=1.748x, normalized=848px
  image_03_registered.JPG: raw=2130px, scale=1.746x, normalized=1220px
  image_04_registered.JPG: raw=460px, scale=1.738x, normalized=264px
  image_05_registered.JPG: raw=1434px, scale=1.735x, normalized=827px
  image_06_registered.JPG: raw=2556px, scale=1.717x, normalized=1489px
  image_07_registered.JPG: raw=2911px, scale=1.734x, normalized=1679px
  image_08_registered.JPG: raw=3246px, scale=1.731x, normalized=1875px
  image_09_registered.JPG: raw=2560px, scale=1.745x, normalized=1467px
  image_10_registered.JPG: raw=2128px, scale=1.751x, normalized=1216px
  image_11_registered.JPG: raw=1119px, scale=1.751x, normalized=639px
Tray 4: image_04_registered.JPG [distance] normalized distance=264px, label=27772px²

Tray 5 candidate distances:
  image_02_registered.JPG: raw=549px, scale=1.748x, normalized=314px
  image_03_registered.JPG: raw=894px, scale=1.746x, normalized=512px
  image_04_registered.JPG: raw=1066px, scale=1.738x, normalized=614px
  image_05_registered.JPG: raw=999px, scale=1.735x, normalized=576px
  image_06_registered.JPG: raw=1807px, scale=1.717x, normalized=1052px
  image_07_registered.JPG: raw=1728px, scale=1.734x, normalized=997px
  image_08_registered.JPG: raw=2029px, scale=1.731x, normalized=1172px
  image_09_registered.JPG: raw=1352px, scale=1.745x, normalized=775px
  image_10_registered.JPG: raw=1574px, scale=1.751x, normalized=899px
  image_11_registered.JPG: raw=910px, scale=1.751x, normalized=520px
Tray 5: image_02_registered.JPG [distance] normalized distance=314px, label=0px²

Tray 6 candidate distances:
  image_02_registered.JPG: raw=721px, scale=1.748x, normalized=413px
  image_03_registered.JPG: raw=1589px, scale=1.746x, normalized=910px
  image_04_registered.JPG: raw=1473px, scale=1.738x, normalized=848px
  image_05_registered.JPG: raw=466px, scale=1.735x, normalized=269px
  image_06_registered.JPG: raw=697px, scale=1.717x, normalized=406px
  image_07_registered.JPG: raw=1339px, scale=1.734x, normalized=772px
  image_08_registered.JPG: raw=2209px, scale=1.731x, normalized=1276px
  image_09_registered.JPG: raw=2147px, scale=1.745x, normalized=1230px
  image_10_registered.JPG: raw=2766px, scale=1.751x, normalized=1580px
  image_11_registered.JPG: raw=2155px, scale=1.751x, normalized=1231px
Tray 6: image_05_registered.JPG [distance] normalized distance=269px, label=26655px²

Tray 7 candidate distances:
  image_02_registered.JPG: raw=1246px, scale=1.748x, normalized=713px
  image_03_registered.JPG: raw=1563px, scale=1.746x, normalized=895px
  image_04_registered.JPG: raw=2242px, scale=1.738x, normalized=1290px
  image_05_registered.JPG: raw=1276px, scale=1.735x, normalized=736px
  image_06_registered.JPG: raw=377px, scale=1.717x, normalized=220px
  image_07_registered.JPG: raw=688px, scale=1.734x, normalized=397px
  image_08_registered.JPG: raw=1705px, scale=1.731x, normalized=985px
  image_09_registered.JPG: raw=2037px, scale=1.745x, normalized=1167px
  image_10_registered.JPG: raw=2990px, scale=1.751x, normalized=1708px
  image_11_registered.JPG: raw=2663px, scale=1.751x, normalized=1521px
Tray 7: image_06_registered.JPG [distance] normalized distance=220px, label=24971px²

Tray 8 candidate distances:
  image_02_registered.JPG: raw=927px, scale=1.748x, normalized=531px
  image_03_registered.JPG: raw=549px, scale=1.746x, normalized=314px
  image_04_registered.JPG: raw=1996px, scale=1.738x, normalized=1148px
  image_05_registered.JPG: raw=1382px, scale=1.735x, normalized=797px
  image_06_registered.JPG: raw=1388px, scale=1.717x, normalized=808px
  image_07_registered.JPG: raw=761px, scale=1.734x, normalized=439px
  image_08_registered.JPG: raw=1092px, scale=1.731x, normalized=631px
  image_09_registered.JPG: raw=976px, scale=1.745x, normalized=560px
  image_10_registered.JPG: raw=2007px, scale=1.751x, normalized=1146px
  image_11_registered.JPG: raw=1836px, scale=1.751x, normalized=1048px
Tray 8: image_03_registered.JPG [distance] normalized distance=314px, label=25319px²

Tray 9 candidate distances:
  image_02_registered.JPG: raw=995px, scale=1.748x, normalized=569px
  image_03_registered.JPG: raw=1997px, scale=1.746x, normalized=1144px
  image_04_registered.JPG: raw=624px, scale=1.738x, normalized=359px
  image_05_registered.JPG: raw=592px, scale=1.735x, normalized=341px
  image_06_registered.JPG: raw=1668px, scale=1.717x, normalized=971px
  image_07_registered.JPG: raw=2275px, scale=1.734x, normalized=1312px
  image_08_registered.JPG: raw=2937px, scale=1.731x, normalized=1696px
  image_09_registered.JPG: raw=2555px, scale=1.745x, normalized=1465px
  image_10_registered.JPG: raw=2671px, scale=1.751x, normalized=1526px
  image_11_registered.JPG: raw=1776px, scale=1.751x, normalized=1014px
Tray 9: image_05_registered.JPG [distance] normalized distance=341px, label=0px²

Tray 10 candidate distances:
  image_02_registered.JPG: raw=1785px, scale=1.748x, normalized=1022px
  image_03_registered.JPG: raw=2124px, scale=1.746x, normalized=1216px
  image_04_registered.JPG: raw=2649px, scale=1.738x, normalized=1524px
  image_05_registered.JPG: raw=1671px, scale=1.735x, normalized=963px
  image_06_registered.JPG: raw=503px, scale=1.717x, normalized=293px
  image_07_registered.JPG: raw=1187px, scale=1.734x, normalized=685px
  image_08_registered.JPG: raw=2172px, scale=1.731x, normalized=1255px
  image_09_registered.JPG: raw=2624px, scale=1.745x, normalized=1504px
  image_10_registered.JPG: raw=3566px, scale=1.751x, normalized=2037px
  image_11_registered.JPG: raw=3263px, scale=1.751x, normalized=1863px
Tray 10: image_06_registered.JPG [distance] normalized distance=293px, label=24274px²

Tray 11 candidate distances:
  image_02_registered.JPG: raw=1738px, scale=1.748x, normalized=994px
  image_03_registered.JPG: raw=1893px, scale=1.746x, normalized=1084px
  image_04_registered.JPG: raw=2711px, scale=1.738x, normalized=1560px
  image_05_registered.JPG: raw=1748px, scale=1.735x, normalized=1008px
  image_06_registered.JPG: raw=633px, scale=1.717x, normalized=368px
  image_07_registered.JPG: raw=832px, scale=1.734x, normalized=480px
  image_08_registered.JPG: raw=1792px, scale=1.731x, normalized=1035px
  image_09_registered.JPG: raw=2334px, scale=1.745x, normalized=1338px
  image_10_registered.JPG: raw=3369px, scale=1.751x, normalized=1924px
  image_11_registered.JPG: raw=3152px, scale=1.751x, normalized=1800px
Tray 11: image_06_registered.JPG [distance] normalized distance=368px, label=0px²

Tray 12 candidate distances:
  image_02_registered.JPG: raw=2089px, scale=1.748x, normalized=1195px
  image_03_registered.JPG: raw=950px, scale=1.746x, normalized=544px
  image_04_registered.JPG: raw=2954px, scale=1.738x, normalized=1700px
  image_05_registered.JPG: raw=2584px, scale=1.735x, normalized=1490px
  image_06_registered.JPG: raw=2502px, scale=1.717x, normalized=1457px
  image_07_registered.JPG: raw=1577px, scale=1.734x, normalized=910px
  image_08_registered.JPG: raw=720px, scale=1.731x, normalized=416px
  image_09_registered.JPG: raw=599px, scale=1.745x, normalized=343px
  image_10_registered.JPG: raw=1816px, scale=1.751x, normalized=1037px
  image_11_registered.JPG: raw=2277px, scale=1.751x, normalized=1301px
Tray 12: image_09_registered.JPG [distance] normalized distance=343px, label=21043px²

Tray 13 candidate distances:
  image_02_registered.JPG: raw=1463px, scale=1.748x, normalized=837px
  image_03_registered.JPG: raw=2296px, scale=1.746x, normalized=1315px
  image_04_registered.JPG: raw=385px, scale=1.738x, normalized=221px
  image_05_registered.JPG: raw=1246px, scale=1.735x, normalized=718px
  image_06_registered.JPG: raw=2361px, scale=1.717x, normalized=1375px
  image_07_registered.JPG: raw=2878px, scale=1.734x, normalized=1660px
  image_08_registered.JPG: raw=3354px, scale=1.731x, normalized=1937px
  image_09_registered.JPG: raw=2797px, scale=1.745x, normalized=1603px
  image_10_registered.JPG: raw=2536px, scale=1.751x, normalized=1449px
  image_11_registered.JPG: raw=1542px, scale=1.751x, normalized=881px
Tray 13: image_04_registered.JPG [distance] normalized distance=221px, label=0px²

Tray 14 candidate distances:
  image_02_registered.JPG: raw=2068px, scale=1.748x, normalized=1184px
  image_03_registered.JPG: raw=1001px, scale=1.746x, normalized=573px
  image_04_registered.JPG: raw=2623px, scale=1.738x, normalized=1509px
  image_05_registered.JPG: raw=2577px, scale=1.735x, normalized=1485px
  image_06_registered.JPG: raw=2887px, scale=1.717x, normalized=1681px
  image_07_registered.JPG: raw=2207px, scale=1.734x, normalized=1273px
  image_08_registered.JPG: raw=1595px, scale=1.731x, normalized=921px
  image_09_registered.JPG: raw=598px, scale=1.745x, normalized=343px
  image_10_registered.JPG: raw=936px, scale=1.751x, normalized=535px
  image_11_registered.JPG: raw=1624px, scale=1.751x, normalized=927px
Tray 14: image_09_registered.JPG [distance] normalized distance=343px, label=20954px²

Tray 15 candidate distances:
  image_02_registered.JPG: raw=1537px, scale=1.748x, normalized=879px
  image_03_registered.JPG: raw=1516px, scale=1.746x, normalized=868px
  image_04_registered.JPG: raw=2597px, scale=1.738x, normalized=1494px
  image_05_registered.JPG: raw=1687px, scale=1.735x, normalized=973px
  image_06_registered.JPG: raw=821px, scale=1.717x, normalized=478px
  image_07_registered.JPG: raw=365px, scale=1.734x, normalized=211px
  image_08_registered.JPG: raw=1346px, scale=1.731x, normalized=777px
  image_09_registered.JPG: raw=1899px, scale=1.745x, normalized=1089px
  image_10_registered.JPG: raw=3000px, scale=1.751x, normalized=1713px
  image_11_registered.JPG: raw=2839px, scale=1.751x, normalized=1621px
Tray 15: image_07_registered.JPG [distance] normalized distance=211px, label=30014px²

Tray 16 candidate distances:
  image_02_registered.JPG: raw=1333px, scale=1.748x, normalized=762px
  image_03_registered.JPG: raw=1850px, scale=1.746x, normalized=1060px
  image_04_registered.JPG: raw=2184px, scale=1.738x, normalized=1257px
  image_05_registered.JPG: raw=1191px, scale=1.735x, normalized=687px
  image_06_registered.JPG: raw=36px, scale=1.717x, normalized=21px
  image_07_registered.JPG: raw=1094px, scale=1.734x, normalized=631px
  image_08_registered.JPG: raw=2101px, scale=1.731x, normalized=1213px
  image_09_registered.JPG: raw=2374px, scale=1.745x, normalized=1361px
  image_10_registered.JPG: raw=3224px, scale=1.751x, normalized=1842px
  image_11_registered.JPG: raw=2806px, scale=1.751x, normalized=1603px
Tray 16: image_06_registered.JPG [distance] normalized distance=21px, label=25823px²

Tray 17 candidate distances:
  image_02_registered.JPG: raw=2132px, scale=1.748x, normalized=1220px
  image_03_registered.JPG: raw=1534px, scale=1.746x, normalized=879px
  image_04_registered.JPG: raw=2206px, scale=1.738x, normalized=1270px
  image_05_registered.JPG: raw=2548px, scale=1.735x, normalized=1469px
  image_06_registered.JPG: raw=3222px, scale=1.717x, normalized=1876px
  image_07_registered.JPG: raw=2867px, scale=1.734x, normalized=1653px
  image_08_registered.JPG: raw=2490px, scale=1.731x, normalized=1438px
  image_09_registered.JPG: raw=1432px, scale=1.745x, normalized=821px
  image_10_registered.JPG: raw=102px, scale=1.751x, normalized=58px
  image_11_registered.JPG: raw=971px, scale=1.751x, normalized=555px
Tray 17: image_10_registered.JPG [distance] normalized distance=58px, label=22577px²

Tray 18 candidate distances:
  image_02_registered.JPG: raw=1156px, scale=1.748x, normalized=662px
  image_03_registered.JPG: raw=1672px, scale=1.746x, normalized=957px
  image_04_registered.JPG: raw=538px, scale=1.738x, normalized=310px
  image_05_registered.JPG: raw=1275px, scale=1.735x, normalized=735px
  image_06_registered.JPG: raw=2350px, scale=1.717x, normalized=1369px
  image_07_registered.JPG: raw=2538px, scale=1.734x, normalized=1464px
  image_08_registered.JPG: raw=2821px, scale=1.731x, normalized=1629px
  image_09_registered.JPG: raw=2075px, scale=1.745x, normalized=1189px
  image_10_registered.JPG: raw=1731px, scale=1.751x, normalized=989px
  image_11_registered.JPG: raw=713px, scale=1.751x, normalized=407px
Tray 18: image_04_registered.JPG [distance] normalized distance=310px, label=23139px²

Tray 19 candidate distances:
  image_02_registered.JPG: raw=1017px, scale=1.748x, normalized=582px
  image_03_registered.JPG: raw=810px, scale=1.746x, normalized=464px
  image_04_registered.JPG: raw=1364px, scale=1.738x, normalized=785px
  image_05_registered.JPG: raw=1475px, scale=1.735x, normalized=851px
  image_06_registered.JPG: raw=2209px, scale=1.717x, normalized=1287px
  image_07_registered.JPG: raw=1964px, scale=1.734x, normalized=1133px
  image_08_registered.JPG: raw=2010px, scale=1.731x, normalized=1161px
  image_09_registered.JPG: raw=1114px, scale=1.745x, normalized=639px
  image_10_registered.JPG: raw=1104px, scale=1.751x, normalized=630px
  image_11_registered.JPG: raw=632px, scale=1.751x, normalized=361px
Tray 19: image_11_registered.JPG [distance] normalized distance=361px, label=23505px²

Tray 20 candidate distances:
  image_02_registered.JPG: raw=2050px, scale=1.748x, normalized=1173px
  image_03_registered.JPG: raw=1351px, scale=1.746x, normalized=774px
  image_04_registered.JPG: raw=3112px, scale=1.738x, normalized=1791px
  image_05_registered.JPG: raw=2408px, scale=1.735x, normalized=1388px
  image_06_registered.JPG: raw=1824px, scale=1.717x, normalized=1062px
  image_07_registered.JPG: raw=790px, scale=1.734x, normalized=455px
  image_08_registered.JPG: raw=425px, scale=1.731x, normalized=245px
  image_09_registered.JPG: raw=1433px, scale=1.745x, normalized=821px
  image_10_registered.JPG: raw=2720px, scale=1.751x, normalized=1553px
  image_11_registered.JPG: raw=2910px, scale=1.751x, normalized=1662px
Tray 20: image_08_registered.JPG [distance] normalized distance=245px, label=0px²

Tray 21 candidate distances:
  image_02_registered.JPG: raw=1748px, scale=1.748x, normalized=1000px
  image_03_registered.JPG: raw=868px, scale=1.746x, normalized=497px
  image_04_registered.JPG: raw=2194px, scale=1.738x, normalized=1262px
  image_05_registered.JPG: raw=2246px, scale=1.735x, normalized=1295px
  image_06_registered.JPG: raw=2726px, scale=1.717x, normalized=1587px
  image_07_registered.JPG: raw=2189px, scale=1.734x, normalized=1263px
  image_08_registered.JPG: raw=1792px, scale=1.731x, normalized=1035px
  image_09_registered.JPG: raw=697px, scale=1.745x, normalized=399px
  image_10_registered.JPG: raw=649px, scale=1.751x, normalized=370px
  image_11_registered.JPG: raw=1162px, scale=1.751x, normalized=664px
Tray 21: image_10_registered.JPG [distance] normalized distance=370px, label=20910px²

Tray 22 candidate distances:
  image_02_registered.JPG: raw=1261px, scale=1.748x, normalized=722px
  image_03_registered.JPG: raw=499px, scale=1.746x, normalized=286px
  image_04_registered.JPG: raw=1829px, scale=1.738x, normalized=1052px
  image_05_registered.JPG: raw=1776px, scale=1.735x, normalized=1024px
  image_06_registered.JPG: raw=2283px, scale=1.717x, normalized=1329px
  image_07_registered.JPG: raw=1808px, scale=1.734x, normalized=1043px
  image_08_registered.JPG: raw=1643px, scale=1.731x, normalized=949px
  image_09_registered.JPG: raw=643px, scale=1.745x, normalized=368px
  image_10_registered.JPG: raw=998px, scale=1.751x, normalized=570px
  image_11_registered.JPG: raw=1022px, scale=1.751x, normalized=584px
Tray 22: image_03_registered.JPG [distance] normalized distance=286px, label=0px²

Tray 23 candidate distances:
  image_02_registered.JPG: raw=1409px, scale=1.748x, normalized=806px
  image_03_registered.JPG: raw=653px, scale=1.746x, normalized=374px
  image_04_registered.JPG: raw=2447px, scale=1.738x, normalized=1408px
  image_05_registered.JPG: raw=1856px, scale=1.735x, normalized=1070px
  image_06_registered.JPG: raw=1670px, scale=1.717x, normalized=973px
  image_07_registered.JPG: raw=757px, scale=1.734x, normalized=437px
  image_08_registered.JPG: raw=626px, scale=1.731x, normalized=362px
  image_09_registered.JPG: raw=835px, scale=1.745x, normalized=479px
  image_10_registered.JPG: raw=2079px, scale=1.751x, normalized=1187px
  image_11_registered.JPG: raw=2140px, scale=1.751x, normalized=1222px
Tray 23: image_08_registered.JPG [distance] normalized distance=362px, label=27830px²

Tray 24 candidate distances:
  image_02_registered.JPG: raw=1677px, scale=1.748x, normalized=959px
  image_03_registered.JPG: raw=1857px, scale=1.746x, normalized=1063px
  image_04_registered.JPG: raw=1142px, scale=1.738x, normalized=657px
  image_05_registered.JPG: raw=1878px, scale=1.735x, normalized=1083px
  image_06_registered.JPG: raw=2886px, scale=1.717x, normalized=1681px
  image_07_registered.JPG: raw=2951px, scale=1.734x, normalized=1702px
  image_08_registered.JPG: raw=3009px, scale=1.731x, normalized=1738px
  image_09_registered.JPG: raw=2118px, scale=1.745x, normalized=1214px
  image_10_registered.JPG: raw=1351px, scale=1.751x, normalized=772px
  image_11_registered.JPG: raw=452px, scale=1.751x, normalized=258px
Tray 24: image_11_registered.JPG [distance] normalized distance=258px, label=26717px²

Tray 25 candidate distances:
  image_02_registered.JPG: raw=1219px, scale=1.748x, normalized=698px
  image_03_registered.JPG: raw=207px, scale=1.746x, normalized=118px
  image_04_registered.JPG: raw=2148px, scale=1.738x, normalized=1236px
  image_05_registered.JPG: raw=1732px, scale=1.735x, normalized=999px
  image_06_registered.JPG: raw=1858px, scale=1.717x, normalized=1082px
  image_07_registered.JPG: raw=1142px, scale=1.734x, normalized=658px
  image_08_registered.JPG: raw=994px, scale=1.731x, normalized=574px
  image_09_registered.JPG: raw=501px, scale=1.745x, normalized=287px
  image_10_registered.JPG: raw=1640px, scale=1.751x, normalized=937px
  image_11_registered.JPG: raw=1679px, scale=1.751x, normalized=959px
Tray 25: image_03_registered.JPG [distance] normalized distance=118px, label=23929px²

Tray 26 candidate distances:
  image_02_registered.JPG: raw=1199px, scale=1.748x, normalized=686px
  image_03_registered.JPG: raw=1423px, scale=1.746x, normalized=815px
  image_04_registered.JPG: raw=930px, scale=1.738x, normalized=535px
  image_05_registered.JPG: raw=1468px, scale=1.735x, normalized=846px
  image_06_registered.JPG: raw=2443px, scale=1.717x, normalized=1423px
  image_07_registered.JPG: raw=2456px, scale=1.734x, normalized=1417px
  image_08_registered.JPG: raw=2603px, scale=1.731x, normalized=1503px
  image_09_registered.JPG: raw=1751px, scale=1.745x, normalized=1004px
  image_10_registered.JPG: raw=1330px, scale=1.751x, normalized=760px
  image_11_registered.JPG: raw=320px, scale=1.751x, normalized=183px
Tray 26: image_11_registered.JPG [distance] normalized distance=183px, label=26804px²

Tray 27 candidate distances:
  image_02_registered.JPG: raw=822px, scale=1.748x, normalized=471px
  image_03_registered.JPG: raw=1700px, scale=1.746x, normalized=974px
  image_04_registered.JPG: raw=305px, scale=1.738x, normalized=176px
  image_05_registered.JPG: raw=718px, scale=1.735x, normalized=414px
  image_06_registered.JPG: raw=1856px, scale=1.717x, normalized=1081px
  image_07_registered.JPG: raw=2234px, scale=1.734x, normalized=1289px
  image_08_registered.JPG: raw=2748px, scale=1.731x, normalized=1587px
  image_09_registered.JPG: raw=2207px, scale=1.745x, normalized=1265px
  image_10_registered.JPG: raw=2204px, scale=1.751x, normalized=1259px
  image_11_registered.JPG: raw=1269px, scale=1.751x, normalized=725px
Tray 27: image_04_registered.JPG [distance] normalized distance=176px, label=25210px²

Tray 28 candidate distances:
  image_02_registered.JPG: raw=2323px, scale=1.748x, normalized=1330px
  image_03_registered.JPG: raw=1499px, scale=1.746x, normalized=858px
  image_04_registered.JPG: raw=2567px, scale=1.738x, normalized=1477px
  image_05_registered.JPG: raw=2779px, scale=1.735x, normalized=1602px
  image_06_registered.JPG: raw=3306px, scale=1.717x, normalized=1925px
  image_07_registered.JPG: raw=2812px, scale=1.734x, normalized=1622px
  image_08_registered.JPG: raw=2280px, scale=1.731x, normalized=1317px
  image_09_registered.JPG: raw=1245px, scale=1.745x, normalized=714px
  image_10_registered.JPG: raw=369px, scale=1.751x, normalized=211px
  image_11_registered.JPG: raw=1368px, scale=1.751x, normalized=781px
Tray 28: image_10_registered.JPG [distance] normalized distance=211px, label=0px²

Tray 29 candidate distances:
  image_02_registered.JPG: raw=1378px, scale=1.748x, normalized=789px
  image_03_registered.JPG: raw=1258px, scale=1.746x, normalized=720px
  image_04_registered.JPG: raw=1337px, scale=1.738x, normalized=769px
  image_05_registered.JPG: raw=1744px, scale=1.735x, normalized=1006px
  image_06_registered.JPG: raw=2599px, scale=1.717x, normalized=1514px
  image_07_registered.JPG: raw=2448px, scale=1.734x, normalized=1412px
  image_08_registered.JPG: raw=2432px, scale=1.731x, normalized=1404px
  image_09_registered.JPG: raw=1474px, scale=1.745x, normalized=845px
  image_10_registered.JPG: raw=924px, scale=1.751x, normalized=528px
  image_11_registered.JPG: raw=185px, scale=1.751x, normalized=106px
Tray 29: image_11_registered.JPG [distance] normalized distance=106px, label=0px²

Tray 30 candidate distances:
  image_02_registered.JPG: raw=786px, scale=1.748x, normalized=449px
  image_03_registered.JPG: raw=437px, scale=1.746x, normalized=250px
  image_04_registered.JPG: raw=1539px, scale=1.738x, normalized=886px
  image_05_registered.JPG: raw=1317px, scale=1.735x, normalized=759px
  image_06_registered.JPG: raw=1843px, scale=1.717x, normalized=1073px
  image_07_registered.JPG: raw=1483px, scale=1.734x, normalized=856px
  image_08_registered.JPG: raw=1610px, scale=1.731x, normalized=930px
  image_09_registered.JPG: raw=887px, scale=1.745x, normalized=509px
  image_10_registered.JPG: raw=1422px, scale=1.751x, normalized=812px
  image_11_registered.JPG: raw=1106px, scale=1.751x, normalized=632px
Tray 30: image_03_registered.JPG [distance] normalized distance=250px, label=0px²

Tray 31 candidate distances:
  image_02_registered.JPG: raw=1809px, scale=1.748x, normalized=1035px
  image_03_registered.JPG: raw=1734px, scale=1.746x, normalized=993px
  image_04_registered.JPG: raw=1491px, scale=1.738x, normalized=858px
  image_05_registered.JPG: raw=2098px, scale=1.735x, normalized=1209px
  image_06_registered.JPG: raw=3015px, scale=1.717x, normalized=1756px
  image_07_registered.JPG: raw=2943px, scale=1.734x, normalized=1697px
  image_08_registered.JPG: raw=2863px, scale=1.731x, normalized=1654px
  image_09_registered.JPG: raw=1895px, scale=1.745x, normalized=1086px
  image_10_registered.JPG: raw=959px, scale=1.751x, normalized=547px
  image_11_registered.JPG: raw=374px, scale=1.751x, normalized=214px
Tray 31: image_11_registered.JPG [distance] normalized distance=214px, label=24851px²

Tray 32 candidate distances:
  image_02_registered.JPG: raw=842px, scale=1.748x, normalized=482px
  image_03_registered.JPG: raw=994px, scale=1.746x, normalized=569px
  image_04_registered.JPG: raw=1950px, scale=1.738x, normalized=1122px
  image_05_registered.JPG: raw=1129px, scale=1.735x, normalized=651px
  image_06_registered.JPG: raw=904px, scale=1.717x, normalized=526px
  image_07_registered.JPG: raw=571px, scale=1.734x, normalized=329px
  image_08_registered.JPG: raw=1363px, scale=1.731x, normalized=787px
  image_09_registered.JPG: raw=1459px, scale=1.745x, normalized=836px
  image_10_registered.JPG: raw=2412px, scale=1.751x, normalized=1378px
  image_11_registered.JPG: raw=2104px, scale=1.751x, normalized=1201px
Tray 32: image_07_registered.JPG [distance] normalized distance=329px, label=32351px²

Tray 33 candidate distances:
  image_02_registered.JPG: raw=1627px, scale=1.748x, normalized=931px
  image_03_registered.JPG: raw=494px, scale=1.746x, normalized=283px
  image_04_registered.JPG: raw=2487px, scale=1.738x, normalized=1431px
  image_05_registered.JPG: raw=2140px, scale=1.735x, normalized=1234px
  image_06_registered.JPG: raw=2212px, scale=1.717x, normalized=1288px
  image_07_registered.JPG: raw=1396px, scale=1.734x, normalized=805px
  image_08_registered.JPG: raw=879px, scale=1.731x, normalized=508px
  image_09_registered.JPG: raw=238px, scale=1.745x, normalized=136px
  image_10_registered.JPG: raw=1562px, scale=1.751x, normalized=892px
  image_11_registered.JPG: raw=1849px, scale=1.751x, normalized=1056px
Tray 33: image_09_registered.JPG [distance] normalized distance=136px, label=24990px²

Tray 34 candidate distances:
  image_02_registered.JPG: raw=1767px, scale=1.748x, normalized=1011px
  image_03_registered.JPG: raw=783px, scale=1.746x, normalized=448px
  image_04_registered.JPG: raw=2743px, scale=1.738x, normalized=1578px
  image_05_registered.JPG: raw=2237px, scale=1.735x, normalized=1289px
  image_06_registered.JPG: raw=2053px, scale=1.717x, normalized=1195px
  image_07_registered.JPG: raw=1094px, scale=1.734x, normalized=631px
  image_08_registered.JPG: raw=413px, scale=1.731x, normalized=239px
  image_09_registered.JPG: raw=704px, scale=1.745x, normalized=403px
  image_10_registered.JPG: raw=2017px, scale=1.751x, normalized=1152px
  image_11_registered.JPG: raw=2271px, scale=1.751x, normalized=1297px
Tray 34: image_08_registered.JPG [distance] normalized distance=239px, label=28789px²

Tray 35 candidate distances:
  image_02_registered.JPG: raw=1639px, scale=1.748x, normalized=938px
  image_03_registered.JPG: raw=2051px, scale=1.746x, normalized=1174px
  image_04_registered.JPG: raw=850px, scale=1.738x, normalized=489px
  image_05_registered.JPG: raw=1725px, scale=1.735x, normalized=995px
  image_06_registered.JPG: raw=2804px, scale=1.717x, normalized=1633px
  image_07_registered.JPG: raw=3014px, scale=1.734x, normalized=1739px
  image_08_registered.JPG: raw=3194px, scale=1.731x, normalized=1845px
  image_09_registered.JPG: raw=2392px, scale=1.745x, normalized=1371px
  image_10_registered.JPG: raw=1750px, scale=1.751x, normalized=1000px
  image_11_registered.JPG: raw=780px, scale=1.751x, normalized=446px
Tray 35: image_11_registered.JPG [distance] normalized distance=446px, label=30933px²

Tray 36 candidate distances:
  image_02_registered.JPG: raw=449px, scale=1.748x, normalized=257px
  image_03_registered.JPG: raw=775px, scale=1.746x, normalized=444px
  image_04_registered.JPG: raw=1553px, scale=1.738x, normalized=894px
  image_05_registered.JPG: raw=909px, scale=1.735x, normalized=524px
  image_06_registered.JPG: raw=1214px, scale=1.717x, normalized=707px
  image_07_registered.JPG: raw=1015px, scale=1.734x, normalized=586px
  image_08_registered.JPG: raw=1559px, scale=1.731x, normalized=900px
  image_09_registered.JPG: raw=1293px, scale=1.745x, normalized=741px
  image_10_registered.JPG: raw=2045px, scale=1.751x, normalized=1168px
  image_11_registered.JPG: raw=1622px, scale=1.751x, normalized=927px
Tray 36: image_02_registered.JPG [distance] normalized distance=257px, label=24591px²

Tray 37 candidate distances:
  image_02_registered.JPG: raw=530px, scale=1.748x, normalized=303px
  image_03_registered.JPG: raw=1565px, scale=1.746x, normalized=896px
  image_04_registered.JPG: raw=766px, scale=1.738x, normalized=441px
  image_05_registered.JPG: raw=251px, scale=1.735x, normalized=145px
  image_06_registered.JPG: raw=1398px, scale=1.717x, normalized=814px
  image_07_registered.JPG: raw=1838px, scale=1.734x, normalized=1060px
  image_08_registered.JPG: raw=2490px, scale=1.731x, normalized=1438px
  image_09_registered.JPG: raw=2111px, scale=1.745x, normalized=1210px
  image_10_registered.JPG: raw=2385px, scale=1.751x, normalized=1362px
  image_11_registered.JPG: raw=1573px, scale=1.751x, normalized=899px
Tray 37: image_05_registered.JPG [distance] normalized distance=145px, label=27347px²

Tray 38 candidate distances:
  image_02_registered.JPG: raw=1177px, scale=1.748x, normalized=674px
  image_03_registered.JPG: raw=2013px, scale=1.746x, normalized=1153px
  image_04_registered.JPG: raw=1719px, scale=1.738x, normalized=989px
  image_05_registered.JPG: raw=787px, scale=1.735x, normalized=453px
  image_06_registered.JPG: raw=654px, scale=1.717x, normalized=381px
  image_07_registered.JPG: raw=1614px, scale=1.734x, normalized=931px
  image_08_registered.JPG: raw=2552px, scale=1.731x, normalized=1474px
  image_09_registered.JPG: raw=2594px, scale=1.745x, normalized=1487px
  image_10_registered.JPG: raw=3202px, scale=1.751x, normalized=1829px
  image_11_registered.JPG: raw=2589px, scale=1.751x, normalized=1478px
Tray 38: image_06_registered.JPG [distance] normalized distance=381px, label=26286px²

Tray 39 candidate distances:
  image_02_registered.JPG: raw=1653px, scale=1.748x, normalized=946px
  image_03_registered.JPG: raw=1200px, scale=1.746x, normalized=687px
  image_04_registered.JPG: raw=1765px, scale=1.738x, normalized=1016px
  image_05_registered.JPG: raw=2076px, scale=1.735x, normalized=1197px
  image_06_registered.JPG: raw=2803px, scale=1.717x, normalized=1632px
  image_07_registered.JPG: raw=2501px, scale=1.734x, normalized=1443px
  image_08_registered.JPG: raw=2300px, scale=1.731x, normalized=1328px
  image_09_registered.JPG: raw=1255px, scale=1.745x, normalized=720px
  image_10_registered.JPG: raw=508px, scale=1.751x, normalized=290px
  image_11_registered.JPG: raw=579px, scale=1.751x, normalized=331px
Tray 39: image_10_registered.JPG [distance] normalized distance=290px, label=0px²

Tray 40 candidate distances:
  image_02_registered.JPG: raw=1617px, scale=1.748x, normalized=925px
  image_03_registered.JPG: raw=527px, scale=1.746x, normalized=302px
  image_04_registered.JPG: raw=2300px, scale=1.738x, normalized=1324px
  image_05_registered.JPG: raw=2140px, scale=1.735x, normalized=1234px
  image_06_registered.JPG: raw=2434px, scale=1.717x, normalized=1417px
  image_07_registered.JPG: raw=1761px, scale=1.734x, normalized=1016px
  image_08_registered.JPG: raw=1326px, scale=1.731x, normalized=766px
  image_09_registered.JPG: raw=218px, scale=1.745x, normalized=125px
  image_10_registered.JPG: raw=1120px, scale=1.751x, normalized=640px
  image_11_registered.JPG: raw=1477px, scale=1.751x, normalized=843px
Tray 40: image_09_registered.JPG [distance] normalized distance=125px, label=0px²

Tray 41 candidate distances:
  image_02_registered.JPG: raw=1859px, scale=1.748x, normalized=1064px
  image_03_registered.JPG: raw=2587px, scale=1.746x, normalized=1481px
  image_04_registered.JPG: raw=762px, scale=1.738x, normalized=439px
  image_05_registered.JPG: raw=1696px, scale=1.735x, normalized=978px
  image_06_registered.JPG: raw=2807px, scale=1.717x, normalized=1635px
  image_07_registered.JPG: raw=3301px, scale=1.734x, normalized=1904px
  image_08_registered.JPG: raw=3666px, scale=1.731x, normalized=2117px
  image_09_registered.JPG: raw=3044px, scale=1.745x, normalized=1745px
  image_10_registered.JPG: raw=2558px, scale=1.751x, normalized=1461px
  image_11_registered.JPG: raw=1575px, scale=1.751x, normalized=900px
Tray 41: image_04_registered.JPG [distance] normalized distance=439px, label=27355px²

Tray 42 candidate distances:
  image_02_registered.JPG: raw=2023px, scale=1.748x, normalized=1158px
  image_03_registered.JPG: raw=1696px, scale=1.746x, normalized=971px
  image_04_registered.JPG: raw=1877px, scale=1.738x, normalized=1080px
  image_05_registered.JPG: raw=2374px, scale=1.735x, normalized=1369px
  image_06_registered.JPG: raw=3188px, scale=1.717x, normalized=1857px
  image_07_registered.JPG: raw=2988px, scale=1.734x, normalized=1723px
  image_08_registered.JPG: raw=2756px, scale=1.731x, normalized=1592px
  image_09_registered.JPG: raw=1731px, scale=1.745x, normalized=992px
  image_10_registered.JPG: raw=571px, scale=1.751x, normalized=326px
  image_11_registered.JPG: raw=652px, scale=1.751x, normalized=372px
Tray 42: image_10_registered.JPG [distance] normalized distance=326px, label=26738px²

Saved best_views.json for drawer_015

==================================================
Processing drawer_016
==================================================
Loaded 39 trays
Found 10 registered images

Best view for each tray:

Tray 1 candidate distances:
  image_02_registered.JPG: raw=1040px, scale=1.770x, normalized=587px
  image_03_registered.JPG: raw=1997px, scale=1.785x, normalized=1119px
  image_04_registered.JPG: raw=1655px, scale=1.762x, normalized=939px
  image_05_registered.JPG: raw=621px, scale=1.772x, normalized=350px
  image_06_registered.JPG: raw=867px, scale=1.754x, normalized=494px
  image_07_registered.JPG: raw=1801px, scale=1.773x, normalized=1015px
  image_08_registered.JPG: raw=2781px, scale=1.775x, normalized=1567px
  image_09_registered.JPG: raw=2787px, scale=1.786x, normalized=1560px
  image_10_registered.JPG: raw=3019px, scale=1.778x, normalized=1698px
  image_11_registered.JPG: raw=2431px, scale=1.782x, normalized=1365px
Tray 1: image_05_registered.JPG [distance] normalized distance=350px, label=0px²

Tray 2 candidate distances:
  image_02_registered.JPG: raw=1491px, scale=1.770x, normalized=842px
  image_03_registered.JPG: raw=2166px, scale=1.785x, normalized=1213px
  image_04_registered.JPG: raw=353px, scale=1.762x, normalized=200px
  image_05_registered.JPG: raw=1458px, scale=1.772x, normalized=823px
  image_06_registered.JPG: raw=2661px, scale=1.754x, normalized=1517px
  image_07_registered.JPG: raw=3152px, scale=1.773x, normalized=1777px
  image_08_registered.JPG: raw=3276px, scale=1.775x, normalized=1846px
  image_09_registered.JPG: raw=2818px, scale=1.786x, normalized=1578px
  image_10_registered.JPG: raw=2275px, scale=1.778x, normalized=1279px
  image_11_registered.JPG: raw=1170px, scale=1.782x, normalized=657px
Tray 2: image_04_registered.JPG [distance] normalized distance=200px, label=0px²

Tray 3 candidate distances:
  image_02_registered.JPG: raw=2360px, scale=1.770x, normalized=1333px
  image_03_registered.JPG: raw=1666px, scale=1.785x, normalized=933px
  image_04_registered.JPG: raw=2394px, scale=1.762x, normalized=1359px
  image_05_registered.JPG: raw=2765px, scale=1.772x, normalized=1561px
  image_06_registered.JPG: raw=3461px, scale=1.754x, normalized=1973px
  image_07_registered.JPG: raw=3268px, scale=1.773x, normalized=1843px
  image_08_registered.JPG: raw=2319px, scale=1.775x, normalized=1307px
  image_09_registered.JPG: raw=1532px, scale=1.786x, normalized=858px
  image_10_registered.JPG: raw=417px, scale=1.778x, normalized=234px
  image_11_registered.JPG: raw=1102px, scale=1.782x, normalized=618px
Tray 3: image_10_registered.JPG [distance] normalized distance=234px, label=0px²

Tray 4 candidate distances:
  image_02_registered.JPG: raw=553px, scale=1.770x, normalized=312px
  image_03_registered.JPG: raw=1232px, scale=1.785x, normalized=690px
  image_04_registered.JPG: raw=1702px, scale=1.762x, normalized=966px
  image_05_registered.JPG: raw=682px, scale=1.772x, normalized=385px
  image_06_registered.JPG: raw=877px, scale=1.754x, normalized=500px
  image_07_registered.JPG: raw=1248px, scale=1.773x, normalized=704px
  image_08_registered.JPG: raw=1971px, scale=1.775x, normalized=1111px
  image_09_registered.JPG: raw=1972px, scale=1.786x, normalized=1104px
  image_10_registered.JPG: raw=2365px, scale=1.778x, normalized=1330px
  image_11_registered.JPG: raw=2026px, scale=1.782x, normalized=1137px
Tray 4: image_02_registered.JPG [distance] normalized distance=312px, label=0px²

Tray 5 candidate distances:
  image_02_registered.JPG: raw=806px, scale=1.770x, normalized=455px
  image_03_registered.JPG: raw=1844px, scale=1.785x, normalized=1033px
  image_04_registered.JPG: raw=668px, scale=1.762x, normalized=379px
  image_05_registered.JPG: raw=491px, scale=1.772x, normalized=277px
  image_06_registered.JPG: raw=1725px, scale=1.754x, normalized=983px
  image_07_registered.JPG: raw=2372px, scale=1.773x, normalized=1337px
  image_08_registered.JPG: raw=2884px, scale=1.775x, normalized=1625px
  image_09_registered.JPG: raw=2627px, scale=1.786x, normalized=1470px
  image_10_registered.JPG: raw=2510px, scale=1.778x, normalized=1412px
  image_11_registered.JPG: raw=1666px, scale=1.782x, normalized=935px
Tray 5: image_05_registered.JPG [distance] normalized distance=277px, label=27554px²

Tray 6 candidate distances:
  image_02_registered.JPG: raw=1460px, scale=1.770x, normalized=825px
  image_03_registered.JPG: raw=2338px, scale=1.785x, normalized=1310px
  image_04_registered.JPG: raw=365px, scale=1.762x, normalized=207px
  image_05_registered.JPG: raw=1260px, scale=1.772x, normalized=711px
  image_06_registered.JPG: raw=2453px, scale=1.754x, normalized=1399px
  image_07_registered.JPG: raw=3082px, scale=1.773x, normalized=1738px
  image_08_registered.JPG: raw=3430px, scale=1.775x, normalized=1933px
  image_09_registered.JPG: raw=3069px, scale=1.786x, normalized=1718px
  image_10_registered.JPG: raw=2658px, scale=1.778x, normalized=1495px
  image_11_registered.JPG: raw=1593px, scale=1.782x, normalized=894px
Tray 6: image_04_registered.JPG [distance] normalized distance=207px, label=0px²

Tray 7 candidate distances:
  image_02_registered.JPG: raw=1482px, scale=1.770x, normalized=837px
  image_03_registered.JPG: raw=1667px, scale=1.785x, normalized=934px
  image_04_registered.JPG: raw=984px, scale=1.762x, normalized=559px
  image_05_registered.JPG: raw=1715px, scale=1.772x, normalized=968px
  image_06_registered.JPG: raw=2791px, scale=1.754x, normalized=1591px
  image_07_registered.JPG: raw=3009px, scale=1.773x, normalized=1696px
  image_08_registered.JPG: raw=2761px, scale=1.775x, normalized=1556px
  image_09_registered.JPG: raw=2153px, scale=1.786x, normalized=1205px
  image_10_registered.JPG: raw=1462px, scale=1.778x, normalized=822px
  image_11_registered.JPG: raw=351px, scale=1.782x, normalized=197px
Tray 7: image_11_registered.JPG [distance] normalized distance=197px, label=0px²

Tray 8 candidate distances:
  image_02_registered.JPG: raw=911px, scale=1.770x, normalized=514px
  image_03_registered.JPG: raw=1679px, scale=1.785x, normalized=940px
  image_04_registered.JPG: raw=1860px, scale=1.762x, normalized=1055px
  image_05_registered.JPG: raw=733px, scale=1.772x, normalized=414px
  image_06_registered.JPG: raw=535px, scale=1.754x, normalized=305px
  image_07_registered.JPG: raw=1339px, scale=1.773x, normalized=755px
  image_08_registered.JPG: raw=2344px, scale=1.775x, normalized=1321px
  image_09_registered.JPG: raw=2422px, scale=1.786x, normalized=1355px
  image_10_registered.JPG: raw=2807px, scale=1.778x, normalized=1578px
  image_11_registered.JPG: raw=2393px, scale=1.782x, normalized=1343px
Tray 8: image_06_registered.JPG [distance] normalized distance=305px, label=0px²

Tray 9 candidate distances:
  image_02_registered.JPG: raw=1174px, scale=1.770x, normalized=663px
  image_03_registered.JPG: raw=1701px, scale=1.785x, normalized=953px
  image_04_registered.JPG: raw=496px, scale=1.762x, normalized=281px
  image_05_registered.JPG: raw=1291px, scale=1.772x, normalized=729px
  image_06_registered.JPG: raw=2461px, scale=1.754x, normalized=1403px
  image_07_registered.JPG: raw=2820px, scale=1.773x, normalized=1590px
  image_08_registered.JPG: raw=2830px, scale=1.775x, normalized=1595px
  image_09_registered.JPG: raw=2330px, scale=1.786x, normalized=1304px
  image_10_registered.JPG: raw=1841px, scale=1.778x, normalized=1035px
  image_11_registered.JPG: raw=800px, scale=1.782x, normalized=449px
Tray 9: image_04_registered.JPG [distance] normalized distance=281px, label=0px²

Tray 10 candidate distances:
  image_02_registered.JPG: raw=2134px, scale=1.770x, normalized=1206px
  image_03_registered.JPG: raw=1427px, scale=1.785x, normalized=800px
  image_04_registered.JPG: raw=3269px, scale=1.762x, normalized=1855px
  image_05_registered.JPG: raw=2402px, scale=1.772x, normalized=1356px
  image_06_registered.JPG: raw=1892px, scale=1.754x, normalized=1079px
  image_07_registered.JPG: raw=830px, scale=1.773x, normalized=468px
  image_08_registered.JPG: raw=753px, scale=1.775x, normalized=424px
  image_09_registered.JPG: raw=1476px, scale=1.786x, normalized=826px
  image_10_registered.JPG: raw=2488px, scale=1.778x, normalized=1399px
  image_11_registered.JPG: raw=2921px, scale=1.782x, normalized=1640px
Tray 10: image_08_registered.JPG [distance] normalized distance=424px, label=0px²

Tray 11 candidate distances:
  image_02_registered.JPG: raw=557px, scale=1.770x, normalized=315px
  image_03_registered.JPG: raw=1567px, scale=1.785x, normalized=878px
  image_04_registered.JPG: raw=1379px, scale=1.762x, normalized=783px
  image_05_registered.JPG: raw=261px, scale=1.772x, normalized=147px
  image_06_registered.JPG: raw=1011px, scale=1.754x, normalized=576px
  image_07_registered.JPG: raw=1679px, scale=1.773x, normalized=947px
  image_08_registered.JPG: raw=2428px, scale=1.775x, normalized=1368px
  image_09_registered.JPG: raw=2350px, scale=1.786x, normalized=1316px
  image_10_registered.JPG: raw=2561px, scale=1.778x, normalized=1440px
  image_11_registered.JPG: raw=2007px, scale=1.782x, normalized=1126px
Tray 11: image_05_registered.JPG [distance] normalized distance=147px, label=26228px²

Tray 12 candidate distances:
  image_02_registered.JPG: raw=1571px, scale=1.770x, normalized=887px
  image_03_registered.JPG: raw=1917px, scale=1.785x, normalized=1074px
  image_04_registered.JPG: raw=2632px, scale=1.762x, normalized=1493px
  image_05_registered.JPG: raw=1496px, scale=1.772x, normalized=844px
  image_06_registered.JPG: raw=316px, scale=1.754x, normalized=180px
  image_07_registered.JPG: raw=840px, scale=1.773x, normalized=474px
  image_08_registered.JPG: raw=2209px, scale=1.775x, normalized=1245px
  image_09_registered.JPG: raw=2530px, scale=1.786x, normalized=1416px
  image_10_registered.JPG: raw=3154px, scale=1.778x, normalized=1773px
  image_11_registered.JPG: raw=2975px, scale=1.782x, normalized=1670px
Tray 12: image_06_registered.JPG [distance] normalized distance=180px, label=0px²

Tray 13 candidate distances:
  image_02_registered.JPG: raw=1063px, scale=1.770x, normalized=600px
  image_03_registered.JPG: raw=820px, scale=1.785x, normalized=460px
  image_04_registered.JPG: raw=1399px, scale=1.762x, normalized=794px
  image_05_registered.JPG: raw=1496px, scale=1.772x, normalized=844px
  image_06_registered.JPG: raw=2326px, scale=1.754x, normalized=1326px
  image_07_registered.JPG: raw=2297px, scale=1.773x, normalized=1295px
  image_08_registered.JPG: raw=1943px, scale=1.775x, normalized=1095px
  image_09_registered.JPG: raw=1340px, scale=1.786x, normalized=750px
  image_10_registered.JPG: raw=1044px, scale=1.778x, normalized=587px
  image_11_registered.JPG: raw=681px, scale=1.782x, normalized=382px
Tray 13: image_11_registered.JPG [distance] normalized distance=382px, label=23738px²

Tray 14 candidate distances:
  image_02_registered.JPG: raw=2253px, scale=1.770x, normalized=1273px
  image_03_registered.JPG: raw=1143px, scale=1.785x, normalized=641px
  image_04_registered.JPG: raw=3199px, scale=1.762x, normalized=1815px
  image_05_registered.JPG: raw=2642px, scale=1.772x, normalized=1491px
  image_06_registered.JPG: raw=2542px, scale=1.754x, normalized=1449px
  image_07_registered.JPG: raw=1681px, scale=1.773x, normalized=948px
  image_08_registered.JPG: raw=225px, scale=1.775x, normalized=127px
  image_09_registered.JPG: raw=705px, scale=1.786x, normalized=395px
  image_10_registered.JPG: raw=1777px, scale=1.778x, normalized=999px
  image_11_registered.JPG: raw=2496px, scale=1.782x, normalized=1401px
Tray 14: image_08_registered.JPG [distance] normalized distance=127px, label=0px²

Tray 15 candidate distances:
  image_02_registered.JPG: raw=688px, scale=1.770x, normalized=389px
  image_03_registered.JPG: raw=1374px, scale=1.785x, normalized=770px
  image_04_registered.JPG: raw=641px, scale=1.762x, normalized=364px
  image_05_registered.JPG: raw=861px, scale=1.772x, normalized=486px
  image_06_registered.JPG: raw=2010px, scale=1.754x, normalized=1146px
  image_07_registered.JPG: raw=2361px, scale=1.773x, normalized=1331px
  image_08_registered.JPG: raw=2500px, scale=1.775x, normalized=1408px
  image_09_registered.JPG: raw=2084px, scale=1.786x, normalized=1166px
  image_10_registered.JPG: raw=1847px, scale=1.778x, normalized=1039px
  image_11_registered.JPG: raw=1022px, scale=1.782x, normalized=574px
Tray 15: image_02_registered.JPG [label override] normalized distance=389px, label=30470px²

Tray 16 candidate distances:
  image_02_registered.JPG: raw=779px, scale=1.770x, normalized=440px
  image_03_registered.JPG: raw=1051px, scale=1.785x, normalized=589px
  image_04_registered.JPG: raw=1004px, scale=1.762x, normalized=570px
  image_05_registered.JPG: raw=1138px, scale=1.772x, normalized=643px
  image_06_registered.JPG: raw=2127px, scale=1.754x, normalized=1213px
  image_07_registered.JPG: raw=2285px, scale=1.773x, normalized=1289px
  image_08_registered.JPG: raw=2198px, scale=1.775x, normalized=1239px
  image_09_registered.JPG: raw=1700px, scale=1.786x, normalized=952px
  image_10_registered.JPG: raw=1449px, scale=1.778x, normalized=815px
  image_11_registered.JPG: raw=776px, scale=1.782x, normalized=435px
Tray 16: image_11_registered.JPG [distance] normalized distance=435px, label=26230px²

Tray 17 candidate distances:
  image_02_registered.JPG: raw=879px, scale=1.770x, normalized=496px
  image_03_registered.JPG: raw=995px, scale=1.785x, normalized=557px
  image_04_registered.JPG: raw=2083px, scale=1.762x, normalized=1182px
  image_05_registered.JPG: raw=1151px, scale=1.772x, normalized=650px
  image_06_registered.JPG: raw=1006px, scale=1.754x, normalized=574px
  image_07_registered.JPG: raw=865px, scale=1.773x, normalized=488px
  image_08_registered.JPG: raw=1512px, scale=1.775x, normalized=852px
  image_09_registered.JPG: raw=1634px, scale=1.786x, normalized=914px
  image_10_registered.JPG: raw=2233px, scale=1.778x, normalized=1255px
  image_11_registered.JPG: raw=2135px, scale=1.782x, normalized=1198px
Tray 17: image_07_registered.JPG [distance] normalized distance=488px, label=29590px²

Tray 18 candidate distances:
  image_02_registered.JPG: raw=1711px, scale=1.770x, normalized=967px
  image_03_registered.JPG: raw=561px, scale=1.785x, normalized=315px
  image_04_registered.JPG: raw=2597px, scale=1.762x, normalized=1474px
  image_05_registered.JPG: raw=2163px, scale=1.772x, normalized=1221px
  image_06_registered.JPG: raw=2316px, scale=1.754x, normalized=1321px
  image_07_registered.JPG: raw=1680px, scale=1.773x, normalized=947px
  image_08_registered.JPG: raw=674px, scale=1.775x, normalized=380px
  image_09_registered.JPG: raw=303px, scale=1.786x, normalized=169px
  image_10_registered.JPG: raw=1303px, scale=1.778x, normalized=733px
  image_11_registered.JPG: raw=1883px, scale=1.782x, normalized=1057px
Tray 18: image_09_registered.JPG [distance] normalized distance=169px, label=27084px²

Tray 19 candidate distances:
  image_02_registered.JPG: raw=422px, scale=1.770x, normalized=238px
  image_03_registered.JPG: raw=789px, scale=1.785x, normalized=442px
  image_04_registered.JPG: raw=1280px, scale=1.762x, normalized=726px
  image_05_registered.JPG: raw=913px, scale=1.772x, normalized=516px
  image_06_registered.JPG: raw=1709px, scale=1.754x, normalized=974px
  image_07_registered.JPG: raw=1814px, scale=1.773x, normalized=1023px
  image_08_registered.JPG: raw=1885px, scale=1.775x, normalized=1062px
  image_09_registered.JPG: raw=1538px, scale=1.786x, normalized=861px
  image_10_registered.JPG: raw=1626px, scale=1.778x, normalized=914px
  image_11_registered.JPG: raw=1217px, scale=1.782x, normalized=683px
Tray 19: image_02_registered.JPG [distance] normalized distance=238px, label=26278px²

Tray 20 candidate distances:
  image_02_registered.JPG: raw=1653px, scale=1.770x, normalized=934px
  image_03_registered.JPG: raw=2080px, scale=1.785x, normalized=1165px
  image_04_registered.JPG: raw=756px, scale=1.762x, normalized=429px
  image_05_registered.JPG: raw=1754px, scale=1.772x, normalized=990px
  image_06_registered.JPG: raw=2907px, scale=1.754x, normalized=1657px
  image_07_registered.JPG: raw=3271px, scale=1.773x, normalized=1844px
  image_08_registered.JPG: raw=3176px, scale=1.775x, normalized=1789px
  image_09_registered.JPG: raw=2628px, scale=1.786x, normalized=1471px
  image_10_registered.JPG: raw=1936px, scale=1.778x, normalized=1089px
  image_11_registered.JPG: raw=811px, scale=1.782x, normalized=455px
Tray 20: image_11_registered.JPG [label override] normalized distance=455px, label=29541px²

Tray 21 candidate distances:
  image_02_registered.JPG: raw=2107px, scale=1.770x, normalized=1190px
  image_03_registered.JPG: raw=958px, scale=1.785x, normalized=537px
  image_04_registered.JPG: raw=2745px, scale=1.762x, normalized=1558px
  image_05_registered.JPG: raw=2562px, scale=1.772x, normalized=1446px
  image_06_registered.JPG: raw=2875px, scale=1.754x, normalized=1639px
  image_07_registered.JPG: raw=2320px, scale=1.773x, normalized=1308px
  image_08_registered.JPG: raw=1125px, scale=1.775x, normalized=634px
  image_09_registered.JPG: raw=338px, scale=1.786x, normalized=189px
  image_10_registered.JPG: raw=855px, scale=1.778x, normalized=481px
  image_11_registered.JPG: raw=1756px, scale=1.782x, normalized=986px
Tray 21: image_09_registered.JPG [distance] normalized distance=189px, label=0px²

Tray 22 candidate distances:
  image_02_registered.JPG: raw=1727px, scale=1.770x, normalized=976px
  image_03_registered.JPG: raw=717px, scale=1.785x, normalized=402px
  image_04_registered.JPG: raw=2279px, scale=1.762x, normalized=1293px
  image_05_registered.JPG: raw=2197px, scale=1.772x, normalized=1240px
  image_06_registered.JPG: raw=2685px, scale=1.754x, normalized=1530px
  image_07_registered.JPG: raw=2294px, scale=1.773x, normalized=1293px
  image_08_registered.JPG: raw=1380px, scale=1.775x, normalized=777px
  image_09_registered.JPG: raw=578px, scale=1.786x, normalized=324px
  image_10_registered.JPG: raw=597px, scale=1.778x, normalized=335px
  image_11_registered.JPG: raw=1290px, scale=1.782x, normalized=724px
Tray 22: image_09_registered.JPG [distance] normalized distance=324px, label=28039px²

Tray 23 candidate distances:
  image_02_registered.JPG: raw=1142px, scale=1.770x, normalized=645px
  image_03_registered.JPG: raw=756px, scale=1.785x, normalized=424px
  image_04_registered.JPG: raw=2308px, scale=1.762x, normalized=1310px
  image_05_registered.JPG: raw=1501px, scale=1.772x, normalized=847px
  image_06_registered.JPG: raw=1376px, scale=1.754x, normalized=784px
  image_07_registered.JPG: raw=854px, scale=1.773x, normalized=482px
  image_08_registered.JPG: raw=1092px, scale=1.775x, normalized=615px
  image_09_registered.JPG: raw=1264px, scale=1.786x, normalized=708px
  image_10_registered.JPG: raw=2009px, scale=1.778x, normalized=1130px
  image_11_registered.JPG: raw=2117px, scale=1.782x, normalized=1188px
Tray 23: image_03_registered.JPG [distance] normalized distance=424px, label=24075px²

Tray 24 candidate distances:
  image_02_registered.JPG: raw=1856px, scale=1.770x, normalized=1048px
  image_03_registered.JPG: raw=850px, scale=1.785x, normalized=476px
  image_04_registered.JPG: raw=2873px, scale=1.762x, normalized=1630px
  image_05_registered.JPG: raw=2254px, scale=1.772x, normalized=1272px
  image_06_registered.JPG: raw=2155px, scale=1.754x, normalized=1229px
  image_07_registered.JPG: raw=1336px, scale=1.773x, normalized=753px
  image_08_registered.JPG: raw=288px, scale=1.775x, normalized=162px
  image_09_registered.JPG: raw=712px, scale=1.786x, normalized=399px
  image_10_registered.JPG: raw=1759px, scale=1.778x, normalized=989px
  image_11_registered.JPG: raw=2298px, scale=1.782x, normalized=1290px
Tray 24: image_08_registered.JPG [distance] normalized distance=162px, label=26343px²

Tray 25 candidate distances:
  image_02_registered.JPG: raw=477px, scale=1.770x, normalized=269px
  image_03_registered.JPG: raw=770px, scale=1.785x, normalized=431px
  image_04_registered.JPG: raw=1655px, scale=1.762x, normalized=939px
  image_05_registered.JPG: raw=916px, scale=1.772x, normalized=517px
  image_06_registered.JPG: raw=1319px, scale=1.754x, normalized=752px
  image_07_registered.JPG: raw=1341px, scale=1.773x, normalized=756px
  image_08_registered.JPG: raw=1646px, scale=1.775x, normalized=928px
  image_09_registered.JPG: raw=1517px, scale=1.786x, normalized=849px
  image_10_registered.JPG: raw=1901px, scale=1.778x, normalized=1069px
  image_11_registered.JPG: raw=1674px, scale=1.782x, normalized=939px
Tray 25: image_02_registered.JPG [distance] normalized distance=269px, label=26343px²

Tray 26 candidate distances:
  image_02_registered.JPG: raw=824px, scale=1.770x, normalized=465px
  image_03_registered.JPG: raw=425px, scale=1.785x, normalized=238px
  image_04_registered.JPG: raw=1606px, scale=1.762x, normalized=912px
  image_05_registered.JPG: raw=1322px, scale=1.772x, normalized=746px
  image_06_registered.JPG: raw=1944px, scale=1.754x, normalized=1108px
  image_07_registered.JPG: raw=1814px, scale=1.773x, normalized=1023px
  image_08_registered.JPG: raw=1573px, scale=1.775x, normalized=887px
  image_09_registered.JPG: raw=1127px, scale=1.786x, normalized=631px
  image_10_registered.JPG: raw=1284px, scale=1.778x, normalized=722px
  image_11_registered.JPG: raw=1163px, scale=1.782x, normalized=653px
Tray 26: image_03_registered.JPG [distance] normalized distance=238px, label=28717px²

Tray 27 candidate distances:
  image_02_registered.JPG: raw=1870px, scale=1.770x, normalized=1056px
  image_03_registered.JPG: raw=2637px, scale=1.785x, normalized=1477px
  image_04_registered.JPG: raw=686px, scale=1.762x, normalized=389px
  image_05_registered.JPG: raw=1742px, scale=1.772x, normalized=983px
  image_06_registered.JPG: raw=2914px, scale=1.754x, normalized=1661px
  image_07_registered.JPG: raw=3502px, scale=1.773x, normalized=1975px
  image_08_registered.JPG: raw=3723px, scale=1.775x, normalized=2098px
  image_09_registered.JPG: raw=3312px, scale=1.786x, normalized=1854px
  image_10_registered.JPG: raw=2731px, scale=1.778x, normalized=1536px
  image_11_registered.JPG: raw=1596px, scale=1.782x, normalized=896px
Tray 27: image_04_registered.JPG [distance] normalized distance=389px, label=29505px²

Tray 28 candidate distances:
  image_02_registered.JPG: raw=1432px, scale=1.770x, normalized=809px
  image_03_registered.JPG: raw=1276px, scale=1.785x, normalized=715px
  image_04_registered.JPG: raw=1350px, scale=1.762x, normalized=766px
  image_05_registered.JPG: raw=1787px, scale=1.772x, normalized=1009px
  image_06_registered.JPG: raw=2723px, scale=1.754x, normalized=1552px
  image_07_registered.JPG: raw=2767px, scale=1.773x, normalized=1560px
  image_08_registered.JPG: raw=2339px, scale=1.775x, normalized=1318px
  image_09_registered.JPG: raw=1669px, scale=1.786x, normalized=934px
  image_10_registered.JPG: raw=994px, scale=1.778x, normalized=559px
  image_11_registered.JPG: raw=214px, scale=1.782x, normalized=120px
Tray 28: image_11_registered.JPG [distance] normalized distance=120px, label=25933px²

Tray 29 candidate distances:
  image_02_registered.JPG: raw=1473px, scale=1.770x, normalized=832px
  image_03_registered.JPG: raw=694px, scale=1.785x, normalized=389px
  image_04_registered.JPG: raw=2569px, scale=1.762x, normalized=1458px
  image_05_registered.JPG: raw=1864px, scale=1.772x, normalized=1052px
  image_06_registered.JPG: raw=1755px, scale=1.754x, normalized=1001px
  image_07_registered.JPG: raw=1032px, scale=1.773x, normalized=582px
  image_08_registered.JPG: raw=687px, scale=1.775x, normalized=387px
  image_09_registered.JPG: raw=944px, scale=1.786x, normalized=528px
  image_10_registered.JPG: raw=1847px, scale=1.778x, normalized=1039px
  image_11_registered.JPG: raw=2171px, scale=1.782x, normalized=1218px
Tray 29: image_08_registered.JPG [distance] normalized distance=387px, label=27691px²

Tray 30 candidate distances:
  image_02_registered.JPG: raw=193px, scale=1.770x, normalized=109px
  image_03_registered.JPG: raw=1186px, scale=1.785x, normalized=665px
  image_04_registered.JPG: raw=1024px, scale=1.762x, normalized=581px
  image_05_registered.JPG: raw=511px, scale=1.772x, normalized=289px
  image_06_registered.JPG: raw=1541px, scale=1.754x, normalized=879px
  image_07_registered.JPG: raw=1900px, scale=1.773x, normalized=1072px
  image_08_registered.JPG: raw=2231px, scale=1.775x, normalized=1257px
  image_09_registered.JPG: raw=1956px, scale=1.786x, normalized=1095px
  image_10_registered.JPG: raw=1999px, scale=1.778x, normalized=1124px
  image_11_registered.JPG: raw=1400px, scale=1.782x, normalized=786px
Tray 30: image_02_registered.JPG [distance] normalized distance=109px, label=28832px²

Tray 31 candidate distances:
  image_02_registered.JPG: raw=1416px, scale=1.770x, normalized=800px
  image_03_registered.JPG: raw=768px, scale=1.785x, normalized=430px
  image_04_registered.JPG: raw=1797px, scale=1.762x, normalized=1020px
  image_05_registered.JPG: raw=1871px, scale=1.772x, normalized=1056px
  image_06_registered.JPG: raw=2568px, scale=1.754x, normalized=1464px
  image_07_registered.JPG: raw=2381px, scale=1.773x, normalized=1342px
  image_08_registered.JPG: raw=1754px, scale=1.775x, normalized=988px
  image_09_registered.JPG: raw=1038px, scale=1.786x, normalized=581px
  image_10_registered.JPG: raw=661px, scale=1.778x, normalized=372px
  image_11_registered.JPG: raw=816px, scale=1.782x, normalized=458px
Tray 31: image_10_registered.JPG [distance] normalized distance=372px, label=26948px²

Tray 32 candidate distances:
  image_02_registered.JPG: raw=1702px, scale=1.770x, normalized=962px
  image_03_registered.JPG: raw=1235px, scale=1.785x, normalized=692px
  image_04_registered.JPG: raw=1758px, scale=1.762x, normalized=998px
  image_05_registered.JPG: raw=2104px, scale=1.772x, normalized=1188px
  image_06_registered.JPG: raw=2917px, scale=1.754x, normalized=1663px
  image_07_registered.JPG: raw=2827px, scale=1.773x, normalized=1594px
  image_08_registered.JPG: raw=2175px, scale=1.775x, normalized=1226px
  image_09_registered.JPG: raw=1429px, scale=1.786x, normalized=800px
  image_10_registered.JPG: raw=591px, scale=1.778x, normalized=332px
  image_11_registered.JPG: raw=519px, scale=1.782x, normalized=291px
Tray 32: image_11_registered.JPG [distance] normalized distance=291px, label=22755px²

Tray 33 candidate distances:
  image_02_registered.JPG: raw=861px, scale=1.770x, normalized=487px
  image_03_registered.JPG: raw=388px, scale=1.785x, normalized=217px
  image_04_registered.JPG: raw=1927px, scale=1.762x, normalized=1094px
  image_05_registered.JPG: raw=1329px, scale=1.772x, normalized=750px
  image_06_registered.JPG: raw=1616px, scale=1.754x, normalized=922px
  image_07_registered.JPG: raw=1333px, scale=1.773x, normalized=752px
  image_08_registered.JPG: raw=1266px, scale=1.775x, normalized=713px
  image_09_registered.JPG: raw=1095px, scale=1.786x, normalized=613px
  image_10_registered.JPG: raw=1621px, scale=1.778x, normalized=911px
  image_11_registered.JPG: raw=1641px, scale=1.782x, normalized=921px
Tray 33: image_03_registered.JPG [distance] normalized distance=217px, label=24792px²

Tray 34 candidate distances:
  image_02_registered.JPG: raw=2085px, scale=1.770x, normalized=1178px
  image_03_registered.JPG: raw=1750px, scale=1.785x, normalized=980px
  image_04_registered.JPG: raw=1847px, scale=1.762x, normalized=1048px
  image_05_registered.JPG: raw=2431px, scale=1.772x, normalized=1372px
  image_06_registered.JPG: raw=3313px, scale=1.754x, normalized=1889px
  image_07_registered.JPG: raw=3310px, scale=1.773x, normalized=1866px
  image_08_registered.JPG: raw=2641px, scale=1.775x, normalized=1488px
  image_09_registered.JPG: raw=1901px, scale=1.786x, normalized=1064px
  image_10_registered.JPG: raw=868px, scale=1.778x, normalized=488px
  image_11_registered.JPG: raw=564px, scale=1.782x, normalized=317px
Tray 34: image_11_registered.JPG [distance] normalized distance=317px, label=25412px²

Tray 35 candidate distances:
  image_02_registered.JPG: raw=1860px, scale=1.770x, normalized=1051px
  image_03_registered.JPG: raw=1769px, scale=1.785x, normalized=991px
  image_04_registered.JPG: raw=1462px, scale=1.762x, normalized=830px
  image_05_registered.JPG: raw=2153px, scale=1.772x, normalized=1215px
  image_06_registered.JPG: raw=3137px, scale=1.754x, normalized=1789px
  image_07_registered.JPG: raw=3247px, scale=1.773x, normalized=1831px
  image_08_registered.JPG: raw=2769px, scale=1.775x, normalized=1560px
  image_09_registered.JPG: raw=2082px, scale=1.786x, normalized=1165px
  image_10_registered.JPG: raw=1178px, scale=1.778x, normalized=663px
  image_11_registered.JPG: raw=297px, scale=1.782x, normalized=167px
Tray 35: image_11_registered.JPG [distance] normalized distance=167px, label=25979px²

Tray 36 candidate distances:
  image_02_registered.JPG: raw=2122px, scale=1.770x, normalized=1199px
  image_03_registered.JPG: raw=940px, scale=1.785x, normalized=527px
  image_04_registered.JPG: raw=2938px, scale=1.762x, normalized=1667px
  image_05_registered.JPG: raw=2557px, scale=1.772x, normalized=1443px
  image_06_registered.JPG: raw=2676px, scale=1.754x, normalized=1525px
  image_07_registered.JPG: raw=1971px, scale=1.773x, normalized=1111px
  image_08_registered.JPG: raw=659px, scale=1.775x, normalized=371px
  image_09_registered.JPG: raw=266px, scale=1.786x, normalized=149px
  image_10_registered.JPG: raw=1309px, scale=1.778x, normalized=736px
  image_11_registered.JPG: raw=2100px, scale=1.782x, normalized=1179px
Tray 36: image_09_registered.JPG [distance] normalized distance=149px, label=23505px²

Tray 37 candidate distances:
  image_02_registered.JPG: raw=1276px, scale=1.770x, normalized=721px
  image_03_registered.JPG: raw=235px, scale=1.785x, normalized=131px
  image_04_registered.JPG: raw=2243px, scale=1.762x, normalized=1273px
  image_05_registered.JPG: raw=1741px, scale=1.772x, normalized=983px
  image_06_registered.JPG: raw=1953px, scale=1.754x, normalized=1113px
  image_07_registered.JPG: raw=1454px, scale=1.773x, normalized=820px
  image_08_registered.JPG: raw=926px, scale=1.775x, normalized=522px
  image_09_registered.JPG: raw=684px, scale=1.786x, normalized=383px
  image_10_registered.JPG: raw=1410px, scale=1.778x, normalized=793px
  image_11_registered.JPG: raw=1711px, scale=1.782x, normalized=961px
Tray 37: image_03_registered.JPG [distance] normalized distance=131px, label=25468px²

Tray 38 candidate distances:
  image_02_registered.JPG: raw=2205px, scale=1.770x, normalized=1245px
  image_03_registered.JPG: raw=1194px, scale=1.785x, normalized=669px
  image_04_registered.JPG: raw=2619px, scale=1.762x, normalized=1486px
  image_05_registered.JPG: raw=2654px, scale=1.772x, normalized=1498px
  image_06_registered.JPG: raw=3133px, scale=1.754x, normalized=1786px
  image_07_registered.JPG: raw=2719px, scale=1.773x, normalized=1533px
  image_08_registered.JPG: raw=1608px, scale=1.775x, normalized=906px
  image_09_registered.JPG: raw=803px, scale=1.786x, normalized=449px
  image_10_registered.JPG: raw=417px, scale=1.778x, normalized=234px
  image_11_registered.JPG: raw=1474px, scale=1.782x, normalized=828px
Tray 38: image_10_registered.JPG [distance] normalized distance=234px, label=23409px²

Tray 39 candidate distances:
  image_02_registered.JPG: raw=1241px, scale=1.770x, normalized=701px
  image_03_registered.JPG: raw=288px, scale=1.785x, normalized=161px
  image_04_registered.JPG: raw=1958px, scale=1.762x, normalized=1111px
  image_05_registered.JPG: raw=1730px, scale=1.772x, normalized=976px
  image_06_registered.JPG: raw=2230px, scale=1.754x, normalized=1271px
  image_07_registered.JPG: raw=1915px, scale=1.773x, normalized=1080px
  image_08_registered.JPG: raw=1328px, scale=1.775x, normalized=749px
  image_09_registered.JPG: raw=738px, scale=1.786x, normalized=413px
  image_10_registered.JPG: raw=991px, scale=1.778x, normalized=557px
  image_11_registered.JPG: raw=1239px, scale=1.782x, normalized=696px
Tray 39: image_03_registered.JPG [distance] normalized distance=161px, label=28668px²

Saved best_views.json for drawer_016

==================================================
Processing drawer_017
==================================================
Loaded 36 trays
Found 10 registered images

Best view for each tray:

Tray 1 candidate distances:
  image_02_registered.JPG: raw=1598px, scale=1.779x, normalized=898px
  image_03_registered.JPG: raw=1899px, scale=1.780x, normalized=1067px
  image_04_registered.JPG: raw=2674px, scale=1.762x, normalized=1518px
  image_05_registered.JPG: raw=1429px, scale=1.778x, normalized=804px
  image_06_registered.JPG: raw=526px, scale=1.752x, normalized=300px
  image_07_registered.JPG: raw=739px, scale=1.772x, normalized=417px
  image_08_registered.JPG: raw=1779px, scale=1.772x, normalized=1004px
  image_09_registered.JPG: raw=2241px, scale=1.783x, normalized=1257px
  image_10_registered.JPG: raw=3166px, scale=1.776x, normalized=1783px
  image_11_registered.JPG: raw=2899px, scale=1.777x, normalized=1631px
Tray 1: image_06_registered.JPG [distance] normalized distance=300px, label=0px²

Tray 2 candidate distances:
  image_02_registered.JPG: raw=2158px, scale=1.779x, normalized=1213px
  image_03_registered.JPG: raw=1474px, scale=1.780x, normalized=828px
  image_04_registered.JPG: raw=3289px, scale=1.762x, normalized=1866px
  image_05_registered.JPG: raw=2187px, scale=1.778x, normalized=1230px
  image_06_registered.JPG: raw=1908px, scale=1.752x, normalized=1089px
  image_07_registered.JPG: raw=734px, scale=1.772x, normalized=414px
  image_08_registered.JPG: raw=433px, scale=1.772x, normalized=244px
  image_09_registered.JPG: raw=1476px, scale=1.783x, normalized=828px
  image_10_registered.JPG: raw=2676px, scale=1.776x, normalized=1507px
  image_11_registered.JPG: raw=2838px, scale=1.777x, normalized=1597px
Tray 2: image_08_registered.JPG [distance] normalized distance=244px, label=0px²

Tray 3 candidate distances:
  image_02_registered.JPG: raw=1815px, scale=1.779x, normalized=1020px
  image_03_registered.JPG: raw=2530px, scale=1.780x, normalized=1421px
  image_04_registered.JPG: raw=2626px, scale=1.762x, normalized=1490px
  image_05_registered.JPG: raw=1430px, scale=1.778x, normalized=804px
  image_06_registered.JPG: raw=502px, scale=1.752x, normalized=287px
  image_07_registered.JPG: raw=1566px, scale=1.772x, normalized=884px
  image_08_registered.JPG: raw=2589px, scale=1.772x, normalized=1461px
  image_09_registered.JPG: raw=2900px, scale=1.783x, normalized=1627px
  image_10_registered.JPG: raw=3654px, scale=1.776x, normalized=2058px
  image_11_registered.JPG: raw=3214px, scale=1.777x, normalized=1808px
Tray 3: image_06_registered.JPG [distance] normalized distance=287px, label=0px²

Tray 4 candidate distances:
  image_02_registered.JPG: raw=607px, scale=1.779x, normalized=341px
  image_03_registered.JPG: raw=1299px, scale=1.780x, normalized=730px
  image_04_registered.JPG: raw=1729px, scale=1.762x, normalized=981px
  image_05_registered.JPG: raw=641px, scale=1.778x, normalized=360px
  image_06_registered.JPG: raw=817px, scale=1.752x, normalized=466px
  image_07_registered.JPG: raw=1190px, scale=1.772x, normalized=671px
  image_08_registered.JPG: raw=1870px, scale=1.772x, normalized=1056px
  image_09_registered.JPG: raw=1800px, scale=1.783x, normalized=1010px
  image_10_registered.JPG: raw=2452px, scale=1.776x, normalized=1381px
  image_11_registered.JPG: raw=2011px, scale=1.777x, normalized=1132px
Tray 4: image_02_registered.JPG [distance] normalized distance=341px, label=0px²

Tray 5 candidate distances:
  image_02_registered.JPG: raw=2150px, scale=1.779x, normalized=1209px
  image_03_registered.JPG: raw=1564px, scale=1.780x, normalized=879px
  image_04_registered.JPG: raw=2229px, scale=1.762x, normalized=1265px
  image_05_registered.JPG: raw=2460px, scale=1.778x, normalized=1384px
  image_06_registered.JPG: raw=3265px, scale=1.752x, normalized=1864px
  image_07_registered.JPG: raw=3059px, scale=1.772x, normalized=1727px
  image_08_registered.JPG: raw=2552px, scale=1.772x, normalized=1440px
  image_09_registered.JPG: raw=1429px, scale=1.783x, normalized=801px
  image_10_registered.JPG: raw=211px, scale=1.776x, normalized=119px
  image_11_registered.JPG: raw=808px, scale=1.777x, normalized=455px
Tray 5: image_10_registered.JPG [distance] normalized distance=119px, label=25255px²

Tray 6 candidate distances:
  image_02_registered.JPG: raw=1771px, scale=1.779x, normalized=995px
  image_03_registered.JPG: raw=674px, scale=1.780x, normalized=378px
  image_04_registered.JPG: raw=2753px, scale=1.762x, normalized=1562px
  image_05_registered.JPG: raw=2022px, scale=1.778x, normalized=1137px
  image_06_registered.JPG: raw=2205px, scale=1.752x, normalized=1258px
  image_07_registered.JPG: raw=1342px, scale=1.772x, normalized=758px
  image_08_registered.JPG: raw=678px, scale=1.772x, normalized=383px
  image_09_registered.JPG: raw=506px, scale=1.783x, normalized=284px
  image_10_registered.JPG: raw=1716px, scale=1.776x, normalized=966px
  image_11_registered.JPG: raw=1975px, scale=1.777x, normalized=1111px
Tray 6: image_09_registered.JPG [distance] normalized distance=284px, label=0px²

Tray 7 candidate distances:
  image_02_registered.JPG: raw=1078px, scale=1.779x, normalized=606px
  image_03_registered.JPG: raw=2121px, scale=1.780x, normalized=1191px
  image_04_registered.JPG: raw=1669px, scale=1.762x, normalized=947px
  image_05_registered.JPG: raw=628px, scale=1.778x, normalized=353px
  image_06_registered.JPG: raw=787px, scale=1.752x, normalized=449px
  image_07_registered.JPG: raw=1825px, scale=1.772x, normalized=1030px
  image_08_registered.JPG: raw=2645px, scale=1.772x, normalized=1493px
  image_09_registered.JPG: raw=2595px, scale=1.783x, normalized=1456px
  image_10_registered.JPG: raw=3077px, scale=1.776x, normalized=1733px
  image_11_registered.JPG: raw=2466px, scale=1.777x, normalized=1388px
Tray 7: image_05_registered.JPG [distance] normalized distance=353px, label=27882px²

Tray 8 candidate distances:
  image_02_registered.JPG: raw=1718px, scale=1.779x, normalized=966px
  image_03_registered.JPG: raw=719px, scale=1.780x, normalized=404px
  image_04_registered.JPG: raw=2322px, scale=1.762x, normalized=1318px
  image_05_registered.JPG: raw=2065px, scale=1.778x, normalized=1162px
  image_06_registered.JPG: raw=2648px, scale=1.752x, normalized=1511px
  image_07_registered.JPG: raw=2155px, scale=1.772x, normalized=1217px
  image_08_registered.JPG: raw=1626px, scale=1.772x, normalized=918px
  image_09_registered.JPG: raw=458px, scale=1.783x, normalized=257px
  image_10_registered.JPG: raw=770px, scale=1.776x, normalized=434px
  image_11_registered.JPG: raw=1168px, scale=1.777x, normalized=657px
Tray 8: image_09_registered.JPG [distance] normalized distance=257px, label=23868px²

Tray 9 candidate distances:
  image_02_registered.JPG: raw=1384px, scale=1.779x, normalized=778px
  image_03_registered.JPG: raw=2056px, scale=1.780x, normalized=1155px
  image_04_registered.JPG: raw=472px, scale=1.762x, normalized=268px
  image_05_registered.JPG: raw=1420px, scale=1.778x, normalized=799px
  image_06_registered.JPG: raw=2580px, scale=1.752x, normalized=1473px
  image_07_registered.JPG: raw=3038px, scale=1.772x, normalized=1715px
  image_08_registered.JPG: raw=3178px, scale=1.772x, normalized=1794px
  image_09_registered.JPG: raw=2407px, scale=1.783x, normalized=1350px
  image_10_registered.JPG: raw=1948px, scale=1.776x, normalized=1097px
  image_11_registered.JPG: raw=1047px, scale=1.777x, normalized=589px
Tray 9: image_04_registered.JPG [distance] normalized distance=268px, label=27237px²

Tray 10 candidate distances:
  image_02_registered.JPG: raw=1659px, scale=1.779x, normalized=932px
  image_03_registered.JPG: raw=1670px, scale=1.780x, normalized=938px
  image_04_registered.JPG: raw=2804px, scale=1.762x, normalized=1591px
  image_05_registered.JPG: raw=1587px, scale=1.778x, normalized=892px
  image_06_registered.JPG: raw=911px, scale=1.752x, normalized=520px
  image_07_registered.JPG: raw=323px, scale=1.772x, normalized=182px
  image_08_registered.JPG: raw=1374px, scale=1.772x, normalized=776px
  image_09_registered.JPG: raw=1958px, scale=1.783x, normalized=1098px
  image_10_registered.JPG: raw=2979px, scale=1.776x, normalized=1678px
  image_11_registered.JPG: raw=2823px, scale=1.777x, normalized=1588px
Tray 10: image_07_registered.JPG [distance] normalized distance=182px, label=0px²

Tray 11 candidate distances:
  image_02_registered.JPG: raw=606px, scale=1.779x, normalized=341px
  image_03_registered.JPG: raw=1713px, scale=1.780x, normalized=962px
  image_04_registered.JPG: raw=666px, scale=1.762x, normalized=378px
  image_05_registered.JPG: raw=440px, scale=1.778x, normalized=247px
  image_06_registered.JPG: raw=1645px, scale=1.752x, normalized=939px
  image_07_registered.JPG: raw=2236px, scale=1.772x, normalized=1262px
  image_08_registered.JPG: raw=2683px, scale=1.772x, normalized=1514px
  image_09_registered.JPG: raw=2197px, scale=1.783x, normalized=1232px
  image_10_registered.JPG: raw=2291px, scale=1.776x, normalized=1290px
  image_11_registered.JPG: raw=1529px, scale=1.777x, normalized=860px
Tray 11: image_05_registered.JPG [distance] normalized distance=247px, label=0px²

Tray 12 candidate distances:
  image_02_registered.JPG: raw=1294px, scale=1.779x, normalized=728px
  image_03_registered.JPG: raw=505px, scale=1.780x, normalized=284px
  image_04_registered.JPG: raw=1927px, scale=1.762x, normalized=1094px
  image_05_registered.JPG: raw=1680px, scale=1.778x, normalized=945px
  image_06_registered.JPG: raw=2335px, scale=1.752x, normalized=1333px
  image_07_registered.JPG: raw=1983px, scale=1.772x, normalized=1119px
  image_08_registered.JPG: raw=1686px, scale=1.772x, normalized=952px
  image_09_registered.JPG: raw=648px, scale=1.783x, normalized=363px
  image_10_registered.JPG: raw=930px, scale=1.776x, normalized=524px
  image_11_registered.JPG: raw=943px, scale=1.777x, normalized=530px
Tray 12: image_03_registered.JPG [distance] normalized distance=284px, label=28510px²

Tray 13 candidate distances:
  image_02_registered.JPG: raw=970px, scale=1.779x, normalized=545px
  image_03_registered.JPG: raw=2135px, scale=1.780x, normalized=1199px
  image_04_registered.JPG: raw=743px, scale=1.762x, normalized=422px
  image_05_registered.JPG: raw=580px, scale=1.778x, normalized=326px
  image_06_registered.JPG: raw=1671px, scale=1.752x, normalized=954px
  image_07_registered.JPG: raw=2466px, scale=1.772x, normalized=1392px
  image_08_registered.JPG: raw=3012px, scale=1.772x, normalized=1700px
  image_09_registered.JPG: raw=2612px, scale=1.783x, normalized=1465px
  image_10_registered.JPG: raw=2693px, scale=1.776x, normalized=1517px
  image_11_registered.JPG: raw=1896px, scale=1.777x, normalized=1067px
Tray 13: image_05_registered.JPG [distance] normalized distance=326px, label=26592px²

Tray 14 candidate distances:
  image_02_registered.JPG: raw=1020px, scale=1.779x, normalized=573px
  image_03_registered.JPG: raw=590px, scale=1.780x, normalized=332px
  image_04_registered.JPG: raw=2158px, scale=1.762x, normalized=1224px
  image_05_registered.JPG: raw=1304px, scale=1.778x, normalized=733px
  image_06_registered.JPG: raw=1454px, scale=1.752x, normalized=830px
  image_07_registered.JPG: raw=933px, scale=1.772x, normalized=527px
  image_08_registered.JPG: raw=1125px, scale=1.772x, normalized=635px
  image_09_registered.JPG: raw=1028px, scale=1.783x, normalized=576px
  image_10_registered.JPG: raw=1955px, scale=1.776x, normalized=1101px
  image_11_registered.JPG: raw=1823px, scale=1.777x, normalized=1025px
Tray 14: image_03_registered.JPG [distance] normalized distance=332px, label=0px²

Tray 15 candidate distances:
  image_02_registered.JPG: raw=769px, scale=1.779x, normalized=432px
  image_03_registered.JPG: raw=1710px, scale=1.780x, normalized=960px
  image_04_registered.JPG: raw=1645px, scale=1.762x, normalized=933px
  image_05_registered.JPG: raw=491px, scale=1.778x, normalized=276px
  image_06_registered.JPG: raw=686px, scale=1.752x, normalized=392px
  image_07_registered.JPG: raw=1489px, scale=1.772x, normalized=841px
  image_08_registered.JPG: raw=2261px, scale=1.772x, normalized=1276px
  image_09_registered.JPG: raw=2201px, scale=1.783x, normalized=1234px
  image_10_registered.JPG: raw=2756px, scale=1.776x, normalized=1552px
  image_11_registered.JPG: raw=2217px, scale=1.777x, normalized=1247px
Tray 15: image_05_registered.JPG [distance] normalized distance=276px, label=24679px²

Tray 16 candidate distances:
  image_02_registered.JPG: raw=1857px, scale=1.779x, normalized=1044px
  image_03_registered.JPG: raw=1504px, scale=1.780x, normalized=845px
  image_04_registered.JPG: raw=1832px, scale=1.762x, normalized=1040px
  image_05_registered.JPG: raw=2164px, scale=1.778x, normalized=1217px
  image_06_registered.JPG: raw=3053px, scale=1.752x, normalized=1742px
  image_07_registered.JPG: raw=2965px, scale=1.772x, normalized=1674px
  image_08_registered.JPG: raw=2608px, scale=1.772x, normalized=1472px
  image_09_registered.JPG: raw=1515px, scale=1.783x, normalized=849px
  image_10_registered.JPG: raw=534px, scale=1.776x, normalized=301px
  image_11_registered.JPG: raw=411px, scale=1.777x, normalized=231px
Tray 16: image_11_registered.JPG [distance] normalized distance=231px, label=22932px²

Tray 17 candidate distances:
  image_02_registered.JPG: raw=1419px, scale=1.779x, normalized=798px
  image_03_registered.JPG: raw=1680px, scale=1.780x, normalized=943px
  image_04_registered.JPG: raw=1020px, scale=1.762x, normalized=579px
  image_05_registered.JPG: raw=1630px, scale=1.778x, normalized=917px
  image_06_registered.JPG: raw=2700px, scale=1.752x, normalized=1541px
  image_07_registered.JPG: raw=2911px, scale=1.772x, normalized=1643px
  image_08_registered.JPG: raw=2860px, scale=1.772x, normalized=1615px
  image_09_registered.JPG: raw=1937px, scale=1.783x, normalized=1086px
  image_10_registered.JPG: raw=1338px, scale=1.776x, normalized=754px
  image_11_registered.JPG: raw=446px, scale=1.777x, normalized=251px
Tray 17: image_11_registered.JPG [distance] normalized distance=251px, label=27058px²

Tray 18 candidate distances:
  image_02_registered.JPG: raw=816px, scale=1.779x, normalized=459px
  image_03_registered.JPG: raw=425px, scale=1.780x, normalized=239px
  image_04_registered.JPG: raw=1669px, scale=1.762x, normalized=947px
  image_05_registered.JPG: raw=1237px, scale=1.778x, normalized=696px
  image_06_registered.JPG: raw=1878px, scale=1.752x, normalized=1072px
  image_07_registered.JPG: raw=1653px, scale=1.772x, normalized=933px
  image_08_registered.JPG: raw=1642px, scale=1.772x, normalized=927px
  image_09_registered.JPG: raw=916px, scale=1.783x, normalized=514px
  image_10_registered.JPG: raw=1385px, scale=1.776x, normalized=780px
  image_11_registered.JPG: raw=1116px, scale=1.777x, normalized=628px
Tray 18: image_03_registered.JPG [distance] normalized distance=239px, label=0px²

Tray 19 candidate distances:
  image_02_registered.JPG: raw=1889px, scale=1.779x, normalized=1062px
  image_03_registered.JPG: raw=2362px, scale=1.780x, normalized=1327px
  image_04_registered.JPG: raw=2853px, scale=1.762x, normalized=1619px
  image_05_registered.JPG: raw=1584px, scale=1.778x, normalized=891px
  image_06_registered.JPG: raw=534px, scale=1.752x, normalized=305px
  image_07_registered.JPG: raw=1187px, scale=1.772x, normalized=670px
  image_08_registered.JPG: raw=2232px, scale=1.772x, normalized=1260px
  image_09_registered.JPG: raw=2690px, scale=1.783x, normalized=1508px
  image_10_registered.JPG: raw=3570px, scale=1.776x, normalized=2010px
  image_11_registered.JPG: raw=3244px, scale=1.777x, normalized=1825px
Tray 19: image_06_registered.JPG [distance] normalized distance=305px, label=0px²

Tray 20 candidate distances:
  image_02_registered.JPG: raw=2122px, scale=1.779x, normalized=1193px
  image_03_registered.JPG: raw=1037px, scale=1.780x, normalized=582px
  image_04_registered.JPG: raw=2707px, scale=1.762x, normalized=1536px
  image_05_registered.JPG: raw=2425px, scale=1.778x, normalized=1364px
  image_06_registered.JPG: raw=2954px, scale=1.752x, normalized=1686px
  image_07_registered.JPG: raw=2365px, scale=1.772x, normalized=1335px
  image_08_registered.JPG: raw=1648px, scale=1.772x, normalized=930px
  image_09_registered.JPG: raw=569px, scale=1.783x, normalized=319px
  image_10_registered.JPG: raw=834px, scale=1.776x, normalized=470px
  image_11_registered.JPG: raw=1479px, scale=1.777x, normalized=832px
Tray 20: image_09_registered.JPG [distance] normalized distance=319px, label=23068px²

Tray 21 candidate distances:
  image_02_registered.JPG: raw=1384px, scale=1.779x, normalized=778px
  image_03_registered.JPG: raw=1290px, scale=1.780x, normalized=725px
  image_04_registered.JPG: raw=1390px, scale=1.762x, normalized=789px
  image_05_registered.JPG: raw=1694px, scale=1.778x, normalized=953px
  image_06_registered.JPG: raw=2648px, scale=1.752x, normalized=1511px
  image_07_registered.JPG: raw=2654px, scale=1.772x, normalized=1498px
  image_08_registered.JPG: raw=2485px, scale=1.772x, normalized=1403px
  image_09_registered.JPG: raw=1476px, scale=1.783x, normalized=828px
  image_10_registered.JPG: raw=914px, scale=1.776x, normalized=515px
  image_11_registered.JPG: raw=138px, scale=1.777x, normalized=78px
Tray 21: image_11_registered.JPG [distance] normalized distance=78px, label=0px²

Tray 22 candidate distances:
  image_02_registered.JPG: raw=1369px, scale=1.779x, normalized=770px
  image_03_registered.JPG: raw=479px, scale=1.780x, normalized=269px
  image_04_registered.JPG: raw=2432px, scale=1.762x, normalized=1380px
  image_05_registered.JPG: raw=1649px, scale=1.778x, normalized=928px
  image_06_registered.JPG: raw=1811px, scale=1.752x, normalized=1033px
  image_07_registered.JPG: raw=1065px, scale=1.772x, normalized=601px
  image_08_registered.JPG: raw=838px, scale=1.772x, normalized=473px
  image_09_registered.JPG: raw=712px, scale=1.783x, normalized=399px
  image_10_registered.JPG: raw=1802px, scale=1.776x, normalized=1015px
  image_11_registered.JPG: raw=1856px, scale=1.777x, normalized=1044px
Tray 22: image_03_registered.JPG [distance] normalized distance=269px, label=24399px²

Tray 23 candidate distances:
  image_02_registered.JPG: raw=1405px, scale=1.779x, normalized=789px
  image_03_registered.JPG: raw=2398px, scale=1.780x, normalized=1347px
  image_04_registered.JPG: raw=296px, scale=1.762x, normalized=168px
  image_05_registered.JPG: raw=1211px, scale=1.778x, normalized=681px
  image_06_registered.JPG: raw=2358px, scale=1.752x, normalized=1346px
  image_07_registered.JPG: raw=3055px, scale=1.772x, normalized=1724px
  image_08_registered.JPG: raw=3404px, scale=1.772x, normalized=1921px
  image_09_registered.JPG: raw=2817px, scale=1.783x, normalized=1580px
  image_10_registered.JPG: raw=2553px, scale=1.776x, normalized=1438px
  image_11_registered.JPG: raw=1657px, scale=1.777x, normalized=932px
Tray 23: image_04_registered.JPG [distance] normalized distance=168px, label=0px²

Tray 24 candidate distances:
  image_02_registered.JPG: raw=2494px, scale=1.779x, normalized=1402px
  image_03_registered.JPG: raw=1742px, scale=1.780x, normalized=978px
  image_04_registered.JPG: raw=2630px, scale=1.762x, normalized=1493px
  image_05_registered.JPG: raw=2787px, scale=1.778x, normalized=1568px
  image_06_registered.JPG: raw=3521px, scale=1.752x, normalized=2010px
  image_07_registered.JPG: raw=3226px, scale=1.772x, normalized=1821px
  image_08_registered.JPG: raw=2578px, scale=1.772x, normalized=1455px
  image_09_registered.JPG: raw=1482px, scale=1.783x, normalized=831px
  image_10_registered.JPG: raw=387px, scale=1.776x, normalized=218px
  image_11_registered.JPG: raw=1219px, scale=1.777x, normalized=686px
Tray 24: image_10_registered.JPG [distance] normalized distance=218px, label=23570px²

Tray 25 candidate distances:
  image_02_registered.JPG: raw=400px, scale=1.779x, normalized=225px
  image_03_registered.JPG: raw=808px, scale=1.780x, normalized=454px
  image_04_registered.JPG: raw=1344px, scale=1.762x, normalized=762px
  image_05_registered.JPG: raw=850px, scale=1.778x, normalized=478px
  image_06_registered.JPG: raw=1630px, scale=1.752x, normalized=930px
  image_07_registered.JPG: raw=1676px, scale=1.772x, normalized=946px
  image_08_registered.JPG: raw=1898px, scale=1.772x, normalized=1071px
  image_09_registered.JPG: raw=1324px, scale=1.783x, normalized=742px
  image_10_registered.JPG: raw=1688px, scale=1.776x, normalized=951px
  image_11_registered.JPG: raw=1206px, scale=1.777x, normalized=678px
Tray 25: image_02_registered.JPG [distance] normalized distance=225px, label=24746px²

Tray 26 candidate distances:
  image_02_registered.JPG: raw=143px, scale=1.779x, normalized=80px
  image_03_registered.JPG: raw=1233px, scale=1.780x, normalized=693px
  image_04_registered.JPG: raw=1057px, scale=1.762x, normalized=600px
  image_05_registered.JPG: raw=470px, scale=1.778x, normalized=265px
  image_06_registered.JPG: raw=1473px, scale=1.752x, normalized=841px
  image_07_registered.JPG: raw=1823px, scale=1.772x, normalized=1029px
  image_08_registered.JPG: raw=2219px, scale=1.772x, normalized=1253px
  image_09_registered.JPG: raw=1745px, scale=1.783x, normalized=978px
  image_10_registered.JPG: raw=2022px, scale=1.776x, normalized=1139px
  image_11_registered.JPG: raw=1397px, scale=1.777x, normalized=786px
Tray 26: image_02_registered.JPG [distance] normalized distance=80px, label=26304px²

Tray 27 candidate distances:
  image_02_registered.JPG: raw=2262px, scale=1.779x, normalized=1271px
  image_03_registered.JPG: raw=1148px, scale=1.780x, normalized=645px
  image_04_registered.JPG: raw=3230px, scale=1.762x, normalized=1833px
  image_05_registered.JPG: raw=2424px, scale=1.778x, normalized=1363px
  image_06_registered.JPG: raw=2535px, scale=1.752x, normalized=1447px
  image_07_registered.JPG: raw=1541px, scale=1.772x, normalized=870px
  image_08_registered.JPG: raw=536px, scale=1.772x, normalized=302px
  image_09_registered.JPG: raw=816px, scale=1.783x, normalized=458px
  image_10_registered.JPG: raw=1980px, scale=1.776x, normalized=1115px
  image_11_registered.JPG: raw=2387px, scale=1.777x, normalized=1343px
Tray 27: image_08_registered.JPG [distance] normalized distance=302px, label=0px²

Tray 28 candidate distances:
  image_02_registered.JPG: raw=537px, scale=1.779x, normalized=302px
  image_03_registered.JPG: raw=815px, scale=1.780x, normalized=458px
  image_04_registered.JPG: raw=1716px, scale=1.762x, normalized=974px
  image_05_registered.JPG: raw=864px, scale=1.778x, normalized=486px
  image_06_registered.JPG: raw=1253px, scale=1.752x, normalized=715px
  image_07_registered.JPG: raw=1199px, scale=1.772x, normalized=677px
  image_08_registered.JPG: raw=1599px, scale=1.772x, normalized=902px
  image_09_registered.JPG: raw=1343px, scale=1.783x, normalized=753px
  image_10_registered.JPG: raw=2012px, scale=1.776x, normalized=1133px
  image_11_registered.JPG: raw=1659px, scale=1.777x, normalized=933px
Tray 28: image_02_registered.JPG [distance] normalized distance=302px, label=25954px²

Tray 29 candidate distances:
  image_02_registered.JPG: raw=1017px, scale=1.779x, normalized=572px
  image_03_registered.JPG: raw=817px, scale=1.780x, normalized=459px
  image_04_registered.JPG: raw=1453px, scale=1.762x, normalized=824px
  image_05_registered.JPG: raw=1399px, scale=1.778x, normalized=787px
  image_06_registered.JPG: raw=2246px, scale=1.752x, normalized=1282px
  image_07_registered.JPG: raw=2150px, scale=1.772x, normalized=1214px
  image_08_registered.JPG: raw=2052px, scale=1.772x, normalized=1158px
  image_09_registered.JPG: raw=1122px, scale=1.783x, normalized=629px
  image_10_registered.JPG: raw=1072px, scale=1.776x, normalized=604px
  image_11_registered.JPG: raw=630px, scale=1.777x, normalized=355px
Tray 29: image_11_registered.JPG [distance] normalized distance=355px, label=26258px²

Tray 30 candidate distances:
  image_02_registered.JPG: raw=1420px, scale=1.779x, normalized=798px
  image_03_registered.JPG: raw=2043px, scale=1.780x, normalized=1147px
  image_04_registered.JPG: raw=2367px, scale=1.762x, normalized=1343px
  image_05_registered.JPG: raw=1152px, scale=1.778x, normalized=648px
  image_06_registered.JPG: raw=39px, scale=1.752x, normalized=22px
  image_07_registered.JPG: raw=1181px, scale=1.772x, normalized=667px
  image_08_registered.JPG: raw=2171px, scale=1.772x, normalized=1226px
  image_09_registered.JPG: raw=2447px, scale=1.783x, normalized=1372px
  image_10_registered.JPG: raw=3225px, scale=1.776x, normalized=1816px
  image_11_registered.JPG: raw=2821px, scale=1.777x, normalized=1587px
Tray 30: image_06_registered.JPG [distance] normalized distance=22px, label=26312px²

Tray 31 candidate distances:
  image_02_registered.JPG: raw=958px, scale=1.779x, normalized=539px
  image_03_registered.JPG: raw=1079px, scale=1.780x, normalized=606px
  image_04_registered.JPG: raw=2142px, scale=1.762x, normalized=1215px
  image_05_registered.JPG: raw=1089px, scale=1.778x, normalized=612px
  image_06_registered.JPG: raw=960px, scale=1.752x, normalized=548px
  image_07_registered.JPG: raw=732px, scale=1.772x, normalized=413px
  image_08_registered.JPG: raw=1391px, scale=1.772x, normalized=785px
  image_09_registered.JPG: raw=1518px, scale=1.783x, normalized=851px
  image_10_registered.JPG: raw=2386px, scale=1.776x, normalized=1344px
  image_11_registered.JPG: raw=2129px, scale=1.777x, normalized=1198px
Tray 31: image_07_registered.JPG [distance] normalized distance=413px, label=0px²

Tray 32 candidate distances:
  image_02_registered.JPG: raw=734px, scale=1.779x, normalized=412px
  image_03_registered.JPG: raw=1063px, scale=1.780x, normalized=597px
  image_04_registered.JPG: raw=1071px, scale=1.762x, normalized=607px
  image_05_registered.JPG: raw=1076px, scale=1.778x, normalized=605px
  image_06_registered.JPG: raw=2055px, scale=1.752x, normalized=1173px
  image_07_registered.JPG: raw=2169px, scale=1.772x, normalized=1224px
  image_08_registered.JPG: raw=2258px, scale=1.772x, normalized=1274px
  image_09_registered.JPG: raw=1468px, scale=1.783x, normalized=823px
  image_10_registered.JPG: raw=1430px, scale=1.776x, normalized=805px
  image_11_registered.JPG: raw=764px, scale=1.777x, normalized=430px
Tray 32: image_02_registered.JPG [distance] normalized distance=412px, label=24138px²

Tray 33 candidate distances:
  image_02_registered.JPG: raw=1811px, scale=1.779x, normalized=1018px
  image_03_registered.JPG: raw=1775px, scale=1.780x, normalized=997px
  image_04_registered.JPG: raw=1498px, scale=1.762x, normalized=850px
  image_05_registered.JPG: raw=2064px, scale=1.778x, normalized=1161px
  image_06_registered.JPG: raw=3056px, scale=1.752x, normalized=1744px
  image_07_registered.JPG: raw=3151px, scale=1.772x, normalized=1779px
  image_08_registered.JPG: raw=2921px, scale=1.772x, normalized=1649px
  image_09_registered.JPG: raw=1899px, scale=1.783x, normalized=1065px
  image_10_registered.JPG: raw=1005px, scale=1.776x, normalized=566px
  image_11_registered.JPG: raw=353px, scale=1.777x, normalized=199px
Tray 33: image_11_registered.JPG [distance] normalized distance=199px, label=24742px²

Tray 34 candidate distances:
  image_02_registered.JPG: raw=634px, scale=1.779x, normalized=356px
  image_03_registered.JPG: raw=1422px, scale=1.780x, normalized=799px
  image_04_registered.JPG: raw=684px, scale=1.762x, normalized=388px
  image_05_registered.JPG: raw=803px, scale=1.778x, normalized=452px
  image_06_registered.JPG: raw=1931px, scale=1.752x, normalized=1102px
  image_07_registered.JPG: raw=2283px, scale=1.772x, normalized=1289px
  image_08_registered.JPG: raw=2534px, scale=1.772x, normalized=1431px
  image_09_registered.JPG: raw=1867px, scale=1.783x, normalized=1047px
  image_10_registered.JPG: raw=1825px, scale=1.776x, normalized=1028px
  image_11_registered.JPG: raw=1054px, scale=1.777x, normalized=593px
Tray 34: image_02_registered.JPG [distance] normalized distance=356px, label=26821px²

Tray 35 candidate distances:
  image_02_registered.JPG: raw=2132px, scale=1.779x, normalized=1198px
  image_03_registered.JPG: raw=940px, scale=1.780x, normalized=528px
  image_04_registered.JPG: raw=2983px, scale=1.762x, normalized=1693px
  image_05_registered.JPG: raw=2371px, scale=1.778x, normalized=1334px
  image_06_registered.JPG: raw=2659px, scale=1.752x, normalized=1517px
  image_07_registered.JPG: raw=1821px, scale=1.772x, normalized=1028px
  image_08_registered.JPG: raw=961px, scale=1.772x, normalized=543px
  image_09_registered.JPG: raw=444px, scale=1.783x, normalized=249px
  image_10_registered.JPG: raw=1521px, scale=1.776x, normalized=857px
  image_11_registered.JPG: raw=1993px, scale=1.777x, normalized=1122px
Tray 35: image_09_registered.JPG [distance] normalized distance=249px, label=24170px²

Tray 36 candidate distances:
  image_02_registered.JPG: raw=1816px, scale=1.779x, normalized=1021px
  image_03_registered.JPG: raw=2688px, scale=1.780x, normalized=1510px
  image_04_registered.JPG: raw=638px, scale=1.762x, normalized=362px
  image_05_registered.JPG: raw=1698px, scale=1.778x, normalized=955px
  image_06_registered.JPG: raw=2820px, scale=1.752x, normalized=1609px
  image_07_registered.JPG: raw=3488px, scale=1.772x, normalized=1969px
  image_08_registered.JPG: raw=3720px, scale=1.772x, normalized=2100px
  image_09_registered.JPG: raw=3059px, scale=1.783x, normalized=1715px
  image_10_registered.JPG: raw=2577px, scale=1.776x, normalized=1451px
  image_11_registered.JPG: raw=1666px, scale=1.777x, normalized=937px
Tray 36: image_04_registered.JPG [distance] normalized distance=362px, label=26051px²

Saved best_views.json for drawer_017

==================================================
Processing drawer_018
==================================================
Loaded 38 trays
Found 10 registered images

Best view for each tray:

Tray 1 candidate distances:
  image_02_registered.JPG: raw=1656px, scale=1.762x, normalized=940px
  image_03_registered.JPG: raw=2515px, scale=1.768x, normalized=1422px
  image_04_registered.JPG: raw=2552px, scale=1.755x, normalized=1455px
  image_05_registered.JPG: raw=1445px, scale=1.752x, normalized=825px
  image_06_registered.JPG: raw=442px, scale=1.738x, normalized=254px
  image_07_registered.JPG: raw=1532px, scale=1.757x, normalized=872px
  image_08_registered.JPG: raw=2623px, scale=1.757x, normalized=1493px
  image_09_registered.JPG: raw=2875px, scale=1.766x, normalized=1628px
  image_10_registered.JPG: raw=3483px, scale=1.771x, normalized=1967px
  image_11_registered.JPG: raw=3258px, scale=1.771x, normalized=1840px
Tray 1: image_06_registered.JPG [distance] normalized distance=254px, label=28245px²

Tray 2 candidate distances:
  image_02_registered.JPG: raw=1448px, scale=1.762x, normalized=822px
  image_03_registered.JPG: raw=2036px, scale=1.768x, normalized=1151px
  image_04_registered.JPG: raw=2570px, scale=1.755x, normalized=1465px
  image_05_registered.JPG: raw=1445px, scale=1.752x, normalized=825px
  image_06_registered.JPG: raw=398px, scale=1.738x, normalized=229px
  image_07_registered.JPG: raw=925px, scale=1.757x, normalized=526px
  image_08_registered.JPG: raw=2023px, scale=1.757x, normalized=1151px
  image_09_registered.JPG: raw=2366px, scale=1.766x, normalized=1340px
  image_10_registered.JPG: raw=3104px, scale=1.771x, normalized=1753px
  image_11_registered.JPG: raw=3018px, scale=1.771x, normalized=1704px
Tray 2: image_06_registered.JPG [distance] normalized distance=229px, label=24856px²

Tray 3 candidate distances:
  image_02_registered.JPG: raw=1457px, scale=1.762x, normalized=827px
  image_03_registered.JPG: raw=2402px, scale=1.768x, normalized=1358px
  image_04_registered.JPG: raw=335px, scale=1.755x, normalized=191px
  image_05_registered.JPG: raw=1292px, scale=1.752x, normalized=738px
  image_06_registered.JPG: raw=2352px, scale=1.738x, normalized=1354px
  image_07_registered.JPG: raw=2981px, scale=1.757x, normalized=1696px
  image_08_registered.JPG: raw=3366px, scale=1.757x, normalized=1916px
  image_09_registered.JPG: raw=2883px, scale=1.766x, normalized=1633px
  image_10_registered.JPG: raw=2519px, scale=1.771x, normalized=1423px
  image_11_registered.JPG: raw=1526px, scale=1.771x, normalized=862px
Tray 3: image_04_registered.JPG [distance] normalized distance=191px, label=0px²

Tray 4 candidate distances:
  image_02_registered.JPG: raw=1006px, scale=1.762x, normalized=571px
  image_03_registered.JPG: raw=2119px, scale=1.768x, normalized=1198px
  image_04_registered.JPG: raw=1615px, scale=1.755x, normalized=921px
  image_05_registered.JPG: raw=571px, scale=1.752x, normalized=326px
  image_06_registered.JPG: raw=769px, scale=1.738x, normalized=442px
  image_07_registered.JPG: raw=1777px, scale=1.757x, normalized=1011px
  image_08_registered.JPG: raw=2653px, scale=1.757x, normalized=1510px
  image_09_registered.JPG: raw=2603px, scale=1.766x, normalized=1474px
  image_10_registered.JPG: raw=2940px, scale=1.771x, normalized=1660px
  image_11_registered.JPG: raw=2452px, scale=1.771x, normalized=1384px
Tray 4: image_05_registered.JPG [distance] normalized distance=326px, label=0px²

Tray 5 candidate distances:
  image_02_registered.JPG: raw=1492px, scale=1.762x, normalized=847px
  image_03_registered.JPG: raw=2211px, scale=1.768x, normalized=1250px
  image_04_registered.JPG: raw=372px, scale=1.755x, normalized=212px
  image_05_registered.JPG: raw=1504px, scale=1.752x, normalized=859px
  image_06_registered.JPG: raw=2580px, scale=1.738x, normalized=1485px
  image_07_registered.JPG: raw=3033px, scale=1.757x, normalized=1726px
  image_08_registered.JPG: raw=3251px, scale=1.757x, normalized=1850px
  image_09_registered.JPG: raw=2653px, scale=1.766x, normalized=1503px
  image_10_registered.JPG: raw=2136px, scale=1.771x, normalized=1206px
  image_11_registered.JPG: raw=1083px, scale=1.771x, normalized=612px
Tray 5: image_04_registered.JPG [distance] normalized distance=212px, label=0px²

Tray 6 candidate distances:
  image_02_registered.JPG: raw=1800px, scale=1.762x, normalized=1022px
  image_03_registered.JPG: raw=838px, scale=1.768x, normalized=474px
  image_04_registered.JPG: raw=2866px, scale=1.755x, normalized=1633px
  image_05_registered.JPG: raw=2429px, scale=1.752x, normalized=1386px
  image_06_registered.JPG: raw=2423px, scale=1.738x, normalized=1395px
  image_07_registered.JPG: raw=1433px, scale=1.757x, normalized=815px
  image_08_registered.JPG: raw=546px, scale=1.757x, normalized=311px
  image_09_registered.JPG: raw=472px, scale=1.766x, normalized=267px
  image_10_registered.JPG: raw=1592px, scale=1.771x, normalized=899px
  image_11_registered.JPG: raw=2225px, scale=1.771x, normalized=1257px
Tray 6: image_09_registered.JPG [distance] normalized distance=267px, label=0px²

Tray 7 candidate distances:
  image_02_registered.JPG: raw=2354px, scale=1.762x, normalized=1336px
  image_03_registered.JPG: raw=1694px, scale=1.768x, normalized=958px
  image_04_registered.JPG: raw=3619px, scale=1.755x, normalized=2062px
  image_05_registered.JPG: raw=2971px, scale=1.752x, normalized=1696px
  image_06_registered.JPG: raw=2547px, scale=1.738x, normalized=1466px
  image_07_registered.JPG: raw=1362px, scale=1.757x, normalized=775px
  image_08_registered.JPG: raw=504px, scale=1.757x, normalized=287px
  image_09_registered.JPG: raw=1414px, scale=1.766x, normalized=801px
  image_10_registered.JPG: raw=2521px, scale=1.771x, normalized=1424px
  image_11_registered.JPG: raw=3125px, scale=1.771x, normalized=1765px
Tray 7: image_08_registered.JPG [distance] normalized distance=287px, label=0px²

Tray 8 candidate distances:
  image_02_registered.JPG: raw=1599px, scale=1.762x, normalized=908px
  image_03_registered.JPG: raw=1507px, scale=1.768x, normalized=852px
  image_04_registered.JPG: raw=2891px, scale=1.755x, normalized=1648px
  image_05_registered.JPG: raw=1954px, scale=1.752x, normalized=1115px
  image_06_registered.JPG: raw=1349px, scale=1.738x, normalized=777px
  image_07_registered.JPG: raw=153px, scale=1.757x, normalized=87px
  image_08_registered.JPG: raw=1037px, scale=1.757x, normalized=590px
  image_09_registered.JPG: raw=1654px, scale=1.766x, normalized=937px
  image_10_registered.JPG: raw=2637px, scale=1.771x, normalized=1489px
  image_11_registered.JPG: raw=2869px, scale=1.771x, normalized=1620px
Tray 8: image_07_registered.JPG [distance] normalized distance=87px, label=0px²

Tray 9 candidate distances:
  image_02_registered.JPG: raw=616px, scale=1.762x, normalized=350px
  image_03_registered.JPG: raw=923px, scale=1.768x, normalized=522px
  image_04_registered.JPG: raw=1853px, scale=1.755x, normalized=1056px
  image_05_registered.JPG: raw=1007px, scale=1.752x, normalized=575px
  image_06_registered.JPG: raw=1139px, scale=1.738x, normalized=656px
  image_07_registered.JPG: raw=921px, scale=1.757x, normalized=524px
  image_08_registered.JPG: raw=1478px, scale=1.757x, normalized=841px
  image_09_registered.JPG: raw=1400px, scale=1.766x, normalized=793px
  image_10_registered.JPG: raw=2023px, scale=1.771x, normalized=1143px
  image_11_registered.JPG: raw=1938px, scale=1.771x, normalized=1095px
Tray 9: image_02_registered.JPG [distance] normalized distance=350px, label=0px²

Tray 10 candidate distances:
  image_02_registered.JPG: raw=870px, scale=1.762x, normalized=494px
  image_03_registered.JPG: raw=1792px, scale=1.768x, normalized=1014px
  image_04_registered.JPG: raw=1830px, scale=1.755x, normalized=1043px
  image_05_registered.JPG: raw=684px, scale=1.752x, normalized=391px
  image_06_registered.JPG: raw=455px, scale=1.738x, normalized=262px
  image_07_registered.JPG: raw=1304px, scale=1.757x, normalized=742px
  image_08_registered.JPG: raw=2216px, scale=1.757x, normalized=1261px
  image_09_registered.JPG: raw=2255px, scale=1.766x, normalized=1277px
  image_10_registered.JPG: raw=2752px, scale=1.771x, normalized=1554px
  image_11_registered.JPG: raw=2427px, scale=1.771x, normalized=1370px
Tray 10: image_06_registered.JPG [distance] normalized distance=262px, label=28226px²

Tray 11 candidate distances:
  image_02_registered.JPG: raw=438px, scale=1.762x, normalized=249px
  image_03_registered.JPG: raw=1304px, scale=1.768x, normalized=737px
  image_04_registered.JPG: raw=815px, scale=1.755x, normalized=465px
  image_05_registered.JPG: raw=709px, scale=1.752x, normalized=405px
  image_06_registered.JPG: raw=1709px, scale=1.738x, normalized=983px
  image_07_registered.JPG: raw=1975px, scale=1.757x, normalized=1124px
  image_08_registered.JPG: raw=2324px, scale=1.757x, normalized=1323px
  image_09_registered.JPG: raw=1829px, scale=1.766x, normalized=1036px
  image_10_registered.JPG: raw=1809px, scale=1.771x, normalized=1021px
  image_11_registered.JPG: raw=1170px, scale=1.771x, normalized=661px
Tray 11: image_02_registered.JPG [distance] normalized distance=249px, label=31767px²

Tray 12 candidate distances:
  image_02_registered.JPG: raw=734px, scale=1.762x, normalized=417px
  image_03_registered.JPG: raw=1413px, scale=1.768x, normalized=799px
  image_04_registered.JPG: raw=1899px, scale=1.755x, normalized=1082px
  image_05_registered.JPG: raw=830px, scale=1.752x, normalized=473px
  image_06_registered.JPG: raw=666px, scale=1.738x, normalized=383px
  image_07_registered.JPG: raw=967px, scale=1.757x, normalized=550px
  image_08_registered.JPG: raw=1814px, scale=1.757x, normalized=1033px
  image_09_registered.JPG: raw=1868px, scale=1.766x, normalized=1058px
  image_10_registered.JPG: raw=2460px, scale=1.771x, normalized=1389px
  image_11_registered.JPG: raw=2262px, scale=1.771x, normalized=1277px
Tray 12: image_06_registered.JPG [distance] normalized distance=383px, label=0px²

Tray 13 candidate distances:
  image_02_registered.JPG: raw=2064px, scale=1.762x, normalized=1171px
  image_03_registered.JPG: raw=1529px, scale=1.768x, normalized=865px
  image_04_registered.JPG: raw=3346px, scale=1.755x, normalized=1907px
  image_05_registered.JPG: raw=2604px, scale=1.752x, normalized=1486px
  image_06_registered.JPG: raw=2146px, scale=1.738x, normalized=1235px
  image_07_registered.JPG: raw=944px, scale=1.757x, normalized=537px
  image_08_registered.JPG: raw=438px, scale=1.757x, normalized=249px
  image_09_registered.JPG: raw=1388px, scale=1.766x, normalized=786px
  image_10_registered.JPG: raw=2498px, scale=1.771x, normalized=1411px
  image_11_registered.JPG: raw=2993px, scale=1.771x, normalized=1691px
Tray 13: image_08_registered.JPG [distance] normalized distance=249px, label=25566px²

Tray 14 candidate distances:
  image_02_registered.JPG: raw=797px, scale=1.762x, normalized=453px
  image_03_registered.JPG: raw=1911px, scale=1.768x, normalized=1081px
  image_04_registered.JPG: raw=639px, scale=1.755x, normalized=364px
  image_05_registered.JPG: raw=542px, scale=1.752x, normalized=309px
  image_06_registered.JPG: raw=1635px, scale=1.738x, normalized=941px
  image_07_registered.JPG: raw=2268px, scale=1.757x, normalized=1291px
  image_08_registered.JPG: raw=2806px, scale=1.757x, normalized=1597px
  image_09_registered.JPG: raw=2433px, scale=1.766x, normalized=1378px
  image_10_registered.JPG: raw=2391px, scale=1.771x, normalized=1350px
  image_11_registered.JPG: raw=1616px, scale=1.771x, normalized=913px
Tray 14: image_05_registered.JPG [distance] normalized distance=309px, label=32515px²

Tray 15 candidate distances:
  image_02_registered.JPG: raw=2402px, scale=1.762x, normalized=1364px
  image_03_registered.JPG: raw=1692px, scale=1.768x, normalized=957px
  image_04_registered.JPG: raw=2603px, scale=1.755x, normalized=1483px
  image_05_registered.JPG: raw=2997px, scale=1.752x, normalized=1710px
  image_06_registered.JPG: raw=3567px, scale=1.738x, normalized=2053px
  image_07_registered.JPG: raw=3139px, scale=1.757x, normalized=1786px
  image_08_registered.JPG: raw=2431px, scale=1.757x, normalized=1384px
  image_09_registered.JPG: raw=1512px, scale=1.766x, normalized=856px
  image_10_registered.JPG: raw=503px, scale=1.771x, normalized=284px
  image_11_registered.JPG: raw=1349px, scale=1.771x, normalized=762px
Tray 15: image_10_registered.JPG [distance] normalized distance=284px, label=0px²

Tray 16 candidate distances:
  image_02_registered.JPG: raw=541px, scale=1.762x, normalized=307px
  image_03_registered.JPG: raw=1662px, scale=1.768x, normalized=940px
  image_04_registered.JPG: raw=1345px, scale=1.755x, normalized=766px
  image_05_registered.JPG: raw=196px, scale=1.752x, normalized=112px
  image_06_registered.JPG: raw=937px, scale=1.738x, normalized=539px
  image_07_registered.JPG: raw=1605px, scale=1.757x, normalized=913px
  image_08_registered.JPG: raw=2338px, scale=1.757x, normalized=1331px
  image_09_registered.JPG: raw=2178px, scale=1.766x, normalized=1234px
  image_10_registered.JPG: raw=2485px, scale=1.771x, normalized=1404px
  image_11_registered.JPG: raw=2006px, scale=1.771x, normalized=1133px
Tray 16: image_05_registered.JPG [distance] normalized distance=112px, label=26662px²

Tray 17 candidate distances:
  image_02_registered.JPG: raw=2001px, scale=1.762x, normalized=1136px
  image_03_registered.JPG: raw=1007px, scale=1.768x, normalized=570px
  image_04_registered.JPG: raw=2671px, scale=1.755x, normalized=1522px
  image_05_registered.JPG: raw=2659px, scale=1.752x, normalized=1518px
  image_06_registered.JPG: raw=3000px, scale=1.738x, normalized=1727px
  image_07_registered.JPG: raw=2295px, scale=1.757x, normalized=1306px
  image_08_registered.JPG: raw=1513px, scale=1.757x, normalized=861px
  image_09_registered.JPG: raw=593px, scale=1.766x, normalized=336px
  image_10_registered.JPG: raw=746px, scale=1.771x, normalized=421px
  image_11_registered.JPG: raw=1665px, scale=1.771x, normalized=940px
Tray 17: image_09_registered.JPG [distance] normalized distance=336px, label=22583px²

Tray 18 candidate distances:
  image_02_registered.JPG: raw=274px, scale=1.762x, normalized=155px
  image_03_registered.JPG: raw=1242px, scale=1.768x, normalized=702px
  image_04_registered.JPG: raw=1439px, scale=1.755x, normalized=820px
  image_05_registered.JPG: raw=504px, scale=1.752x, normalized=287px
  image_06_registered.JPG: raw=1051px, scale=1.738x, normalized=605px
  image_07_registered.JPG: raw=1340px, scale=1.757x, normalized=763px
  image_08_registered.JPG: raw=1962px, scale=1.757x, normalized=1116px
  image_09_registered.JPG: raw=1768px, scale=1.766x, normalized=1001px
  image_10_registered.JPG: raw=2156px, scale=1.771x, normalized=1217px
  image_11_registered.JPG: raw=1810px, scale=1.771x, normalized=1022px
Tray 18: image_02_registered.JPG [distance] normalized distance=155px, label=29894px²

Tray 19 candidate distances:
  image_02_registered.JPG: raw=1889px, scale=1.762x, normalized=1072px
  image_03_registered.JPG: raw=2700px, scale=1.768x, normalized=1527px
  image_04_registered.JPG: raw=686px, scale=1.755x, normalized=391px
  image_05_registered.JPG: raw=1775px, scale=1.752x, normalized=1013px
  image_06_registered.JPG: raw=2826px, scale=1.738x, normalized=1627px
  image_07_registered.JPG: raw=3416px, scale=1.757x, normalized=1944px
  image_08_registered.JPG: raw=3679px, scale=1.757x, normalized=2094px
  image_09_registered.JPG: raw=3145px, scale=1.766x, normalized=1781px
  image_10_registered.JPG: raw=2586px, scale=1.771x, normalized=1461px
  image_11_registered.JPG: raw=1532px, scale=1.771x, normalized=865px
Tray 19: image_04_registered.JPG [distance] normalized distance=391px, label=29647px²

Tray 20 candidate distances:
  image_02_registered.JPG: raw=1676px, scale=1.762x, normalized=952px
  image_03_registered.JPG: raw=1868px, scale=1.768x, normalized=1056px
  image_04_registered.JPG: raw=1114px, scale=1.755x, normalized=635px
  image_05_registered.JPG: raw=1962px, scale=1.752x, normalized=1120px
  image_06_registered.JPG: raw=2935px, scale=1.738x, normalized=1689px
  image_07_registered.JPG: raw=3061px, scale=1.757x, normalized=1742px
  image_08_registered.JPG: raw=2964px, scale=1.757x, normalized=1687px
  image_09_registered.JPG: raw=2177px, scale=1.766x, normalized=1233px
  image_10_registered.JPG: raw=1381px, scale=1.771x, normalized=780px
  image_11_registered.JPG: raw=330px, scale=1.771x, normalized=186px
Tray 20: image_11_registered.JPG [distance] normalized distance=186px, label=28804px²

Tray 21 candidate distances:
  image_02_registered.JPG: raw=773px, scale=1.762x, normalized=439px
  image_03_registered.JPG: raw=1066px, scale=1.768x, normalized=603px
  image_04_registered.JPG: raw=1024px, scale=1.755x, normalized=583px
  image_05_registered.JPG: raw=1200px, scale=1.752x, normalized=685px
  image_06_registered.JPG: raw=2090px, scale=1.738x, normalized=1203px
  image_07_registered.JPG: raw=2110px, scale=1.757x, normalized=1201px
  image_08_registered.JPG: raw=2206px, scale=1.757x, normalized=1255px
  image_09_registered.JPG: raw=1527px, scale=1.766x, normalized=865px
  image_10_registered.JPG: raw=1327px, scale=1.771x, normalized=749px
  image_11_registered.JPG: raw=752px, scale=1.771x, normalized=425px
Tray 21: image_11_registered.JPG [distance] normalized distance=425px, label=27931px²

Tray 22 candidate distances:
  image_02_registered.JPG: raw=1685px, scale=1.762x, normalized=957px
  image_03_registered.JPG: raw=1880px, scale=1.768x, normalized=1063px
  image_04_registered.JPG: raw=2949px, scale=1.755x, normalized=1680px
  image_05_registered.JPG: raw=1904px, scale=1.752x, normalized=1087px
  image_06_registered.JPG: raw=1047px, scale=1.738x, normalized=603px
  image_07_registered.JPG: raw=457px, scale=1.757x, normalized=260px
  image_08_registered.JPG: raw=1514px, scale=1.757x, normalized=862px
  image_09_registered.JPG: raw=2079px, scale=1.766x, normalized=1178px
  image_10_registered.JPG: raw=2996px, scale=1.771x, normalized=1692px
  image_11_registered.JPG: raw=3126px, scale=1.771x, normalized=1766px
Tray 22: image_07_registered.JPG [distance] normalized distance=260px, label=0px²

Tray 23 candidate distances:
  image_02_registered.JPG: raw=1250px, scale=1.762x, normalized=709px
  image_03_registered.JPG: raw=1458px, scale=1.768x, normalized=824px
  image_04_registered.JPG: raw=2504px, scale=1.755x, normalized=1427px
  image_05_registered.JPG: raw=1491px, scale=1.752x, normalized=851px
  image_06_registered.JPG: raw=904px, scale=1.738x, normalized=520px
  image_07_registered.JPG: raw=337px, scale=1.757x, normalized=192px
  image_08_registered.JPG: raw=1381px, scale=1.757x, normalized=786px
  image_09_registered.JPG: raw=1756px, scale=1.766x, normalized=995px
  image_10_registered.JPG: raw=2600px, scale=1.771x, normalized=1468px
  image_11_registered.JPG: raw=2657px, scale=1.771x, normalized=1500px
Tray 23: image_07_registered.JPG [distance] normalized distance=192px, label=28345px²

Tray 24 candidate distances:
  image_02_registered.JPG: raw=1199px, scale=1.762x, normalized=681px
  image_03_registered.JPG: raw=1446px, scale=1.768x, normalized=817px
  image_04_registered.JPG: raw=936px, scale=1.755x, normalized=534px
  image_05_registered.JPG: raw=1537px, scale=1.752x, normalized=877px
  image_06_registered.JPG: raw=2495px, scale=1.738x, normalized=1436px
  image_07_registered.JPG: raw=2579px, scale=1.757x, normalized=1468px
  image_08_registered.JPG: raw=2579px, scale=1.757x, normalized=1468px
  image_09_registered.JPG: raw=1825px, scale=1.766x, normalized=1033px
  image_10_registered.JPG: raw=1288px, scale=1.771x, normalized=727px
  image_11_registered.JPG: raw=353px, scale=1.771x, normalized=199px
Tray 24: image_11_registered.JPG [distance] normalized distance=199px, label=26779px²

Tray 25 candidate distances:
  image_02_registered.JPG: raw=1381px, scale=1.762x, normalized=784px
  image_03_registered.JPG: raw=1266px, scale=1.768x, normalized=716px
  image_04_registered.JPG: raw=1356px, scale=1.755x, normalized=773px
  image_05_registered.JPG: raw=1825px, scale=1.752x, normalized=1042px
  image_06_registered.JPG: raw=2673px, scale=1.738x, normalized=1538px
  image_07_registered.JPG: raw=2572px, scale=1.757x, normalized=1463px
  image_08_registered.JPG: raw=2394px, scale=1.757x, normalized=1363px
  image_09_registered.JPG: raw=1541px, scale=1.766x, normalized=873px
  image_10_registered.JPG: raw=870px, scale=1.771x, normalized=491px
  image_11_registered.JPG: raw=293px, scale=1.771x, normalized=166px
Tray 25: image_11_registered.JPG [distance] normalized distance=166px, label=0px²

Tray 26 candidate distances:
  image_02_registered.JPG: raw=1808px, scale=1.762x, normalized=1026px
  image_03_registered.JPG: raw=1742px, scale=1.768x, normalized=985px
  image_04_registered.JPG: raw=1473px, scale=1.755x, normalized=839px
  image_05_registered.JPG: raw=2189px, scale=1.752x, normalized=1250px
  image_06_registered.JPG: raw=3081px, scale=1.738x, normalized=1773px
  image_07_registered.JPG: raw=3061px, scale=1.757x, normalized=1742px
  image_08_registered.JPG: raw=2817px, scale=1.757x, normalized=1603px
  image_09_registered.JPG: raw=1961px, scale=1.766x, normalized=1111px
  image_10_registered.JPG: raw=1031px, scale=1.771x, normalized=582px
  image_11_registered.JPG: raw=288px, scale=1.771x, normalized=163px
Tray 26: image_11_registered.JPG [distance] normalized distance=163px, label=24022px²

Tray 27 candidate distances:
  image_02_registered.JPG: raw=886px, scale=1.762x, normalized=503px
  image_03_registered.JPG: raw=594px, scale=1.768x, normalized=336px
  image_04_registered.JPG: raw=1506px, scale=1.755x, normalized=858px
  image_05_registered.JPG: raw=1438px, scale=1.752x, normalized=821px
  image_06_registered.JPG: raw=2106px, scale=1.738x, normalized=1212px
  image_07_registered.JPG: raw=1844px, scale=1.757x, normalized=1049px
  image_08_registered.JPG: raw=1776px, scale=1.757x, normalized=1011px
  image_09_registered.JPG: raw=1038px, scale=1.766x, normalized=588px
  image_10_registered.JPG: raw=1065px, scale=1.771x, normalized=601px
  image_11_registered.JPG: raw=977px, scale=1.771x, normalized=552px
Tray 27: image_03_registered.JPG [distance] normalized distance=336px, label=32248px²

Tray 28 candidate distances:
  image_02_registered.JPG: raw=1815px, scale=1.762x, normalized=1031px
  image_03_registered.JPG: raw=1454px, scale=1.768x, normalized=822px
  image_04_registered.JPG: raw=1797px, scale=1.755x, normalized=1024px
  image_05_registered.JPG: raw=2303px, scale=1.752x, normalized=1314px
  image_06_registered.JPG: raw=3074px, scale=1.738x, normalized=1769px
  image_07_registered.JPG: raw=2865px, scale=1.757x, normalized=1630px
  image_08_registered.JPG: raw=2484px, scale=1.757x, normalized=1414px
  image_09_registered.JPG: raw=1561px, scale=1.766x, normalized=884px
  image_10_registered.JPG: raw=551px, scale=1.771x, normalized=311px
  image_11_registered.JPG: raw=565px, scale=1.771x, normalized=319px
Tray 28: image_10_registered.JPG [distance] normalized distance=311px, label=25504px²

Tray 29 candidate distances:
  image_02_registered.JPG: raw=1165px, scale=1.762x, normalized=661px
  image_03_registered.JPG: raw=1736px, scale=1.768x, normalized=982px
  image_04_registered.JPG: raw=513px, scale=1.755x, normalized=292px
  image_05_registered.JPG: raw=1341px, scale=1.752x, normalized=766px
  image_06_registered.JPG: raw=2390px, scale=1.738x, normalized=1375px
  image_07_registered.JPG: raw=2674px, scale=1.757x, normalized=1521px
  image_08_registered.JPG: raw=2829px, scale=1.757x, normalized=1610px
  image_09_registered.JPG: raw=2173px, scale=1.766x, normalized=1231px
  image_10_registered.JPG: raw=1714px, scale=1.771x, normalized=968px
  image_11_registered.JPG: raw=716px, scale=1.771x, normalized=405px
Tray 29: image_04_registered.JPG [distance] normalized distance=292px, label=25760px²

Tray 30 candidate distances:
  image_02_registered.JPG: raw=1052px, scale=1.762x, normalized=597px
  image_03_registered.JPG: raw=835px, scale=1.768x, normalized=472px
  image_04_registered.JPG: raw=2288px, scale=1.755x, normalized=1304px
  image_05_registered.JPG: raw=1496px, scale=1.752x, normalized=854px
  image_06_registered.JPG: raw=1381px, scale=1.738x, normalized=795px
  image_07_registered.JPG: raw=619px, scale=1.757x, normalized=352px
  image_08_registered.JPG: raw=1013px, scale=1.757x, normalized=577px
  image_09_registered.JPG: raw=1157px, scale=1.766x, normalized=655px
  image_10_registered.JPG: raw=2017px, scale=1.771x, normalized=1139px
  image_11_registered.JPG: raw=2172px, scale=1.771x, normalized=1227px
Tray 30: image_07_registered.JPG [distance] normalized distance=352px, label=31028px²

Tray 31 candidate distances:
  image_02_registered.JPG: raw=411px, scale=1.762x, normalized=233px
  image_03_registered.JPG: raw=811px, scale=1.768x, normalized=459px
  image_04_registered.JPG: raw=1288px, scale=1.755x, normalized=734px
  image_05_registered.JPG: raw=950px, scale=1.752x, normalized=543px
  image_06_registered.JPG: raw=1672px, scale=1.738x, normalized=962px
  image_07_registered.JPG: raw=1624px, scale=1.757x, normalized=924px
  image_08_registered.JPG: raw=1860px, scale=1.757x, normalized=1059px
  image_09_registered.JPG: raw=1354px, scale=1.766x, normalized=767px
  image_10_registered.JPG: raw=1543px, scale=1.771x, normalized=871px
  image_11_registered.JPG: raw=1228px, scale=1.771x, normalized=693px
Tray 31: image_02_registered.JPG [distance] normalized distance=233px, label=26520px²

Tray 32 candidate distances:
  image_02_registered.JPG: raw=1975px, scale=1.762x, normalized=1121px
  image_03_registered.JPG: raw=1688px, scale=1.768x, normalized=955px
  image_04_registered.JPG: raw=3289px, scale=1.755x, normalized=1874px
  image_05_registered.JPG: raw=2419px, scale=1.752x, normalized=1381px
  image_06_registered.JPG: raw=1802px, scale=1.738x, normalized=1037px
  image_07_registered.JPG: raw=626px, scale=1.757x, normalized=356px
  image_08_registered.JPG: raw=839px, scale=1.757x, normalized=477px
  image_09_registered.JPG: raw=1676px, scale=1.766x, normalized=949px
  image_10_registered.JPG: raw=2746px, scale=1.771x, normalized=1551px
  image_11_registered.JPG: raw=3123px, scale=1.771x, normalized=1764px
Tray 32: image_07_registered.JPG [distance] normalized distance=356px, label=0px²

Tray 33 candidate distances:
  image_02_registered.JPG: raw=802px, scale=1.762x, normalized=455px
  image_03_registered.JPG: raw=437px, scale=1.768x, normalized=247px
  image_04_registered.JPG: raw=1918px, scale=1.755x, normalized=1093px
  image_05_registered.JPG: raw=1343px, scale=1.752x, normalized=766px
  image_06_registered.JPG: raw=1612px, scale=1.738x, normalized=928px
  image_07_registered.JPG: raw=1115px, scale=1.757x, normalized=634px
  image_08_registered.JPG: raw=1245px, scale=1.757x, normalized=709px
  image_09_registered.JPG: raw=940px, scale=1.766x, normalized=533px
  image_10_registered.JPG: raw=1597px, scale=1.771x, normalized=902px
  image_11_registered.JPG: raw=1686px, scale=1.771x, normalized=952px
Tray 33: image_03_registered.JPG [distance] normalized distance=247px, label=27961px²

Tray 34 candidate distances:
  image_02_registered.JPG: raw=1661px, scale=1.762x, normalized=943px
  image_03_registered.JPG: raw=2108px, scale=1.768x, normalized=1192px
  image_04_registered.JPG: raw=799px, scale=1.755x, normalized=455px
  image_05_registered.JPG: raw=1818px, scale=1.752x, normalized=1037px
  image_06_registered.JPG: raw=2855px, scale=1.738x, normalized=1643px
  image_07_registered.JPG: raw=3146px, scale=1.757x, normalized=1790px
  image_08_registered.JPG: raw=3186px, scale=1.757x, normalized=1813px
  image_09_registered.JPG: raw=2484px, scale=1.766x, normalized=1407px
  image_10_registered.JPG: raw=1786px, scale=1.771x, normalized=1009px
  image_11_registered.JPG: raw=707px, scale=1.771x, normalized=399px
Tray 34: image_11_registered.JPG [distance] normalized distance=399px, label=28206px²

Tray 35 candidate distances:
  image_02_registered.JPG: raw=1203px, scale=1.762x, normalized=683px
  image_03_registered.JPG: raw=246px, scale=1.768x, normalized=139px
  image_04_registered.JPG: raw=2004px, scale=1.755x, normalized=1142px
  image_05_registered.JPG: raw=1804px, scale=1.752x, normalized=1030px
  image_06_registered.JPG: raw=2237px, scale=1.738x, normalized=1288px
  image_07_registered.JPG: raw=1684px, scale=1.757x, normalized=958px
  image_08_registered.JPG: raw=1363px, scale=1.757x, normalized=776px
  image_09_registered.JPG: raw=537px, scale=1.766x, normalized=304px
  image_10_registered.JPG: raw=977px, scale=1.771x, normalized=552px
  image_11_registered.JPG: raw=1344px, scale=1.771x, normalized=759px
Tray 35: image_03_registered.JPG [distance] normalized distance=139px, label=24797px²

Tray 36 candidate distances:
  image_02_registered.JPG: raw=1649px, scale=1.762x, normalized=936px
  image_03_registered.JPG: raw=1221px, scale=1.768x, normalized=691px
  image_04_registered.JPG: raw=2918px, scale=1.755x, normalized=1663px
  image_05_registered.JPG: raw=2127px, scale=1.752x, normalized=1214px
  image_06_registered.JPG: raw=1740px, scale=1.738x, normalized=1001px
  image_07_registered.JPG: raw=554px, scale=1.757x, normalized=315px
  image_08_registered.JPG: raw=559px, scale=1.757x, normalized=318px
  image_09_registered.JPG: raw=1254px, scale=1.766x, normalized=711px
  image_10_registered.JPG: raw=2311px, scale=1.771x, normalized=1305px
  image_11_registered.JPG: raw=2679px, scale=1.771x, normalized=1513px
Tray 36: image_07_registered.JPG [distance] normalized distance=315px, label=24586px²

Tray 37 candidate distances:
  image_02_registered.JPG: raw=1361px, scale=1.762x, normalized=773px
  image_03_registered.JPG: raw=723px, scale=1.768x, normalized=409px
  image_04_registered.JPG: raw=1836px, scale=1.755x, normalized=1046px
  image_05_registered.JPG: raw=1934px, scale=1.752x, normalized=1104px
  image_06_registered.JPG: raw=2549px, scale=1.738x, normalized=1467px
  image_07_registered.JPG: raw=2152px, scale=1.757x, normalized=1225px
  image_08_registered.JPG: raw=1808px, scale=1.757x, normalized=1029px
  image_09_registered.JPG: raw=882px, scale=1.766x, normalized=499px
  image_10_registered.JPG: raw=588px, scale=1.771x, normalized=332px
  image_11_registered.JPG: raw=936px, scale=1.771x, normalized=529px
Tray 37: image_10_registered.JPG [distance] normalized distance=332px, label=23795px²

Tray 38 candidate distances:
  image_02_registered.JPG: raw=1715px, scale=1.762x, normalized=973px
  image_03_registered.JPG: raw=869px, scale=1.768x, normalized=491px
  image_04_registered.JPG: raw=2235px, scale=1.755x, normalized=1274px
  image_05_registered.JPG: raw=2326px, scale=1.752x, normalized=1327px
  image_06_registered.JPG: raw=2831px, scale=1.738x, normalized=1630px
  image_07_registered.JPG: raw=2295px, scale=1.757x, normalized=1306px
  image_08_registered.JPG: raw=1730px, scale=1.757x, normalized=985px
  image_09_registered.JPG: raw=740px, scale=1.766x, normalized=419px
  image_10_registered.JPG: raw=404px, scale=1.771x, normalized=228px
  image_11_registered.JPG: raw=1223px, scale=1.771x, normalized=690px
Tray 38: image_10_registered.JPG [distance] normalized distance=228px, label=21132px²

Saved best_views.json for drawer_018

==================================================
Processing drawer_019
==================================================
Loaded 31 trays
Found 10 registered images

Best view for each tray:

Tray 1 candidate distances:
  image_02_registered.JPG: raw=1459px, scale=1.734x, normalized=841px
  image_03_registered.JPG: raw=1899px, scale=1.764x, normalized=1077px
  image_04_registered.JPG: raw=2517px, scale=1.747x, normalized=1441px
  image_05_registered.JPG: raw=1657px, scale=1.760x, normalized=942px
  image_06_registered.JPG: raw=476px, scale=1.740x, normalized=274px
  image_07_registered.JPG: raw=941px, scale=1.756x, normalized=536px
  image_08_registered.JPG: raw=1940px, scale=1.764x, normalized=1099px
  image_09_registered.JPG: raw=2314px, scale=1.764x, normalized=1312px
  image_10_registered.JPG: raw=3150px, scale=1.760x, normalized=1790px
  image_11_registered.JPG: raw=3075px, scale=1.750x, normalized=1757px
Tray 1: image_06_registered.JPG [distance] normalized distance=274px, label=0px²

Tray 2 candidate distances:
  image_02_registered.JPG: raw=2020px, scale=1.734x, normalized=1165px
  image_03_registered.JPG: raw=1425px, scale=1.764x, normalized=808px
  image_04_registered.JPG: raw=3207px, scale=1.747x, normalized=1836px
  image_05_registered.JPG: raw=2505px, scale=1.760x, normalized=1424px
  image_06_registered.JPG: raw=1963px, scale=1.740x, normalized=1128px
  image_07_registered.JPG: raw=980px, scale=1.756x, normalized=558px
  image_08_registered.JPG: raw=386px, scale=1.764x, normalized=219px
  image_09_registered.JPG: raw=1452px, scale=1.764x, normalized=823px
  image_10_registered.JPG: raw=2597px, scale=1.760x, normalized=1476px
  image_11_registered.JPG: raw=2991px, scale=1.750x, normalized=1709px
Tray 2: image_08_registered.JPG [distance] normalized distance=219px, label=0px²

Tray 3 candidate distances:
  image_02_registered.JPG: raw=1488px, scale=1.734x, normalized=858px
  image_03_registered.JPG: raw=547px, scale=1.764x, normalized=310px
  image_04_registered.JPG: raw=2548px, scale=1.747x, normalized=1459px
  image_05_registered.JPG: raw=2066px, scale=1.760x, normalized=1174px
  image_06_registered.JPG: raw=2012px, scale=1.740x, normalized=1156px
  image_07_registered.JPG: raw=1004px, scale=1.756x, normalized=572px
  image_08_registered.JPG: raw=738px, scale=1.764x, normalized=419px
  image_09_registered.JPG: raw=562px, scale=1.764x, normalized=319px
  image_10_registered.JPG: raw=1679px, scale=1.760x, normalized=954px
  image_11_registered.JPG: raw=2079px, scale=1.750x, normalized=1188px
Tray 3: image_03_registered.JPG [distance] normalized distance=310px, label=0px²

Tray 4 candidate distances:
  image_02_registered.JPG: raw=472px, scale=1.734x, normalized=272px
  image_03_registered.JPG: raw=1047px, scale=1.764x, normalized=593px
  image_04_registered.JPG: raw=1722px, scale=1.747x, normalized=986px
  image_05_registered.JPG: raw=1013px, scale=1.760x, normalized=575px
  image_06_registered.JPG: raw=905px, scale=1.740x, normalized=520px
  image_07_registered.JPG: raw=648px, scale=1.756x, normalized=369px
  image_08_registered.JPG: raw=1659px, scale=1.764x, normalized=940px
  image_09_registered.JPG: raw=1542px, scale=1.764x, normalized=874px
  image_10_registered.JPG: raw=2206px, scale=1.760x, normalized=1253px
  image_11_registered.JPG: raw=2026px, scale=1.750x, normalized=1158px
Tray 4: image_02_registered.JPG [distance] normalized distance=272px, label=0px²

Tray 5 candidate distances:
  image_02_registered.JPG: raw=535px, scale=1.734x, normalized=308px
  image_03_registered.JPG: raw=1219px, scale=1.764x, normalized=691px
  image_04_registered.JPG: raw=828px, scale=1.747x, normalized=474px
  image_05_registered.JPG: raw=618px, scale=1.760x, normalized=351px
  image_06_registered.JPG: raw=1634px, scale=1.740x, normalized=939px
  image_07_registered.JPG: raw=1608px, scale=1.756x, normalized=916px
  image_08_registered.JPG: raw=2374px, scale=1.764x, normalized=1345px
  image_09_registered.JPG: raw=1721px, scale=1.764x, normalized=975px
  image_10_registered.JPG: raw=1813px, scale=1.760x, normalized=1030px
  image_11_registered.JPG: raw=1217px, scale=1.750x, normalized=696px
Tray 5: image_02_registered.JPG [distance] normalized distance=308px, label=0px²

Tray 6 candidate distances:
  image_02_registered.JPG: raw=1337px, scale=1.734x, normalized=771px
  image_03_registered.JPG: raw=476px, scale=1.764x, normalized=270px
  image_04_registered.JPG: raw=1934px, scale=1.747x, normalized=1107px
  image_05_registered.JPG: raw=1802px, scale=1.760x, normalized=1024px
  image_06_registered.JPG: raw=2330px, scale=1.740x, normalized=1339px
  image_07_registered.JPG: raw=1648px, scale=1.756x, normalized=938px
  image_08_registered.JPG: raw=1731px, scale=1.764x, normalized=981px
  image_09_registered.JPG: raw=639px, scale=1.764x, normalized=362px
  image_10_registered.JPG: raw=842px, scale=1.760x, normalized=479px
  image_11_registered.JPG: raw=1118px, scale=1.750x, normalized=639px
Tray 6: image_03_registered.JPG [distance] normalized distance=270px, label=0px²

Tray 7 candidate distances:
  image_02_registered.JPG: raw=2122px, scale=1.734x, normalized=1224px
  image_03_registered.JPG: raw=991px, scale=1.764x, normalized=562px
  image_04_registered.JPG: raw=2723px, scale=1.747x, normalized=1558px
  image_05_registered.JPG: raw=2586px, scale=1.760x, normalized=1470px
  image_06_registered.JPG: raw=2960px, scale=1.740x, normalized=1701px
  image_07_registered.JPG: raw=2100px, scale=1.756x, normalized=1196px
  image_08_registered.JPG: raw=1681px, scale=1.764x, normalized=953px
  image_09_registered.JPG: raw=566px, scale=1.764x, normalized=321px
  image_10_registered.JPG: raw=810px, scale=1.760x, normalized=460px
  image_11_registered.JPG: raw=1650px, scale=1.750x, normalized=943px
Tray 7: image_09_registered.JPG [distance] normalized distance=321px, label=23672px²

Tray 8 candidate distances:
  image_02_registered.JPG: raw=982px, scale=1.734x, normalized=566px
  image_03_registered.JPG: raw=1952px, scale=1.764x, normalized=1107px
  image_04_registered.JPG: raw=1521px, scale=1.747x, normalized=871px
  image_05_registered.JPG: raw=727px, scale=1.760x, normalized=413px
  image_06_registered.JPG: raw=698px, scale=1.740x, normalized=401px
  image_07_registered.JPG: raw=1525px, scale=1.756x, normalized=869px
  image_08_registered.JPG: raw=2630px, scale=1.764x, normalized=1490px
  image_09_registered.JPG: raw=2484px, scale=1.764x, normalized=1408px
  image_10_registered.JPG: raw=2928px, scale=1.760x, normalized=1664px
  image_11_registered.JPG: raw=2483px, scale=1.750x, normalized=1419px
Tray 8: image_06_registered.JPG [distance] normalized distance=401px, label=0px²

Tray 9 candidate distances:
  image_02_registered.JPG: raw=1730px, scale=1.734x, normalized=998px
  image_03_registered.JPG: raw=673px, scale=1.764x, normalized=381px
  image_04_registered.JPG: raw=2328px, scale=1.747x, normalized=1333px
  image_05_registered.JPG: raw=2200px, scale=1.760x, normalized=1250px
  image_06_registered.JPG: raw=2643px, scale=1.740x, normalized=1519px
  image_07_registered.JPG: raw=1854px, scale=1.756x, normalized=1056px
  image_08_registered.JPG: raw=1668px, scale=1.764x, normalized=945px
  image_09_registered.JPG: raw=458px, scale=1.764x, normalized=259px
  image_10_registered.JPG: raw=709px, scale=1.760x, normalized=403px
  image_11_registered.JPG: raw=1349px, scale=1.750x, normalized=771px
Tray 9: image_09_registered.JPG [distance] normalized distance=259px, label=0px²

Tray 10 candidate distances:
  image_02_registered.JPG: raw=479px, scale=1.734x, normalized=276px
  image_03_registered.JPG: raw=779px, scale=1.764x, normalized=441px
  image_04_registered.JPG: raw=1284px, scale=1.747x, normalized=735px
  image_05_registered.JPG: raw=958px, scale=1.760x, normalized=544px
  image_06_registered.JPG: raw=1609px, scale=1.740x, normalized=924px
  image_07_registered.JPG: raw=1283px, scale=1.756x, normalized=731px
  image_08_registered.JPG: raw=1935px, scale=1.764x, normalized=1097px
  image_09_registered.JPG: raw=1288px, scale=1.764x, normalized=730px
  image_10_registered.JPG: raw=1580px, scale=1.760x, normalized=898px
  image_11_registered.JPG: raw=1257px, scale=1.750x, normalized=718px
Tray 10: image_02_registered.JPG [distance] normalized distance=276px, label=0px²

Tray 11 candidate distances:
  image_02_registered.JPG: raw=717px, scale=1.734x, normalized=413px
  image_03_registered.JPG: raw=1602px, scale=1.764x, normalized=908px
  image_04_registered.JPG: raw=575px, scale=1.747x, normalized=329px
  image_05_registered.JPG: raw=307px, scale=1.760x, normalized=175px
  image_06_registered.JPG: raw=1569px, scale=1.740x, normalized=902px
  image_07_registered.JPG: raw=1817px, scale=1.756x, normalized=1035px
  image_08_registered.JPG: raw=2696px, scale=1.764x, normalized=1528px
  image_09_registered.JPG: raw=2119px, scale=1.764x, normalized=1201px
  image_10_registered.JPG: raw=2184px, scale=1.760x, normalized=1241px
  image_11_registered.JPG: raw=1491px, scale=1.750x, normalized=852px
Tray 11: image_05_registered.JPG [distance] normalized distance=175px, label=26109px²

Tray 12 candidate distances:
  image_02_registered.JPG: raw=1567px, scale=1.734x, normalized=903px
  image_03_registered.JPG: raw=1601px, scale=1.764x, normalized=908px
  image_04_registered.JPG: raw=1107px, scale=1.747x, normalized=634px
  image_05_registered.JPG: raw=1577px, scale=1.760x, normalized=896px
  image_06_registered.JPG: raw=2663px, scale=1.740x, normalized=1530px
  image_07_registered.JPG: raw=2488px, scale=1.756x, normalized=1417px
  image_08_registered.JPG: raw=2913px, scale=1.764x, normalized=1651px
  image_09_registered.JPG: raw=1899px, scale=1.764x, normalized=1077px
  image_10_registered.JPG: raw=1296px, scale=1.760x, normalized=736px
  image_11_registered.JPG: raw=296px, scale=1.750x, normalized=169px
Tray 12: image_11_registered.JPG [distance] normalized distance=169px, label=0px²

Tray 13 candidate distances:
  image_02_registered.JPG: raw=853px, scale=1.734x, normalized=492px
  image_03_registered.JPG: raw=404px, scale=1.764x, normalized=229px
  image_04_registered.JPG: raw=1645px, scale=1.747x, normalized=941px
  image_05_registered.JPG: raw=1373px, scale=1.760x, normalized=780px
  image_06_registered.JPG: raw=1870px, scale=1.740x, normalized=1074px
  image_07_registered.JPG: raw=1286px, scale=1.756x, normalized=733px
  image_08_registered.JPG: raw=1674px, scale=1.764x, normalized=949px
  image_09_registered.JPG: raw=881px, scale=1.764x, normalized=500px
  image_10_registered.JPG: raw=1279px, scale=1.760x, normalized=727px
  image_11_registered.JPG: raw=1235px, scale=1.750x, normalized=706px
Tray 13: image_03_registered.JPG [distance] normalized distance=229px, label=0px²

Tray 14 candidate distances:
  image_02_registered.JPG: raw=1266px, scale=1.734x, normalized=730px
  image_03_registered.JPG: raw=1636px, scale=1.764x, normalized=927px
  image_04_registered.JPG: raw=626px, scale=1.747x, normalized=358px
  image_05_registered.JPG: raw=1132px, scale=1.760x, normalized=643px
  image_06_registered.JPG: raw=2316px, scale=1.740x, normalized=1331px
  image_07_registered.JPG: raw=2307px, scale=1.756x, normalized=1314px
  image_08_registered.JPG: raw=2919px, scale=1.764x, normalized=1654px
  image_09_registered.JPG: raw=2041px, scale=1.764x, normalized=1157px
  image_10_registered.JPG: raw=1680px, scale=1.760x, normalized=955px
  image_11_registered.JPG: raw=760px, scale=1.750x, normalized=434px
Tray 14: image_04_registered.JPG [distance] normalized distance=358px, label=0px²

Tray 15 candidate distances:
  image_02_registered.JPG: raw=1018px, scale=1.734x, normalized=587px
  image_03_registered.JPG: raw=1965px, scale=1.764x, normalized=1114px
  image_04_registered.JPG: raw=598px, scale=1.747x, normalized=342px
  image_05_registered.JPG: raw=367px, scale=1.760x, normalized=209px
  image_06_registered.JPG: raw=1583px, scale=1.740x, normalized=910px
  image_07_registered.JPG: raw=2059px, scale=1.756x, normalized=1172px
  image_08_registered.JPG: raw=3011px, scale=1.764x, normalized=1706px
  image_09_registered.JPG: raw=2493px, scale=1.764x, normalized=1414px
  image_10_registered.JPG: raw=2552px, scale=1.760x, normalized=1450px
  image_11_registered.JPG: raw=1824px, scale=1.750x, normalized=1043px
Tray 15: image_05_registered.JPG [distance] normalized distance=209px, label=27511px²

Tray 16 candidate distances:
  image_02_registered.JPG: raw=820px, scale=1.734x, normalized=473px
  image_03_registered.JPG: raw=1661px, scale=1.764x, normalized=941px
  image_04_registered.JPG: raw=1747px, scale=1.747x, normalized=1000px
  image_05_registered.JPG: raw=910px, scale=1.760x, normalized=517px
  image_06_registered.JPG: raw=376px, scale=1.740x, normalized=216px
  image_07_registered.JPG: raw=1064px, scale=1.756x, normalized=606px
  image_08_registered.JPG: raw=2182px, scale=1.764x, normalized=1237px
  image_09_registered.JPG: raw=2167px, scale=1.764x, normalized=1228px
  image_10_registered.JPG: raw=2762px, scale=1.760x, normalized=1570px
  image_11_registered.JPG: raw=2457px, scale=1.750x, normalized=1404px
Tray 16: image_06_registered.JPG [distance] normalized distance=216px, label=27674px²

Tray 17 candidate distances:
  image_02_registered.JPG: raw=1500px, scale=1.734x, normalized=865px
  image_03_registered.JPG: raw=1220px, scale=1.764x, normalized=692px
  image_04_registered.JPG: raw=1450px, scale=1.747x, normalized=830px
  image_05_registered.JPG: raw=1700px, scale=1.760x, normalized=966px
  image_06_registered.JPG: raw=2616px, scale=1.740x, normalized=1503px
  image_07_registered.JPG: raw=2243px, scale=1.756x, normalized=1277px
  image_08_registered.JPG: raw=2527px, scale=1.764x, normalized=1432px
  image_09_registered.JPG: raw=1447px, scale=1.764x, normalized=820px
  image_10_registered.JPG: raw=866px, scale=1.760x, normalized=492px
  image_11_registered.JPG: raw=300px, scale=1.750x, normalized=171px
Tray 17: image_11_registered.JPG [distance] normalized distance=171px, label=0px²

Tray 18 candidate distances:
  image_02_registered.JPG: raw=2551px, scale=1.734x, normalized=1471px
  image_03_registered.JPG: raw=1683px, scale=1.764x, normalized=954px
  image_04_registered.JPG: raw=2688px, scale=1.747x, normalized=1538px
  image_05_registered.JPG: raw=2869px, scale=1.760x, normalized=1630px
  image_06_registered.JPG: raw=3532px, scale=1.740x, normalized=2029px
  image_07_registered.JPG: raw=2877px, scale=1.756x, normalized=1638px
  image_08_registered.JPG: raw=2622px, scale=1.764x, normalized=1486px
  image_09_registered.JPG: raw=1460px, scale=1.764x, normalized=828px
  image_10_registered.JPG: raw=432px, scale=1.760x, normalized=246px
  image_11_registered.JPG: raw=1297px, scale=1.750x, normalized=741px
Tray 18: image_10_registered.JPG [distance] normalized distance=246px, label=23877px²

Tray 19 candidate distances:
  image_02_registered.JPG: raw=881px, scale=1.734x, normalized=508px
  image_03_registered.JPG: raw=1021px, scale=1.764x, normalized=579px
  image_04_registered.JPG: raw=1072px, scale=1.747x, normalized=613px
  image_05_registered.JPG: raw=1101px, scale=1.760x, normalized=626px
  image_06_registered.JPG: raw=2025px, scale=1.740x, normalized=1163px
  image_07_registered.JPG: raw=1766px, scale=1.756x, normalized=1006px
  image_08_registered.JPG: raw=2305px, scale=1.764x, normalized=1306px
  image_09_registered.JPG: raw=1442px, scale=1.764x, normalized=818px
  image_10_registered.JPG: raw=1350px, scale=1.760x, normalized=767px
  image_11_registered.JPG: raw=795px, scale=1.750x, normalized=454px
Tray 19: image_11_registered.JPG [distance] normalized distance=454px, label=22747px²

Tray 20 candidate distances:
  image_02_registered.JPG: raw=2061px, scale=1.734x, normalized=1188px
  image_03_registered.JPG: raw=1269px, scale=1.764x, normalized=719px
  image_04_registered.JPG: raw=2250px, scale=1.747x, normalized=1288px
  image_05_registered.JPG: raw=2391px, scale=1.760x, normalized=1359px
  image_06_registered.JPG: raw=3086px, scale=1.740x, normalized=1773px
  image_07_registered.JPG: raw=2465px, scale=1.756x, normalized=1404px
  image_08_registered.JPG: raw=2367px, scale=1.764x, normalized=1342px
  image_09_registered.JPG: raw=1167px, scale=1.764x, normalized=662px
  image_10_registered.JPG: raw=65px, scale=1.760x, normalized=37px
  image_11_registered.JPG: raw=942px, scale=1.750x, normalized=539px
Tray 20: image_10_registered.JPG [distance] normalized distance=37px, label=0px²

Tray 21 candidate distances:
  image_02_registered.JPG: raw=1124px, scale=1.734x, normalized=648px
  image_03_registered.JPG: raw=787px, scale=1.764x, normalized=446px
  image_04_registered.JPG: raw=1468px, scale=1.747x, normalized=840px
  image_05_registered.JPG: raw=1469px, scale=1.760x, normalized=835px
  image_06_registered.JPG: raw=2234px, scale=1.740x, normalized=1283px
  image_07_registered.JPG: raw=1774px, scale=1.756x, normalized=1010px
  image_08_registered.JPG: raw=2105px, scale=1.764x, normalized=1193px
  image_09_registered.JPG: raw=1109px, scale=1.764x, normalized=629px
  image_10_registered.JPG: raw=986px, scale=1.760x, normalized=561px
  image_11_registered.JPG: raw=751px, scale=1.750x, normalized=429px
Tray 21: image_03_registered.JPG [label override] normalized distance=446px, label=30382px²

Tray 22 candidate distances:
  image_02_registered.JPG: raw=502px, scale=1.734x, normalized=290px
  image_03_registered.JPG: raw=1537px, scale=1.764x, normalized=871px
  image_04_registered.JPG: raw=1271px, scale=1.747x, normalized=728px
  image_05_registered.JPG: raw=454px, scale=1.760x, normalized=258px
  image_06_registered.JPG: raw=861px, scale=1.740x, normalized=495px
  image_07_registered.JPG: raw=1283px, scale=1.756x, normalized=731px
  image_08_registered.JPG: raw=2329px, scale=1.764x, normalized=1320px
  image_09_registered.JPG: raw=2070px, scale=1.764x, normalized=1174px
  image_10_registered.JPG: raw=2483px, scale=1.760x, normalized=1411px
  image_11_registered.JPG: raw=2037px, scale=1.750x, normalized=1164px
Tray 22: image_05_registered.JPG [distance] normalized distance=258px, label=23528px²

Tray 23 candidate distances:
  image_02_registered.JPG: raw=1929px, scale=1.734x, normalized=1112px
  image_03_registered.JPG: raw=1691px, scale=1.764x, normalized=959px
  image_04_registered.JPG: raw=1576px, scale=1.747x, normalized=902px
  image_05_registered.JPG: raw=2023px, scale=1.760x, normalized=1150px
  image_06_registered.JPG: raw=3023px, scale=1.740x, normalized=1737px
  image_07_registered.JPG: raw=2726px, scale=1.756x, normalized=1552px
  image_08_registered.JPG: raw=2972px, scale=1.764x, normalized=1685px
  image_09_registered.JPG: raw=1862px, scale=1.764x, normalized=1056px
  image_10_registered.JPG: raw=992px, scale=1.760x, normalized=564px
  image_11_registered.JPG: raw=232px, scale=1.750x, normalized=132px
Tray 23: image_11_registered.JPG [distance] normalized distance=132px, label=28445px²

Tray 24 candidate distances:
  image_02_registered.JPG: raw=2396px, scale=1.734x, normalized=1382px
  image_03_registered.JPG: raw=1734px, scale=1.764x, normalized=983px
  image_04_registered.JPG: raw=2337px, scale=1.747x, normalized=1338px
  image_05_registered.JPG: raw=2640px, scale=1.760x, normalized=1500px
  image_06_registered.JPG: raw=3438px, scale=1.740x, normalized=1975px
  image_07_registered.JPG: raw=2913px, scale=1.756x, normalized=1659px
  image_08_registered.JPG: raw=2837px, scale=1.764x, normalized=1608px
  image_09_registered.JPG: raw=1657px, scale=1.764x, normalized=939px
  image_10_registered.JPG: raw=487px, scale=1.760x, normalized=277px
  image_11_registered.JPG: raw=918px, scale=1.750x, normalized=525px
Tray 24: image_10_registered.JPG [distance] normalized distance=277px, label=23829px²

Tray 25 candidate distances:
  image_02_registered.JPG: raw=1567px, scale=1.734x, normalized=903px
  image_03_registered.JPG: raw=2076px, scale=1.764x, normalized=1177px
  image_04_registered.JPG: raw=455px, scale=1.747x, normalized=260px
  image_05_registered.JPG: raw=1238px, scale=1.760x, normalized=703px
  image_06_registered.JPG: raw=2491px, scale=1.740x, normalized=1431px
  image_07_registered.JPG: raw=2661px, scale=1.756x, normalized=1515px
  image_08_registered.JPG: raw=3340px, scale=1.764x, normalized=1893px
  image_09_registered.JPG: raw=2499px, scale=1.764x, normalized=1417px
  image_10_registered.JPG: raw=2082px, scale=1.760x, normalized=1183px
  image_11_registered.JPG: raw=1117px, scale=1.750x, normalized=638px
Tray 25: image_04_registered.JPG [distance] normalized distance=260px, label=28033px²

Tray 26 candidate distances:
  image_02_registered.JPG: raw=2136px, scale=1.734x, normalized=1232px
  image_03_registered.JPG: raw=1667px, scale=1.764x, normalized=945px
  image_04_registered.JPG: raw=1951px, scale=1.747x, normalized=1117px
  image_05_registered.JPG: raw=2318px, scale=1.760x, normalized=1317px
  image_06_registered.JPG: raw=3214px, scale=1.740x, normalized=1847px
  image_07_registered.JPG: raw=2793px, scale=1.756x, normalized=1591px
  image_08_registered.JPG: raw=2881px, scale=1.764x, normalized=1633px
  image_09_registered.JPG: raw=1718px, scale=1.764x, normalized=974px
  image_10_registered.JPG: raw=672px, scale=1.760x, normalized=382px
  image_11_registered.JPG: raw=541px, scale=1.750x, normalized=309px
Tray 26: image_11_registered.JPG [distance] normalized distance=309px, label=24262px²

Tray 27 candidate distances:
  image_02_registered.JPG: raw=1756px, scale=1.734x, normalized=1013px
  image_03_registered.JPG: raw=1185px, scale=1.764x, normalized=672px
  image_04_registered.JPG: raw=1846px, scale=1.747x, normalized=1057px
  image_05_registered.JPG: raw=2036px, scale=1.760x, normalized=1157px
  image_06_registered.JPG: raw=2837px, scale=1.740x, normalized=1630px
  image_07_registered.JPG: raw=2327px, scale=1.756x, normalized=1325px
  image_08_registered.JPG: raw=2423px, scale=1.764x, normalized=1373px
  image_09_registered.JPG: raw=1260px, scale=1.764x, normalized=715px
  image_10_registered.JPG: raw=472px, scale=1.760x, normalized=268px
  image_11_registered.JPG: raw=573px, scale=1.750x, normalized=328px
Tray 27: image_10_registered.JPG [distance] normalized distance=268px, label=27540px²

Tray 28 candidate distances:
  image_02_registered.JPG: raw=1747px, scale=1.734x, normalized=1007px
  image_03_registered.JPG: raw=2004px, scale=1.764x, normalized=1136px
  image_04_registered.JPG: raw=888px, scale=1.747x, normalized=508px
  image_05_registered.JPG: raw=1575px, scale=1.760x, normalized=895px
  image_06_registered.JPG: raw=2767px, scale=1.740x, normalized=1590px
  image_07_registered.JPG: raw=2774px, scale=1.756x, normalized=1580px
  image_08_registered.JPG: raw=3304px, scale=1.764x, normalized=1872px
  image_09_registered.JPG: raw=2348px, scale=1.764x, normalized=1331px
  image_10_registered.JPG: raw=1744px, scale=1.760x, normalized=991px
  image_11_registered.JPG: raw=743px, scale=1.750x, normalized=425px
Tray 28: image_11_registered.JPG [distance] normalized distance=425px, label=31265px²

Tray 29 candidate distances:
  image_02_registered.JPG: raw=1937px, scale=1.734x, normalized=1117px
  image_03_registered.JPG: raw=2529px, scale=1.764x, normalized=1434px
  image_04_registered.JPG: raw=689px, scale=1.747x, normalized=394px
  image_05_registered.JPG: raw=1494px, scale=1.760x, normalized=849px
  image_06_registered.JPG: raw=2728px, scale=1.740x, normalized=1568px
  image_07_registered.JPG: raw=3051px, scale=1.756x, normalized=1737px
  image_08_registered.JPG: raw=3776px, scale=1.764x, normalized=2140px
  image_09_registered.JPG: raw=2967px, scale=1.764x, normalized=1682px
  image_10_registered.JPG: raw=2513px, scale=1.760x, normalized=1428px
  image_11_registered.JPG: raw=1558px, scale=1.750x, normalized=890px
Tray 29: image_04_registered.JPG [distance] normalized distance=394px, label=25698px²

Tray 30 candidate distances:
  image_02_registered.JPG: raw=1519px, scale=1.734x, normalized=876px
  image_03_registered.JPG: raw=2241px, scale=1.764x, normalized=1271px
  image_04_registered.JPG: raw=274px, scale=1.747x, normalized=157px
  image_05_registered.JPG: raw=1013px, scale=1.760x, normalized=575px
  image_06_registered.JPG: raw=2269px, scale=1.740x, normalized=1304px
  image_07_registered.JPG: raw=2628px, scale=1.756x, normalized=1497px
  image_08_registered.JPG: raw=3440px, scale=1.764x, normalized=1950px
  image_09_registered.JPG: raw=2720px, scale=1.764x, normalized=1542px
  image_10_registered.JPG: raw=2460px, scale=1.760x, normalized=1398px
  image_11_registered.JPG: raw=1556px, scale=1.750x, normalized=889px
Tray 30: image_04_registered.JPG [distance] normalized distance=157px, label=26581px²

Tray 31 candidate distances:
  image_02_registered.JPG: raw=1565px, scale=1.734x, normalized=903px
  image_03_registered.JPG: raw=2075px, scale=1.764x, normalized=1177px
  image_04_registered.JPG: raw=453px, scale=1.747x, normalized=259px
  image_05_registered.JPG: raw=1236px, scale=1.760x, normalized=702px
  image_06_registered.JPG: raw=2489px, scale=1.740x, normalized=1430px
  image_07_registered.JPG: raw=2660px, scale=1.756x, normalized=1515px
  image_08_registered.JPG: raw=3340px, scale=1.764x, normalized=1893px
  image_09_registered.JPG: raw=2498px, scale=1.764x, normalized=1416px
  image_10_registered.JPG: raw=2082px, scale=1.760x, normalized=1183px
  image_11_registered.JPG: raw=1117px, scale=1.750x, normalized=639px
Tray 31: image_04_registered.JPG [distance] normalized distance=259px, label=28033px²

Saved best_views.json for drawer_019

==================================================
Processing drawer_020
==================================================
Loaded 46 trays
Found 10 registered images

Best view for each tray:

Tray 1 candidate distances:
  image_02_registered.JPG: raw=507px, scale=1.550x, normalized=327px
  image_03_registered.JPG: raw=1875px, scale=1.520x, normalized=1234px
  image_04_registered.JPG: raw=1720px, scale=1.537x, normalized=1119px
  image_05_registered.JPG: raw=483px, scale=1.556x, normalized=310px
  image_06_registered.JPG: raw=662px, scale=1.571x, normalized=421px
  image_07_registered.JPG: raw=1384px, scale=1.581x, normalized=875px
  image_08_registered.JPG: raw=2301px, scale=1.585x, normalized=1451px
  image_09_registered.JPG: raw=2263px, scale=1.526x, normalized=1483px
  image_10_registered.JPG: raw=2673px, scale=1.516x, normalized=1763px
  image_11_registered.JPG: raw=2277px, scale=1.516x, normalized=1502px
Tray 1: image_05_registered.JPG [distance] normalized distance=310px, label=0px²

Tray 2 candidate distances:
  image_02_registered.JPG: raw=496px, scale=1.550x, normalized=320px
  image_03_registered.JPG: raw=1840px, scale=1.520x, normalized=1211px
  image_04_registered.JPG: raw=992px, scale=1.537x, normalized=645px
  image_05_registered.JPG: raw=254px, scale=1.556x, normalized=163px
  image_06_registered.JPG: raw=1412px, scale=1.571x, normalized=899px
  image_07_registered.JPG: raw=2008px, scale=1.581x, normalized=1270px
  image_08_registered.JPG: raw=2606px, scale=1.585x, normalized=1644px
  image_09_registered.JPG: raw=2214px, scale=1.526x, normalized=1451px
  image_10_registered.JPG: raw=2304px, scale=1.516x, normalized=1519px
  image_11_registered.JPG: raw=1686px, scale=1.516x, normalized=1112px
Tray 2: image_05_registered.JPG [distance] normalized distance=163px, label=0px²

Tray 3 candidate distances:
  image_02_registered.JPG: raw=1492px, scale=1.550x, normalized=963px
  image_03_registered.JPG: raw=2512px, scale=1.520x, normalized=1652px
  image_04_registered.JPG: raw=2643px, scale=1.537x, normalized=1719px
  image_05_registered.JPG: raw=1393px, scale=1.556x, normalized=896px
  image_06_registered.JPG: raw=376px, scale=1.571x, normalized=239px
  image_07_registered.JPG: raw=1187px, scale=1.581x, normalized=751px
  image_08_registered.JPG: raw=2425px, scale=1.585x, normalized=1530px
  image_09_registered.JPG: raw=2819px, scale=1.526x, normalized=1848px
  image_10_registered.JPG: raw=3472px, scale=1.516x, normalized=2290px
  image_11_registered.JPG: raw=3209px, scale=1.516x, normalized=2116px
Tray 3: image_06_registered.JPG [distance] normalized distance=239px, label=26750px²

Tray 4 candidate distances:
  image_02_registered.JPG: raw=653px, scale=1.550x, normalized=422px
  image_03_registered.JPG: raw=1041px, scale=1.520x, normalized=685px
  image_04_registered.JPG: raw=1996px, scale=1.537x, normalized=1299px
  image_05_registered.JPG: raw=1001px, scale=1.556x, normalized=643px
  image_06_registered.JPG: raw=1197px, scale=1.571x, normalized=762px
  image_07_registered.JPG: raw=976px, scale=1.581x, normalized=617px
  image_08_registered.JPG: raw=1528px, scale=1.585x, normalized=964px
  image_09_registered.JPG: raw=1459px, scale=1.526x, normalized=956px
  image_10_registered.JPG: raw=2061px, scale=1.516x, normalized=1359px
  image_11_registered.JPG: raw=1985px, scale=1.516x, normalized=1309px
Tray 4: image_02_registered.JPG [distance] normalized distance=422px, label=0px²

Tray 5 candidate distances:
  image_02_registered.JPG: raw=1435px, scale=1.550x, normalized=926px
  image_03_registered.JPG: raw=444px, scale=1.520x, normalized=292px
  image_04_registered.JPG: raw=2524px, scale=1.537x, normalized=1642px
  image_05_registered.JPG: raw=1719px, scale=1.556x, normalized=1105px
  image_06_registered.JPG: raw=1966px, scale=1.571x, normalized=1252px
  image_07_registered.JPG: raw=1238px, scale=1.581x, normalized=783px
  image_08_registered.JPG: raw=883px, scale=1.585x, normalized=557px
  image_09_registered.JPG: raw=728px, scale=1.526x, normalized=477px
  image_10_registered.JPG: raw=1657px, scale=1.516x, normalized=1093px
  image_11_registered.JPG: raw=2026px, scale=1.516x, normalized=1336px
Tray 5: image_03_registered.JPG [distance] normalized distance=292px, label=27652px²

Tray 6 candidate distances:
  image_02_registered.JPG: raw=387px, scale=1.550x, normalized=250px
  image_03_registered.JPG: raw=1419px, scale=1.520x, normalized=934px
  image_04_registered.JPG: raw=1149px, scale=1.537x, normalized=747px
  image_05_registered.JPG: raw=551px, scale=1.556x, normalized=354px
  image_06_registered.JPG: raw=1517px, scale=1.571x, normalized=966px
  image_07_registered.JPG: raw=1833px, scale=1.581x, normalized=1159px
  image_08_registered.JPG: raw=2285px, scale=1.585x, normalized=1441px
  image_09_registered.JPG: raw=1805px, scale=1.526x, normalized=1183px
  image_10_registered.JPG: raw=1925px, scale=1.516x, normalized=1269px
  image_11_registered.JPG: raw=1429px, scale=1.516x, normalized=942px
Tray 6: image_02_registered.JPG [distance] normalized distance=250px, label=0px²

Tray 7 candidate distances:
  image_02_registered.JPG: raw=957px, scale=1.550x, normalized=618px
  image_03_registered.JPG: raw=915px, scale=1.520x, normalized=602px
  image_04_registered.JPG: raw=1454px, scale=1.537x, normalized=946px
  image_05_registered.JPG: raw=1205px, scale=1.556x, normalized=775px
  image_06_registered.JPG: raw=2034px, scale=1.571x, normalized=1295px
  image_07_registered.JPG: raw=1984px, scale=1.581x, normalized=1255px
  image_08_registered.JPG: raw=2032px, scale=1.585x, normalized=1282px
  image_09_registered.JPG: raw=1243px, scale=1.526x, normalized=815px
  image_10_registered.JPG: raw=1249px, scale=1.516x, normalized=824px
  image_11_registered.JPG: raw=981px, scale=1.516x, normalized=647px
Tray 7: image_03_registered.JPG [distance] normalized distance=602px, label=22479px²

Tray 8 candidate distances:
  image_02_registered.JPG: raw=1946px, scale=1.550x, normalized=1256px
  image_03_registered.JPG: raw=1461px, scale=1.520x, normalized=961px
  image_04_registered.JPG: raw=3207px, scale=1.537x, normalized=2086px
  image_05_registered.JPG: raw=2074px, scale=1.556x, normalized=1333px
  image_06_registered.JPG: raw=1881px, scale=1.571x, normalized=1198px
  image_07_registered.JPG: raw=778px, scale=1.581x, normalized=492px
  image_08_registered.JPG: raw=556px, scale=1.585x, normalized=351px
  image_09_registered.JPG: raw=1586px, scale=1.526x, normalized=1040px
  image_10_registered.JPG: raw=2620px, scale=1.516x, normalized=1728px
  image_11_registered.JPG: raw=2980px, scale=1.516x, normalized=1965px
Tray 8: image_08_registered.JPG [distance] normalized distance=351px, label=29029px²

Tray 9 candidate distances:
  image_02_registered.JPG: raw=1027px, scale=1.550x, normalized=663px
  image_03_registered.JPG: raw=681px, scale=1.520x, normalized=448px
  image_04_registered.JPG: raw=2239px, scale=1.537x, normalized=1457px
  image_05_registered.JPG: raw=1353px, scale=1.556x, normalized=870px
  image_06_registered.JPG: raw=1564px, scale=1.571x, normalized=995px
  image_07_registered.JPG: raw=1015px, scale=1.581x, normalized=642px
  image_08_registered.JPG: raw=1176px, scale=1.585x, normalized=742px
  image_09_registered.JPG: raw=1083px, scale=1.526x, normalized=710px
  image_10_registered.JPG: raw=1832px, scale=1.516x, normalized=1208px
  image_11_registered.JPG: raw=1967px, scale=1.516x, normalized=1297px
Tray 9: image_03_registered.JPG [distance] normalized distance=448px, label=28396px²

Tray 10 candidate distances:
  image_02_registered.JPG: raw=2259px, scale=1.550x, normalized=1457px
  image_03_registered.JPG: raw=1506px, scale=1.520x, normalized=991px
  image_04_registered.JPG: raw=3445px, scale=1.537x, normalized=2241px
  image_05_registered.JPG: raw=2352px, scale=1.556x, normalized=1512px
  image_06_registered.JPG: raw=2288px, scale=1.571x, normalized=1457px
  image_07_registered.JPG: raw=1206px, scale=1.581x, normalized=763px
  image_08_registered.JPG: raw=283px, scale=1.585x, normalized=178px
  image_09_registered.JPG: raw=1508px, scale=1.526x, normalized=988px
  image_10_registered.JPG: raw=2582px, scale=1.516x, normalized=1703px
  image_11_registered.JPG: raw=3085px, scale=1.516x, normalized=2034px
Tray 10: image_08_registered.JPG [distance] normalized distance=178px, label=25733px²

Tray 11 candidate distances:
  image_02_registered.JPG: raw=1003px, scale=1.550x, normalized=647px
  image_03_registered.JPG: raw=2368px, scale=1.520x, normalized=1558px
  image_04_registered.JPG: raw=1969px, scale=1.537x, normalized=1281px
  image_05_registered.JPG: raw=806px, scale=1.556x, normalized=518px
  image_06_registered.JPG: raw=491px, scale=1.571x, normalized=312px
  image_07_registered.JPG: raw=1586px, scale=1.581x, normalized=1003px
  image_08_registered.JPG: raw=2645px, scale=1.585x, normalized=1669px
  image_09_registered.JPG: raw=2723px, scale=1.526x, normalized=1785px
  image_10_registered.JPG: raw=3153px, scale=1.516x, normalized=2080px
  image_11_registered.JPG: raw=2707px, scale=1.516x, normalized=1785px
Tray 11: image_06_registered.JPG [distance] normalized distance=312px, label=0px²

Tray 12 candidate distances:
  image_02_registered.JPG: raw=966px, scale=1.550x, normalized=623px
  image_03_registered.JPG: raw=2305px, scale=1.520x, normalized=1517px
  image_04_registered.JPG: raw=780px, scale=1.537x, normalized=507px
  image_05_registered.JPG: raw=584px, scale=1.556x, normalized=375px
  image_06_registered.JPG: raw=1662px, scale=1.571x, normalized=1058px
  image_07_registered.JPG: raw=2445px, scale=1.581x, normalized=1547px
  image_08_registered.JPG: raw=3054px, scale=1.585x, normalized=1926px
  image_09_registered.JPG: raw=2650px, scale=1.526x, normalized=1737px
  image_10_registered.JPG: raw=2626px, scale=1.516x, normalized=1732px
  image_11_registered.JPG: raw=1864px, scale=1.516x, normalized=1229px
Tray 12: image_05_registered.JPG [distance] normalized distance=375px, label=29980px²

Tray 13 candidate distances:
  image_02_registered.JPG: raw=1364px, scale=1.550x, normalized=880px
  image_03_registered.JPG: raw=1913px, scale=1.520x, normalized=1259px
  image_04_registered.JPG: raw=593px, scale=1.537x, normalized=386px
  image_05_registered.JPG: raw=1321px, scale=1.556x, normalized=849px
  image_06_registered.JPG: raw=2451px, scale=1.571x, normalized=1561px
  image_07_registered.JPG: raw=2829px, scale=1.581x, normalized=1789px
  image_08_registered.JPG: raw=2964px, scale=1.585x, normalized=1870px
  image_09_registered.JPG: raw=2170px, scale=1.526x, normalized=1422px
  image_10_registered.JPG: raw=1737px, scale=1.516x, normalized=1146px
  image_11_registered.JPG: raw=800px, scale=1.516x, normalized=528px
Tray 13: image_04_registered.JPG [distance] normalized distance=386px, label=21494px²

Tray 14 candidate distances:
  image_02_registered.JPG: raw=1387px, scale=1.550x, normalized=895px
  image_03_registered.JPG: raw=2016px, scale=1.520x, normalized=1326px
  image_04_registered.JPG: raw=2713px, scale=1.537x, normalized=1765px
  image_05_registered.JPG: raw=1440px, scale=1.556x, normalized=925px
  image_06_registered.JPG: raw=668px, scale=1.571x, normalized=425px
  image_07_registered.JPG: raw=535px, scale=1.581x, normalized=338px
  image_08_registered.JPG: raw=1799px, scale=1.585x, normalized=1135px
  image_09_registered.JPG: raw=2322px, scale=1.526x, normalized=1522px
  image_10_registered.JPG: raw=3097px, scale=1.516x, normalized=2042px
  image_11_registered.JPG: raw=3014px, scale=1.516x, normalized=1988px
Tray 14: image_07_registered.JPG [distance] normalized distance=338px, label=28362px²

Tray 15 candidate distances:
  image_02_registered.JPG: raw=638px, scale=1.550x, normalized=412px
  image_03_registered.JPG: raw=1553px, scale=1.520x, normalized=1022px
  image_04_registered.JPG: raw=2039px, scale=1.537x, normalized=1327px
  image_05_registered.JPG: raw=845px, scale=1.556x, normalized=543px
  image_06_registered.JPG: raw=693px, scale=1.571x, normalized=441px
  image_07_registered.JPG: raw=901px, scale=1.581x, normalized=570px
  image_08_registered.JPG: raw=1837px, scale=1.585x, normalized=1159px
  image_09_registered.JPG: raw=1944px, scale=1.526x, normalized=1274px
  image_10_registered.JPG: raw=2526px, scale=1.516x, normalized=1666px
  image_11_registered.JPG: raw=2325px, scale=1.516x, normalized=1533px
Tray 15: image_02_registered.JPG [distance] normalized distance=412px, label=24694px²

Tray 16 candidate distances:
  image_02_registered.JPG: raw=1919px, scale=1.550x, normalized=1238px
  image_03_registered.JPG: raw=2055px, scale=1.520x, normalized=1352px
  image_04_registered.JPG: raw=1152px, scale=1.537x, normalized=750px
  image_05_registered.JPG: raw=1950px, scale=1.556x, normalized=1253px
  image_06_registered.JPG: raw=3028px, scale=1.571x, normalized=1928px
  image_07_registered.JPG: raw=3286px, scale=1.581x, normalized=2078px
  image_08_registered.JPG: raw=3158px, scale=1.585x, normalized=1992px
  image_09_registered.JPG: raw=2205px, scale=1.526x, normalized=1445px
  image_10_registered.JPG: raw=1466px, scale=1.516x, normalized=967px
  image_11_registered.JPG: raw=473px, scale=1.516x, normalized=312px
Tray 16: image_11_registered.JPG [distance] normalized distance=312px, label=27980px²

Tray 17 candidate distances:
  image_02_registered.JPG: raw=880px, scale=1.550x, normalized=568px
  image_03_registered.JPG: raw=1605px, scale=1.520x, normalized=1056px
  image_04_registered.JPG: raw=772px, scale=1.537x, normalized=502px
  image_05_registered.JPG: raw=888px, scale=1.556x, normalized=571px
  image_06_registered.JPG: raw=1987px, scale=1.571x, normalized=1265px
  image_07_registered.JPG: raw=2330px, scale=1.581x, normalized=1474px
  image_08_registered.JPG: raw=2607px, scale=1.585x, normalized=1644px
  image_09_registered.JPG: raw=1928px, scale=1.526x, normalized=1264px
  image_10_registered.JPG: raw=1756px, scale=1.516x, normalized=1158px
  image_11_registered.JPG: raw=1036px, scale=1.516x, normalized=683px
Tray 17: image_04_registered.JPG [distance] normalized distance=502px, label=16539px²

Tray 18 candidate distances:
  image_02_registered.JPG: raw=1848px, scale=1.550x, normalized=1193px
  image_03_registered.JPG: raw=584px, scale=1.520x, normalized=384px
  image_04_registered.JPG: raw=2844px, scale=1.537x, normalized=1850px
  image_05_registered.JPG: raw=2081px, scale=1.556x, normalized=1338px
  image_06_registered.JPG: raw=2363px, scale=1.571x, normalized=1505px
  image_07_registered.JPG: raw=1543px, scale=1.581x, normalized=976px
  image_08_registered.JPG: raw=730px, scale=1.585x, normalized=461px
  image_09_registered.JPG: raw=531px, scale=1.526x, normalized=348px
  image_10_registered.JPG: raw=1602px, scale=1.516x, normalized=1057px
  image_11_registered.JPG: raw=2186px, scale=1.516x, normalized=1441px
Tray 18: image_09_registered.JPG [distance] normalized distance=348px, label=32435px²

Tray 19 candidate distances:
  image_02_registered.JPG: raw=1857px, scale=1.550x, normalized=1198px
  image_03_registered.JPG: raw=2290px, scale=1.520x, normalized=1507px
  image_04_registered.JPG: raw=795px, scale=1.537x, normalized=517px
  image_05_registered.JPG: raw=1806px, scale=1.556x, normalized=1161px
  image_06_registered.JPG: raw=2926px, scale=1.571x, normalized=1863px
  image_07_registered.JPG: raw=3339px, scale=1.581x, normalized=2112px
  image_08_registered.JPG: raw=3344px, scale=1.585x, normalized=2110px
  image_09_registered.JPG: raw=2490px, scale=1.526x, normalized=1632px
  image_10_registered.JPG: raw=1858px, scale=1.516x, normalized=1225px
  image_11_registered.JPG: raw=843px, scale=1.516x, normalized=556px
Tray 19: image_11_registered.JPG [label override] normalized distance=556px, label=26140px²

Tray 20 candidate distances:
  image_02_registered.JPG: raw=1456px, scale=1.550x, normalized=939px
  image_03_registered.JPG: raw=1626px, scale=1.520x, normalized=1069px
  image_04_registered.JPG: raw=1031px, scale=1.537x, normalized=670px
  image_05_registered.JPG: raw=1523px, scale=1.556x, normalized=979px
  image_06_registered.JPG: raw=2580px, scale=1.571x, normalized=1642px
  image_07_registered.JPG: raw=2770px, scale=1.581x, normalized=1752px
  image_08_registered.JPG: raw=2748px, scale=1.585x, normalized=1734px
  image_09_registered.JPG: raw=1834px, scale=1.526x, normalized=1202px
  image_10_registered.JPG: raw=1311px, scale=1.516x, normalized=864px
  image_11_registered.JPG: raw=395px, scale=1.516x, normalized=261px
Tray 20: image_11_registered.JPG [distance] normalized distance=261px, label=28480px²

Tray 21 candidate distances:
  image_02_registered.JPG: raw=1393px, scale=1.550x, normalized=899px
  image_03_registered.JPG: raw=2235px, scale=1.520x, normalized=1470px
  image_04_registered.JPG: raw=163px, scale=1.537x, normalized=106px
  image_05_registered.JPG: raw=1225px, scale=1.556x, normalized=788px
  image_06_registered.JPG: raw=2383px, scale=1.571x, normalized=1517px
  image_07_registered.JPG: raw=2938px, scale=1.581x, normalized=1858px
  image_08_registered.JPG: raw=3202px, scale=1.585x, normalized=2020px
  image_09_registered.JPG: raw=2515px, scale=1.526x, normalized=1649px
  image_10_registered.JPG: raw=2151px, scale=1.516x, normalized=1419px
  image_11_registered.JPG: raw=1211px, scale=1.516x, normalized=799px
Tray 21: image_04_registered.JPG [distance] normalized distance=106px, label=24609px²

Tray 22 candidate distances:
  image_02_registered.JPG: raw=2592px, scale=1.550x, normalized=1673px
  image_03_registered.JPG: raw=1651px, scale=1.520x, normalized=1086px
  image_04_registered.JPG: raw=3699px, scale=1.537x, normalized=2407px
  image_05_registered.JPG: raw=2639px, scale=1.556x, normalized=1696px
  image_06_registered.JPG: raw=2695px, scale=1.571x, normalized=1716px
  image_07_registered.JPG: raw=1638px, scale=1.581x, normalized=1036px
  image_08_registered.JPG: raw=467px, scale=1.585x, normalized=294px
  image_09_registered.JPG: raw=1527px, scale=1.526x, normalized=1001px
  image_10_registered.JPG: raw=2594px, scale=1.516x, normalized=1711px
  image_11_registered.JPG: raw=3228px, scale=1.516x, normalized=2129px
Tray 22: image_08_registered.JPG [distance] normalized distance=294px, label=23384px²

Tray 23 candidate distances:
  image_02_registered.JPG: raw=2693px, scale=1.550x, normalized=1738px
  image_03_registered.JPG: raw=1741px, scale=1.520x, normalized=1146px
  image_04_registered.JPG: raw=2731px, scale=1.537x, normalized=1777px
  image_05_registered.JPG: raw=2856px, scale=1.556x, normalized=1836px
  image_06_registered.JPG: raw=3688px, scale=1.571x, normalized=2348px
  image_07_registered.JPG: raw=3401px, scale=1.581x, normalized=2151px
  image_08_registered.JPG: raw=2667px, scale=1.585x, normalized=1683px
  image_09_registered.JPG: raw=1519px, scale=1.526x, normalized=996px
  image_10_registered.JPG: raw=592px, scale=1.516x, normalized=390px
  image_11_registered.JPG: raw=1398px, scale=1.516x, normalized=922px
Tray 23: image_10_registered.JPG [distance] normalized distance=390px, label=22170px²

Tray 24 candidate distances:
  image_02_registered.JPG: raw=1878px, scale=1.550x, normalized=1212px
  image_03_registered.JPG: raw=2562px, scale=1.520x, normalized=1685px
  image_04_registered.JPG: raw=557px, scale=1.537x, normalized=363px
  image_05_registered.JPG: raw=1744px, scale=1.556x, normalized=1121px
  image_06_registered.JPG: raw=2870px, scale=1.571x, normalized=1827px
  image_07_registered.JPG: raw=3432px, scale=1.581x, normalized=2171px
  image_08_registered.JPG: raw=3550px, scale=1.585x, normalized=2240px
  image_09_registered.JPG: raw=2794px, scale=1.526x, normalized=1831px
  image_10_registered.JPG: raw=2248px, scale=1.516x, normalized=1482px
  image_11_registered.JPG: raw=1239px, scale=1.516x, normalized=817px
Tray 24: image_04_registered.JPG [distance] normalized distance=363px, label=26343px²

Tray 25 candidate distances:
  image_02_registered.JPG: raw=1512px, scale=1.550x, normalized=975px
  image_03_registered.JPG: raw=567px, scale=1.520x, normalized=373px
  image_04_registered.JPG: raw=2027px, scale=1.537x, normalized=1318px
  image_05_registered.JPG: raw=1770px, scale=1.556x, normalized=1138px
  image_06_registered.JPG: raw=2468px, scale=1.571x, normalized=1571px
  image_07_registered.JPG: raw=2126px, scale=1.581x, normalized=1344px
  image_08_registered.JPG: raw=1772px, scale=1.585x, normalized=1118px
  image_09_registered.JPG: raw=691px, scale=1.526x, normalized=453px
  image_10_registered.JPG: raw=745px, scale=1.516x, normalized=492px
  image_11_registered.JPG: raw=1099px, scale=1.516x, normalized=725px
Tray 25: image_03_registered.JPG [distance] normalized distance=373px, label=0px²

Tray 26 candidate distances:
  image_02_registered.JPG: raw=924px, scale=1.550x, normalized=596px
  image_03_registered.JPG: raw=1980px, scale=1.520x, normalized=1303px
  image_04_registered.JPG: raw=514px, scale=1.537x, normalized=335px
  image_05_registered.JPG: raw=732px, scale=1.556x, normalized=471px
  image_06_registered.JPG: raw=1901px, scale=1.571x, normalized=1211px
  image_07_registered.JPG: raw=2463px, scale=1.581x, normalized=1558px
  image_08_registered.JPG: raw=2881px, scale=1.585x, normalized=1818px
  image_09_registered.JPG: raw=2312px, scale=1.526x, normalized=1516px
  image_10_registered.JPG: raw=2166px, scale=1.516x, normalized=1429px
  image_11_registered.JPG: raw=1377px, scale=1.516x, normalized=908px
Tray 26: image_04_registered.JPG [distance] normalized distance=335px, label=22858px²

Tray 27 candidate distances:
  image_02_registered.JPG: raw=1928px, scale=1.550x, normalized=1244px
  image_03_registered.JPG: raw=1331px, scale=1.520x, normalized=875px
  image_04_registered.JPG: raw=1888px, scale=1.537x, normalized=1228px
  image_05_registered.JPG: raw=2103px, scale=1.556x, normalized=1351px
  image_06_registered.JPG: raw=2999px, scale=1.571x, normalized=1910px
  image_07_registered.JPG: raw=2866px, scale=1.581x, normalized=1813px
  image_08_registered.JPG: raw=2474px, scale=1.585x, normalized=1561px
  image_09_registered.JPG: raw=1337px, scale=1.526x, normalized=876px
  image_10_registered.JPG: raw=472px, scale=1.516x, normalized=311px
  image_11_registered.JPG: raw=558px, scale=1.516x, normalized=368px
Tray 27: image_10_registered.JPG [distance] normalized distance=311px, label=26911px²

Tray 28 candidate distances:
  image_02_registered.JPG: raw=2306px, scale=1.550x, normalized=1488px
  image_03_registered.JPG: raw=1064px, scale=1.520x, normalized=700px
  image_04_registered.JPG: raw=3289px, scale=1.537x, normalized=2140px
  image_05_registered.JPG: raw=2460px, scale=1.556x, normalized=1581px
  image_06_registered.JPG: raw=2713px, scale=1.571x, normalized=1728px
  image_07_registered.JPG: raw=1790px, scale=1.581x, normalized=1132px
  image_08_registered.JPG: raw=618px, scale=1.585x, normalized=390px
  image_09_registered.JPG: raw=838px, scale=1.526x, normalized=549px
  image_10_registered.JPG: raw=1882px, scale=1.516x, normalized=1241px
  image_11_registered.JPG: raw=2600px, scale=1.516x, normalized=1715px
Tray 28: image_08_registered.JPG [distance] normalized distance=390px, label=24106px²

Tray 29 candidate distances:
  image_02_registered.JPG: raw=2242px, scale=1.550x, normalized=1447px
  image_03_registered.JPG: raw=860px, scale=1.520x, normalized=566px
  image_04_registered.JPG: raw=2868px, scale=1.537x, normalized=1865px
  image_05_registered.JPG: raw=2445px, scale=1.556x, normalized=1572px
  image_06_registered.JPG: raw=3008px, scale=1.571x, normalized=1915px
  image_07_registered.JPG: raw=2378px, scale=1.581x, normalized=1504px
  image_08_registered.JPG: raw=1518px, scale=1.585x, normalized=958px
  image_09_registered.JPG: raw=419px, scale=1.526x, normalized=274px
  image_10_registered.JPG: raw=933px, scale=1.516x, normalized=616px
  image_11_registered.JPG: raw=1836px, scale=1.516x, normalized=1211px
Tray 29: image_09_registered.JPG [distance] normalized distance=274px, label=0px²

Tray 30 candidate distances:
  image_02_registered.JPG: raw=1657px, scale=1.550x, normalized=1070px
  image_03_registered.JPG: raw=1428px, scale=1.520x, normalized=940px
  image_04_registered.JPG: raw=1455px, scale=1.537x, normalized=947px
  image_05_registered.JPG: raw=1795px, scale=1.556x, normalized=1153px
  image_06_registered.JPG: raw=2769px, scale=1.571x, normalized=1763px
  image_07_registered.JPG: raw=2790px, scale=1.581x, normalized=1764px
  image_08_registered.JPG: raw=2590px, scale=1.585x, normalized=1634px
  image_09_registered.JPG: raw=1556px, scale=1.526x, normalized=1020px
  image_10_registered.JPG: raw=894px, scale=1.516x, normalized=590px
  image_11_registered.JPG: raw=203px, scale=1.516x, normalized=134px
Tray 30: image_11_registered.JPG [distance] normalized distance=134px, label=29489px²

Tray 31 candidate distances:
  image_02_registered.JPG: raw=1880px, scale=1.550x, normalized=1213px
  image_03_registered.JPG: raw=1794px, scale=1.520x, normalized=1180px
  image_04_registered.JPG: raw=3192px, scale=1.537x, normalized=2077px
  image_05_registered.JPG: raw=1961px, scale=1.556x, normalized=1261px
  image_06_registered.JPG: raw=1535px, scale=1.571x, normalized=977px
  image_07_registered.JPG: raw=448px, scale=1.581x, normalized=283px
  image_08_registered.JPG: raw=1070px, scale=1.585x, normalized=675px
  image_09_registered.JPG: raw=1983px, scale=1.526x, normalized=1300px
  image_10_registered.JPG: raw=2959px, scale=1.516x, normalized=1952px
  image_11_registered.JPG: raw=3172px, scale=1.516x, normalized=2092px
Tray 31: image_07_registered.JPG [distance] normalized distance=283px, label=21338px²

Tray 32 candidate distances:
  image_02_registered.JPG: raw=2001px, scale=1.550x, normalized=1291px
  image_03_registered.JPG: raw=906px, scale=1.520x, normalized=596px
  image_04_registered.JPG: raw=2364px, scale=1.537x, normalized=1538px
  image_05_registered.JPG: raw=2220px, scale=1.556x, normalized=1427px
  image_06_registered.JPG: raw=2945px, scale=1.571x, normalized=1875px
  image_07_registered.JPG: raw=2549px, scale=1.581x, normalized=1612px
  image_08_registered.JPG: raw=1954px, scale=1.585x, normalized=1233px
  image_09_registered.JPG: raw=736px, scale=1.526x, normalized=482px
  image_10_registered.JPG: raw=336px, scale=1.516x, normalized=222px
  image_11_registered.JPG: raw=1196px, scale=1.516x, normalized=789px
Tray 32: image_10_registered.JPG [distance] normalized distance=222px, label=26815px²

Tray 33 candidate distances:
  image_02_registered.JPG: raw=1839px, scale=1.550x, normalized=1187px
  image_03_registered.JPG: raw=489px, scale=1.520x, normalized=322px
  image_04_registered.JPG: raw=2493px, scale=1.537x, normalized=1622px
  image_05_registered.JPG: raw=2086px, scale=1.556x, normalized=1341px
  image_06_registered.JPG: raw=2658px, scale=1.571x, normalized=1693px
  image_07_registered.JPG: raw=2108px, scale=1.581x, normalized=1334px
  image_08_registered.JPG: raw=1474px, scale=1.585x, normalized=930px
  image_09_registered.JPG: raw=244px, scale=1.526x, normalized=160px
  image_10_registered.JPG: raw=843px, scale=1.516x, normalized=556px
  image_11_registered.JPG: raw=1540px, scale=1.516x, normalized=1016px
Tray 33: image_09_registered.JPG [distance] normalized distance=160px, label=34263px²

Tray 34 candidate distances:
  image_02_registered.JPG: raw=167px, scale=1.550x, normalized=108px
  image_03_registered.JPG: raw=1393px, scale=1.520x, normalized=916px
  image_04_registered.JPG: raw=1593px, scale=1.537x, normalized=1036px
  image_05_registered.JPG: raw=547px, scale=1.556x, normalized=351px
  image_06_registered.JPG: raw=1067px, scale=1.571x, normalized=680px
  image_07_registered.JPG: raw=1342px, scale=1.581x, normalized=849px
  image_08_registered.JPG: raw=2010px, scale=1.585x, normalized=1268px
  image_09_registered.JPG: raw=1805px, scale=1.526x, normalized=1183px
  image_10_registered.JPG: raw=2190px, scale=1.516x, normalized=1444px
  image_11_registered.JPG: raw=1870px, scale=1.516x, normalized=1233px
Tray 34: image_02_registered.JPG [distance] normalized distance=108px, label=25574px²

Tray 35 candidate distances:
  image_02_registered.JPG: raw=2368px, scale=1.550x, normalized=1528px
  image_03_registered.JPG: raw=1146px, scale=1.520x, normalized=754px
  image_04_registered.JPG: raw=2755px, scale=1.537x, normalized=1793px
  image_05_registered.JPG: raw=2561px, scale=1.556x, normalized=1646px
  image_06_registered.JPG: raw=3256px, scale=1.571x, normalized=2073px
  image_07_registered.JPG: raw=2771px, scale=1.581x, normalized=1753px
  image_08_registered.JPG: raw=1988px, scale=1.585x, normalized=1254px
  image_09_registered.JPG: raw=817px, scale=1.526x, normalized=535px
  image_10_registered.JPG: raw=535px, scale=1.516x, normalized=353px
  image_11_registered.JPG: raw=1559px, scale=1.516x, normalized=1028px
Tray 35: image_10_registered.JPG [distance] normalized distance=353px, label=25711px²

Tray 36 candidate distances:
  image_02_registered.JPG: raw=2069px, scale=1.550x, normalized=1335px
  image_03_registered.JPG: raw=1890px, scale=1.520x, normalized=1244px
  image_04_registered.JPG: raw=1552px, scale=1.537x, normalized=1009px
  image_05_registered.JPG: raw=2164px, scale=1.556x, normalized=1391px
  image_06_registered.JPG: raw=3183px, scale=1.571x, normalized=2026px
  image_07_registered.JPG: raw=3291px, scale=1.581x, normalized=2082px
  image_08_registered.JPG: raw=3013px, scale=1.585x, normalized=1901px
  image_09_registered.JPG: raw=1968px, scale=1.526x, normalized=1290px
  image_10_registered.JPG: raw=1099px, scale=1.516x, normalized=725px
  image_11_registered.JPG: raw=334px, scale=1.516x, normalized=220px
Tray 36: image_11_registered.JPG [distance] normalized distance=220px, label=30111px²

Tray 37 candidate distances:
  image_02_registered.JPG: raw=1704px, scale=1.550x, normalized=1100px
  image_03_registered.JPG: raw=1958px, scale=1.520x, normalized=1289px
  image_04_registered.JPG: raw=3034px, scale=1.537x, normalized=1974px
  image_05_registered.JPG: raw=1766px, scale=1.556x, normalized=1135px
  image_06_registered.JPG: raw=1156px, scale=1.571x, normalized=736px
  image_07_registered.JPG: raw=309px, scale=1.581x, normalized=195px
  image_08_registered.JPG: raw=1453px, scale=1.585x, normalized=917px
  image_09_registered.JPG: raw=2204px, scale=1.526x, normalized=1445px
  image_10_registered.JPG: raw=3101px, scale=1.516x, normalized=2045px
  image_11_registered.JPG: raw=3175px, scale=1.516x, normalized=2094px
Tray 37: image_07_registered.JPG [distance] normalized distance=195px, label=25500px²

Tray 38 candidate distances:
  image_02_registered.JPG: raw=777px, scale=1.550x, normalized=501px
  image_03_registered.JPG: raw=2262px, scale=1.520x, normalized=1488px
  image_04_registered.JPG: raw=1491px, scale=1.537x, normalized=970px
  image_05_registered.JPG: raw=430px, scale=1.556x, normalized=277px
  image_06_registered.JPG: raw=942px, scale=1.571x, normalized=600px
  image_07_registered.JPG: raw=1879px, scale=1.581x, normalized=1188px
  image_08_registered.JPG: raw=2760px, scale=1.585x, normalized=1741px
  image_09_registered.JPG: raw=2631px, scale=1.526x, normalized=1724px
  image_10_registered.JPG: raw=2894px, scale=1.516x, normalized=1908px
  image_11_registered.JPG: raw=2331px, scale=1.516x, normalized=1537px
Tray 38: image_05_registered.JPG [distance] normalized distance=277px, label=28195px²

Tray 39 candidate distances:
  image_02_registered.JPG: raw=2238px, scale=1.550x, normalized=1444px
  image_03_registered.JPG: raw=1369px, scale=1.520x, normalized=901px
  image_04_registered.JPG: raw=2309px, scale=1.537x, normalized=1502px
  image_05_registered.JPG: raw=2421px, scale=1.556x, normalized=1556px
  image_06_registered.JPG: raw=3257px, scale=1.571x, normalized=2074px
  image_07_registered.JPG: raw=3000px, scale=1.581x, normalized=1898px
  image_08_registered.JPG: raw=2423px, scale=1.585x, normalized=1528px
  image_09_registered.JPG: raw=1236px, scale=1.526x, normalized=810px
  image_10_registered.JPG: raw=169px, scale=1.516x, normalized=112px
  image_11_registered.JPG: raw=982px, scale=1.516x, normalized=648px
Tray 39: image_10_registered.JPG [distance] normalized distance=112px, label=24677px²

Tray 40 candidate distances:
  image_02_registered.JPG: raw=2284px, scale=1.550x, normalized=1474px
  image_03_registered.JPG: raw=1815px, scale=1.520x, normalized=1194px
  image_04_registered.JPG: raw=1961px, scale=1.537x, normalized=1276px
  image_05_registered.JPG: raw=2419px, scale=1.556x, normalized=1555px
  image_06_registered.JPG: raw=3377px, scale=1.571x, normalized=2150px
  image_07_registered.JPG: raw=3351px, scale=1.581x, normalized=2119px
  image_08_registered.JPG: raw=2916px, scale=1.585x, normalized=1839px
  image_09_registered.JPG: raw=1801px, scale=1.526x, normalized=1180px
  image_10_registered.JPG: raw=799px, scale=1.516x, normalized=527px
  image_11_registered.JPG: raw=619px, scale=1.516x, normalized=409px
Tray 40: image_11_registered.JPG [distance] normalized distance=409px, label=24134px²

Tray 41 candidate distances:
  image_02_registered.JPG: raw=1482px, scale=1.550x, normalized=956px
  image_03_registered.JPG: raw=1314px, scale=1.520x, normalized=865px
  image_04_registered.JPG: raw=2807px, scale=1.537x, normalized=1826px
  image_05_registered.JPG: raw=1675px, scale=1.556x, normalized=1076px
  image_06_registered.JPG: raw=1430px, scale=1.571x, normalized=910px
  image_07_registered.JPG: raw=392px, scale=1.581x, normalized=248px
  image_08_registered.JPG: raw=920px, scale=1.585x, normalized=581px
  image_09_registered.JPG: raw=1573px, scale=1.526x, normalized=1031px
  image_10_registered.JPG: raw=2502px, scale=1.516x, normalized=1650px
  image_11_registered.JPG: raw=2698px, scale=1.516x, normalized=1780px
Tray 41: image_07_registered.JPG [distance] normalized distance=248px, label=24685px²

Tray 42 candidate distances:
  image_02_registered.JPG: raw=1541px, scale=1.550x, normalized=995px
  image_03_registered.JPG: raw=2592px, scale=1.520x, normalized=1705px
  image_04_registered.JPG: raw=282px, scale=1.537x, normalized=184px
  image_05_registered.JPG: raw=1272px, scale=1.556x, normalized=818px
  image_06_registered.JPG: raw=2382px, scale=1.571x, normalized=1517px
  image_07_registered.JPG: raw=3103px, scale=1.581x, normalized=1963px
  image_08_registered.JPG: raw=3469px, scale=1.585x, normalized=2189px
  image_09_registered.JPG: raw=2883px, scale=1.526x, normalized=1889px
  image_10_registered.JPG: raw=2573px, scale=1.516x, normalized=1697px
  image_11_registered.JPG: raw=1634px, scale=1.516x, normalized=1077px
Tray 42: image_04_registered.JPG [distance] normalized distance=184px, label=24114px²

Tray 43 candidate distances:
  image_02_registered.JPG: raw=2222px, scale=1.550x, normalized=1434px
  image_03_registered.JPG: raw=825px, scale=1.520x, normalized=543px
  image_04_registered.JPG: raw=3051px, scale=1.537x, normalized=1985px
  image_05_registered.JPG: raw=2415px, scale=1.556x, normalized=1552px
  image_06_registered.JPG: raw=2827px, scale=1.571x, normalized=1800px
  image_07_registered.JPG: raw=2046px, scale=1.581x, normalized=1294px
  image_08_registered.JPG: raw=1058px, scale=1.585x, normalized=667px
  image_09_registered.JPG: raw=435px, scale=1.526x, normalized=285px
  image_10_registered.JPG: raw=1396px, scale=1.516x, normalized=921px
  image_11_registered.JPG: raw=2194px, scale=1.516x, normalized=1447px
Tray 43: image_09_registered.JPG [distance] normalized distance=285px, label=22737px²

Tray 44 candidate distances:
  image_02_registered.JPG: raw=2545px, scale=1.550x, normalized=1642px
  image_03_registered.JPG: raw=1839px, scale=1.520x, normalized=1210px
  image_04_registered.JPG: raw=2371px, scale=1.537x, normalized=1543px
  image_05_registered.JPG: raw=2699px, scale=1.556x, normalized=1735px
  image_06_registered.JPG: raw=3602px, scale=1.571x, normalized=2293px
  image_07_registered.JPG: raw=3462px, scale=1.581x, normalized=2190px
  image_08_registered.JPG: raw=2872px, scale=1.585x, normalized=1812px
  image_09_registered.JPG: raw=1726px, scale=1.526x, normalized=1131px
  image_10_registered.JPG: raw=667px, scale=1.516x, normalized=440px
  image_11_registered.JPG: raw=1021px, scale=1.516x, normalized=674px
Tray 44: image_10_registered.JPG [distance] normalized distance=440px, label=25434px²

Tray 45 candidate distances:
  image_02_registered.JPG: raw=1986px, scale=1.550x, normalized=1282px
  image_03_registered.JPG: raw=2868px, scale=1.520x, normalized=1887px
  image_04_registered.JPG: raw=604px, scale=1.537x, normalized=393px
  image_05_registered.JPG: raw=1784px, scale=1.556x, normalized=1147px
  image_06_registered.JPG: raw=2870px, scale=1.571x, normalized=1827px
  image_07_registered.JPG: raw=3571px, scale=1.581x, normalized=2258px
  image_08_registered.JPG: raw=3782px, scale=1.585x, normalized=2386px
  image_09_registered.JPG: raw=3119px, scale=1.526x, normalized=2044px
  image_10_registered.JPG: raw=2643px, scale=1.516x, normalized=1743px
  image_11_registered.JPG: raw=1643px, scale=1.516x, normalized=1083px
Tray 45: image_04_registered.JPG [distance] normalized distance=393px, label=27905px²

Tray 46 candidate distances:
  image_02_registered.JPG: raw=1251px, scale=1.550x, normalized=807px
  image_03_registered.JPG: raw=1533px, scale=1.520x, normalized=1008px
  image_04_registered.JPG: raw=2623px, scale=1.537x, normalized=1706px
  image_05_registered.JPG: raw=1425px, scale=1.556x, normalized=916px
  image_06_registered.JPG: raw=1009px, scale=1.571x, normalized=642px
  image_07_registered.JPG: raw=224px, scale=1.581x, normalized=142px
  image_08_registered.JPG: raw=1345px, scale=1.585x, normalized=848px
  image_09_registered.JPG: raw=1849px, scale=1.526x, normalized=1212px
  image_10_registered.JPG: raw=2673px, scale=1.516x, normalized=1763px
  image_11_registered.JPG: raw=2709px, scale=1.516x, normalized=1786px
Tray 46: image_07_registered.JPG [distance] normalized distance=142px, label=26267px²

Saved best_views.json for drawer_020

==================================================
Processing drawer_021
==================================================
Loaded 36 trays
Found 10 registered images

Best view for each tray:

Tray 1 candidate distances:
  image_02_registered.JPG: raw=1620px, scale=1.573x, normalized=1030px
  image_03_registered.JPG: raw=1998px, scale=1.532x, normalized=1304px
  image_04_registered.JPG: raw=2718px, scale=1.557x, normalized=1745px
  image_05_registered.JPG: raw=1744px, scale=1.572x, normalized=1109px
  image_06_registered.JPG: raw=835px, scale=1.590x, normalized=525px
  image_07_registered.JPG: raw=370px, scale=1.604x, normalized=230px
  image_08_registered.JPG: raw=1645px, scale=1.614x, normalized=1020px
  image_09_registered.JPG: raw=2181px, scale=1.547x, normalized=1409px
  image_10_registered.JPG: raw=3117px, scale=1.537x, normalized=2028px
  image_11_registered.JPG: raw=3098px, scale=1.536x, normalized=2017px
Tray 1: image_07_registered.JPG [distance] normalized distance=230px, label=28167px²

Tray 2 candidate distances:
  image_02_registered.JPG: raw=1534px, scale=1.573x, normalized=975px
  image_03_registered.JPG: raw=573px, scale=1.532x, normalized=374px
  image_04_registered.JPG: raw=2477px, scale=1.557x, normalized=1590px
  image_05_registered.JPG: raw=1896px, scale=1.572x, normalized=1206px
  image_06_registered.JPG: raw=1983px, scale=1.590x, normalized=1247px
  image_07_registered.JPG: raw=1257px, scale=1.604x, normalized=783px
  image_08_registered.JPG: raw=960px, scale=1.614x, normalized=595px
  image_09_registered.JPG: raw=705px, scale=1.547x, normalized=456px
  image_10_registered.JPG: raw=1761px, scale=1.537x, normalized=1146px
  image_11_registered.JPG: raw=2116px, scale=1.536x, normalized=1378px
Tray 2: image_03_registered.JPG [distance] normalized distance=374px, label=27993px²

Tray 3 candidate distances:
  image_02_registered.JPG: raw=1659px, scale=1.573x, normalized=1054px
  image_03_registered.JPG: raw=2612px, scale=1.532x, normalized=1705px
  image_04_registered.JPG: raw=2599px, scale=1.557x, normalized=1669px
  image_05_registered.JPG: raw=1576px, scale=1.572x, normalized=1002px
  image_06_registered.JPG: raw=359px, scale=1.590x, normalized=226px
  image_07_registered.JPG: raw=1260px, scale=1.604x, normalized=785px
  image_08_registered.JPG: raw=2494px, scale=1.614x, normalized=1545px
  image_09_registered.JPG: raw=2832px, scale=1.547x, normalized=1830px
  image_10_registered.JPG: raw=3602px, scale=1.537x, normalized=2343px
  image_11_registered.JPG: raw=3336px, scale=1.536x, normalized=2173px
Tray 3: image_06_registered.JPG [distance] normalized distance=226px, label=30281px²

Tray 4 candidate distances:
  image_02_registered.JPG: raw=2576px, scale=1.573x, normalized=1637px
  image_03_registered.JPG: raw=1634px, scale=1.532x, normalized=1066px
  image_04_registered.JPG: raw=2732px, scale=1.557x, normalized=1754px
  image_05_registered.JPG: raw=2872px, scale=1.572x, normalized=1827px
  image_06_registered.JPG: raw=3774px, scale=1.590x, normalized=2374px
  image_07_registered.JPG: raw=3337px, scale=1.604x, normalized=2080px
  image_08_registered.JPG: raw=2735px, scale=1.614x, normalized=1695px
  image_09_registered.JPG: raw=1404px, scale=1.547x, normalized=908px
  image_10_registered.JPG: raw=501px, scale=1.537x, normalized=326px
  image_11_registered.JPG: raw=1412px, scale=1.536x, normalized=919px
Tray 4: image_10_registered.JPG [distance] normalized distance=326px, label=0px²

Tray 5 candidate distances:
  image_02_registered.JPG: raw=1958px, scale=1.573x, normalized=1245px
  image_03_registered.JPG: raw=1474px, scale=1.532x, normalized=962px
  image_04_registered.JPG: raw=1915px, scale=1.557x, normalized=1230px
  image_05_registered.JPG: raw=2223px, scale=1.572x, normalized=1414px
  image_06_registered.JPG: raw=3259px, scale=1.590x, normalized=2050px
  image_07_registered.JPG: raw=3084px, scale=1.604x, normalized=1923px
  image_08_registered.JPG: raw=2772px, scale=1.614x, normalized=1718px
  image_09_registered.JPG: raw=1455px, scale=1.547x, normalized=940px
  image_10_registered.JPG: raw=612px, scale=1.537x, normalized=398px
  image_11_registered.JPG: raw=569px, scale=1.536x, normalized=371px
Tray 5: image_11_registered.JPG [distance] normalized distance=371px, label=27539px²

Tray 6 candidate distances:
  image_02_registered.JPG: raw=1407px, scale=1.573x, normalized=895px
  image_03_registered.JPG: raw=2369px, scale=1.532x, normalized=1546px
  image_04_registered.JPG: raw=367px, scale=1.557x, normalized=236px
  image_05_registered.JPG: raw=1368px, scale=1.572x, normalized=870px
  image_06_registered.JPG: raw=2689px, scale=1.590x, normalized=1691px
  image_07_registered.JPG: raw=3200px, scale=1.604x, normalized=1994px
  image_08_registered.JPG: raw=3472px, scale=1.614x, normalized=2152px
  image_09_registered.JPG: raw=2433px, scale=1.547x, normalized=1572px
  image_10_registered.JPG: raw=2252px, scale=1.537x, normalized=1465px
  image_11_registered.JPG: raw=1182px, scale=1.536x, normalized=770px
Tray 6: image_04_registered.JPG [distance] normalized distance=236px, label=28336px²

Tray 7 candidate distances:
  image_02_registered.JPG: raw=1472px, scale=1.573x, normalized=936px
  image_03_registered.JPG: raw=480px, scale=1.532x, normalized=313px
  image_04_registered.JPG: raw=1984px, scale=1.557x, normalized=1274px
  image_05_registered.JPG: raw=1835px, scale=1.572x, normalized=1167px
  image_06_registered.JPG: raw=2514px, scale=1.590x, normalized=1581px
  image_07_registered.JPG: raw=2150px, scale=1.604x, normalized=1340px
  image_08_registered.JPG: raw=1861px, scale=1.614x, normalized=1153px
  image_09_registered.JPG: raw=710px, scale=1.547x, normalized=459px
  image_10_registered.JPG: raw=845px, scale=1.537x, normalized=549px
  image_11_registered.JPG: raw=1157px, scale=1.536x, normalized=753px
Tray 7: image_03_registered.JPG [distance] normalized distance=313px, label=28144px²

Tray 8 candidate distances:
  image_02_registered.JPG: raw=2324px, scale=1.573x, normalized=1477px
  image_03_registered.JPG: raw=931px, scale=1.532x, normalized=608px
  image_04_registered.JPG: raw=3136px, scale=1.557x, normalized=2014px
  image_05_registered.JPG: raw=2688px, scale=1.572x, normalized=1710px
  image_06_registered.JPG: raw=2792px, scale=1.590x, normalized=1756px
  image_07_registered.JPG: raw=1864px, scale=1.604x, normalized=1162px
  image_08_registered.JPG: raw=852px, scale=1.614x, normalized=528px
  image_09_registered.JPG: raw=576px, scale=1.547x, normalized=372px
  image_10_registered.JPG: raw=1727px, scale=1.537x, normalized=1123px
  image_11_registered.JPG: raw=2512px, scale=1.536x, normalized=1636px
Tray 8: image_09_registered.JPG [distance] normalized distance=372px, label=0px²

Tray 9 candidate distances:
  image_02_registered.JPG: raw=813px, scale=1.573x, normalized=517px
  image_03_registered.JPG: raw=1168px, scale=1.532x, normalized=762px
  image_04_registered.JPG: raw=1942px, scale=1.557x, normalized=1247px
  image_05_registered.JPG: raw=1120px, scale=1.572x, normalized=713px
  image_06_registered.JPG: raw=1191px, scale=1.590x, normalized=749px
  image_07_registered.JPG: raw=1028px, scale=1.604x, normalized=641px
  image_08_registered.JPG: raw=1616px, scale=1.614x, normalized=1001px
  image_09_registered.JPG: raw=1454px, scale=1.547x, normalized=940px
  image_10_registered.JPG: raw=2194px, scale=1.537x, normalized=1427px
  image_11_registered.JPG: raw=2060px, scale=1.536x, normalized=1341px
Tray 9: image_02_registered.JPG [distance] normalized distance=517px, label=21875px²

Tray 10 candidate distances:
  image_02_registered.JPG: raw=1877px, scale=1.573x, normalized=1193px
  image_03_registered.JPG: raw=558px, scale=1.532x, normalized=364px
  image_04_registered.JPG: raw=2388px, scale=1.557x, normalized=1534px
  image_05_registered.JPG: raw=2239px, scale=1.572x, normalized=1424px
  image_06_registered.JPG: raw=2846px, scale=1.590x, normalized=1790px
  image_07_registered.JPG: raw=2323px, scale=1.604x, normalized=1448px
  image_08_registered.JPG: raw=1786px, scale=1.614x, normalized=1107px
  image_09_registered.JPG: raw=501px, scale=1.547x, normalized=324px
  image_10_registered.JPG: raw=667px, scale=1.537x, normalized=434px
  image_11_registered.JPG: raw=1430px, scale=1.536x, normalized=931px
Tray 10: image_09_registered.JPG [distance] normalized distance=324px, label=26096px²

Tray 11 candidate distances:
  image_02_registered.JPG: raw=598px, scale=1.573x, normalized=380px
  image_03_registered.JPG: raw=1562px, scale=1.532x, normalized=1019px
  image_04_registered.JPG: raw=1762px, scale=1.557x, normalized=1132px
  image_05_registered.JPG: raw=787px, scale=1.572x, normalized=500px
  image_06_registered.JPG: raw=867px, scale=1.590x, normalized=545px
  image_07_registered.JPG: raw=1178px, scale=1.604x, normalized=734px
  image_08_registered.JPG: raw=2000px, scale=1.614x, normalized=1239px
  image_09_registered.JPG: raw=1843px, scale=1.547x, normalized=1191px
  image_10_registered.JPG: raw=2484px, scale=1.537x, normalized=1616px
  image_11_registered.JPG: raw=2161px, scale=1.536x, normalized=1407px
Tray 11: image_02_registered.JPG [distance] normalized distance=380px, label=25806px²

Tray 12 candidate distances:
  image_02_registered.JPG: raw=1691px, scale=1.573x, normalized=1075px
  image_03_registered.JPG: raw=1577px, scale=1.532x, normalized=1029px
  image_04_registered.JPG: raw=1487px, scale=1.557x, normalized=955px
  image_05_registered.JPG: raw=1918px, scale=1.572x, normalized=1220px
  image_06_registered.JPG: raw=3041px, scale=1.590x, normalized=1913px
  image_07_registered.JPG: raw=3030px, scale=1.604x, normalized=1888px
  image_08_registered.JPG: raw=2884px, scale=1.614x, normalized=1787px
  image_09_registered.JPG: raw=1630px, scale=1.547x, normalized=1053px
  image_10_registered.JPG: raw=1007px, scale=1.537x, normalized=655px
  image_11_registered.JPG: raw=130px, scale=1.536x, normalized=85px
Tray 12: image_11_registered.JPG [distance] normalized distance=85px, label=29694px²

Tray 13 candidate distances:
  image_02_registered.JPG: raw=926px, scale=1.573x, normalized=588px
  image_03_registered.JPG: raw=2385px, scale=1.532x, normalized=1557px
  image_04_registered.JPG: raw=1683px, scale=1.557x, normalized=1081px
  image_05_registered.JPG: raw=658px, scale=1.572x, normalized=419px
  image_06_registered.JPG: raw=755px, scale=1.590x, normalized=475px
  image_07_registered.JPG: raw=1802px, scale=1.604x, normalized=1123px
  image_08_registered.JPG: raw=2792px, scale=1.614x, normalized=1730px
  image_09_registered.JPG: raw=2615px, scale=1.547x, normalized=1690px
  image_10_registered.JPG: raw=3143px, scale=1.537x, normalized=2045px
  image_11_registered.JPG: raw=2581px, scale=1.536x, normalized=1681px
Tray 13: image_05_registered.JPG [distance] normalized distance=419px, label=25565px²

Tray 14 candidate distances:
  image_02_registered.JPG: raw=2021px, scale=1.573x, normalized=1285px
  image_03_registered.JPG: raw=871px, scale=1.532x, normalized=568px
  image_04_registered.JPG: raw=2941px, scale=1.557x, normalized=1888px
  image_05_registered.JPG: raw=2373px, scale=1.572x, normalized=1510px
  image_06_registered.JPG: raw=2331px, scale=1.590x, normalized=1466px
  image_07_registered.JPG: raw=1387px, scale=1.604x, normalized=865px
  image_08_registered.JPG: raw=547px, scale=1.614x, normalized=339px
  image_09_registered.JPG: raw=727px, scale=1.547x, normalized=470px
  image_10_registered.JPG: raw=1940px, scale=1.537x, normalized=1262px
  image_11_registered.JPG: raw=2517px, scale=1.536x, normalized=1639px
Tray 14: image_08_registered.JPG [distance] normalized distance=339px, label=0px²

Tray 15 candidate distances:
  image_02_registered.JPG: raw=877px, scale=1.573x, normalized=558px
  image_03_registered.JPG: raw=2054px, scale=1.532x, normalized=1341px
  image_04_registered.JPG: raw=1907px, scale=1.557x, normalized=1225px
  image_05_registered.JPG: raw=829px, scale=1.572x, normalized=527px
  image_06_registered.JPG: raw=436px, scale=1.590x, normalized=274px
  image_07_registered.JPG: raw=1287px, scale=1.604x, normalized=802px
  image_08_registered.JPG: raw=2328px, scale=1.614x, normalized=1442px
  image_09_registered.JPG: raw=2306px, scale=1.547x, normalized=1490px
  image_10_registered.JPG: raw=2955px, scale=1.537x, normalized=1922px
  image_11_registered.JPG: raw=2562px, scale=1.536x, normalized=1669px
Tray 15: image_06_registered.JPG [distance] normalized distance=274px, label=0px²

Tray 16 candidate distances:
  image_02_registered.JPG: raw=648px, scale=1.573x, normalized=412px
  image_03_registered.JPG: raw=2147px, scale=1.532x, normalized=1401px
  image_04_registered.JPG: raw=680px, scale=1.557x, normalized=437px
  image_05_registered.JPG: raw=424px, scale=1.572x, normalized=270px
  image_06_registered.JPG: raw=1695px, scale=1.590x, normalized=1066px
  image_07_registered.JPG: raw=2394px, scale=1.604x, normalized=1492px
  image_08_registered.JPG: raw=3006px, scale=1.614x, normalized=1863px
  image_09_registered.JPG: raw=2351px, scale=1.547x, normalized=1519px
  image_10_registered.JPG: raw=2544px, scale=1.537x, normalized=1655px
  image_11_registered.JPG: raw=1714px, scale=1.536x, normalized=1116px
Tray 16: image_05_registered.JPG [distance] normalized distance=270px, label=29907px²

Tray 17 candidate distances:
  image_02_registered.JPG: raw=702px, scale=1.573x, normalized=446px
  image_03_registered.JPG: raw=1110px, scale=1.532x, normalized=725px
  image_04_registered.JPG: raw=1215px, scale=1.557x, normalized=780px
  image_05_registered.JPG: raw=1038px, scale=1.572x, normalized=660px
  image_06_registered.JPG: raw=1959px, scale=1.590x, normalized=1232px
  image_07_registered.JPG: raw=2039px, scale=1.604x, normalized=1271px
  image_08_registered.JPG: raw=2254px, scale=1.614x, normalized=1397px
  image_09_registered.JPG: raw=1412px, scale=1.547x, normalized=913px
  image_10_registered.JPG: raw=1547px, scale=1.537x, normalized=1007px
  image_11_registered.JPG: raw=1046px, scale=1.536x, normalized=681px
Tray 17: image_02_registered.JPG [distance] normalized distance=446px, label=22982px²

Tray 18 candidate distances:
  image_02_registered.JPG: raw=1276px, scale=1.573x, normalized=811px
  image_03_registered.JPG: raw=1580px, scale=1.532x, normalized=1031px
  image_04_registered.JPG: raw=1016px, scale=1.557x, normalized=652px
  image_05_registered.JPG: raw=1474px, scale=1.572x, normalized=937px
  image_06_registered.JPG: raw=2638px, scale=1.590x, normalized=1659px
  image_07_registered.JPG: raw=2786px, scale=1.604x, normalized=1736px
  image_08_registered.JPG: raw=2841px, scale=1.614x, normalized=1760px
  image_09_registered.JPG: raw=1725px, scale=1.547x, normalized=1115px
  image_10_registered.JPG: raw=1384px, scale=1.537x, normalized=901px
  image_11_registered.JPG: raw=381px, scale=1.536x, normalized=248px
Tray 18: image_11_registered.JPG [distance] normalized distance=248px, label=0px²

Tray 19 candidate distances:
  image_02_registered.JPG: raw=218px, scale=1.573x, normalized=139px
  image_03_registered.JPG: raw=1470px, scale=1.532x, normalized=959px
  image_04_registered.JPG: raw=1088px, scale=1.557x, normalized=699px
  image_05_registered.JPG: raw=556px, scale=1.572x, normalized=354px
  image_06_registered.JPG: raw=1541px, scale=1.590x, normalized=969px
  image_07_registered.JPG: raw=1883px, scale=1.604x, normalized=1173px
  image_08_registered.JPG: raw=2381px, scale=1.614x, normalized=1475px
  image_09_registered.JPG: raw=1761px, scale=1.547x, normalized=1138px
  image_10_registered.JPG: raw=2048px, scale=1.537x, normalized=1333px
  image_11_registered.JPG: raw=1458px, scale=1.536x, normalized=949px
Tray 19: image_02_registered.JPG [distance] normalized distance=139px, label=0px²

Tray 20 candidate distances:
  image_02_registered.JPG: raw=2271px, scale=1.573x, normalized=1444px
  image_03_registered.JPG: raw=1584px, scale=1.532x, normalized=1034px
  image_04_registered.JPG: raw=3288px, scale=1.557x, normalized=2111px
  image_05_registered.JPG: raw=2562px, scale=1.572x, normalized=1629px
  image_06_registered.JPG: raw=2095px, scale=1.590x, normalized=1318px
  image_07_registered.JPG: raw=938px, scale=1.604x, normalized=585px
  image_08_registered.JPG: raw=391px, scale=1.614x, normalized=242px
  image_09_registered.JPG: raw=1529px, scale=1.547x, normalized=988px
  image_10_registered.JPG: raw=2712px, scale=1.537x, normalized=1764px
  image_11_registered.JPG: raw=3177px, scale=1.536x, normalized=2069px
Tray 20: image_08_registered.JPG [distance] normalized distance=242px, label=0px²

Tray 21 candidate distances:
  image_02_registered.JPG: raw=436px, scale=1.573x, normalized=277px
  image_03_registered.JPG: raw=1918px, scale=1.532x, normalized=1252px
  image_04_registered.JPG: raw=1419px, scale=1.557x, normalized=911px
  image_05_registered.JPG: raw=333px, scale=1.572x, normalized=212px
  image_06_registered.JPG: raw=945px, scale=1.590x, normalized=595px
  image_07_registered.JPG: raw=1655px, scale=1.604x, normalized=1031px
  image_08_registered.JPG: raw=2490px, scale=1.614x, normalized=1543px
  image_09_registered.JPG: raw=2182px, scale=1.547x, normalized=1410px
  image_10_registered.JPG: raw=2663px, scale=1.537x, normalized=1732px
  image_11_registered.JPG: raw=2118px, scale=1.536x, normalized=1379px
Tray 21: image_05_registered.JPG [distance] normalized distance=212px, label=26178px²

Tray 22 candidate distances:
  image_02_registered.JPG: raw=2241px, scale=1.573x, normalized=1425px
  image_03_registered.JPG: raw=764px, scale=1.532x, normalized=498px
  image_04_registered.JPG: raw=2846px, scale=1.557x, normalized=1828px
  image_05_registered.JPG: raw=2608px, scale=1.572x, normalized=1659px
  image_06_registered.JPG: raw=3056px, scale=1.590x, normalized=1922px
  image_07_registered.JPG: raw=2344px, scale=1.604x, normalized=1461px
  image_08_registered.JPG: raw=1559px, scale=1.614x, normalized=966px
  image_09_registered.JPG: raw=394px, scale=1.547x, normalized=255px
  image_10_registered.JPG: raw=995px, scale=1.537x, normalized=647px
  image_11_registered.JPG: raw=1929px, scale=1.536x, normalized=1256px
Tray 22: image_09_registered.JPG [distance] normalized distance=255px, label=0px²

Tray 23 candidate distances:
  image_02_registered.JPG: raw=2128px, scale=1.573x, normalized=1353px
  image_03_registered.JPG: raw=1250px, scale=1.532x, normalized=816px
  image_04_registered.JPG: raw=2301px, scale=1.557x, normalized=1478px
  image_05_registered.JPG: raw=2436px, scale=1.572x, normalized=1550px
  image_06_registered.JPG: raw=3323px, scale=1.590x, normalized=2090px
  image_07_registered.JPG: raw=2965px, scale=1.604x, normalized=1848px
  image_08_registered.JPG: raw=2489px, scale=1.614x, normalized=1542px
  image_09_registered.JPG: raw=1159px, scale=1.547x, normalized=749px
  image_10_registered.JPG: raw=120px, scale=1.537x, normalized=78px
  image_11_registered.JPG: raw=1029px, scale=1.536x, normalized=670px
Tray 23: image_10_registered.JPG [distance] normalized distance=78px, label=0px²

Tray 24 candidate distances:
  image_02_registered.JPG: raw=1190px, scale=1.573x, normalized=757px
  image_03_registered.JPG: raw=922px, scale=1.532x, normalized=602px
  image_04_registered.JPG: raw=1497px, scale=1.557x, normalized=962px
  image_05_registered.JPG: raw=1517px, scale=1.572x, normalized=965px
  image_06_registered.JPG: raw=2415px, scale=1.590x, normalized=1519px
  image_07_registered.JPG: raw=2306px, scale=1.604x, normalized=1437px
  image_08_registered.JPG: raw=2245px, scale=1.614x, normalized=1391px
  image_09_registered.JPG: raw=1166px, scale=1.547x, normalized=754px
  image_10_registered.JPG: raw=1041px, scale=1.537x, normalized=677px
  image_11_registered.JPG: raw=747px, scale=1.536x, normalized=486px
Tray 24: image_11_registered.JPG [distance] normalized distance=486px, label=27649px²

Tray 25 candidate distances:
  image_02_registered.JPG: raw=2397px, scale=1.573x, normalized=1524px
  image_03_registered.JPG: raw=1737px, scale=1.532x, normalized=1133px
  image_04_registered.JPG: raw=2379px, scale=1.557x, normalized=1528px
  image_05_registered.JPG: raw=2660px, scale=1.572x, normalized=1692px
  image_06_registered.JPG: raw=3686px, scale=1.590x, normalized=2318px
  image_07_registered.JPG: raw=3406px, scale=1.604x, normalized=2123px
  image_08_registered.JPG: raw=2945px, scale=1.614x, normalized=1825px
  image_09_registered.JPG: raw=1581px, scale=1.547x, normalized=1021px
  image_10_registered.JPG: raw=603px, scale=1.537x, normalized=392px
  image_11_registered.JPG: raw=1023px, scale=1.536x, normalized=666px
Tray 25: image_10_registered.JPG [distance] normalized distance=392px, label=25600px²

Tray 26 candidate distances:
  image_02_registered.JPG: raw=1871px, scale=1.573x, normalized=1190px
  image_03_registered.JPG: raw=431px, scale=1.532x, normalized=281px
  image_04_registered.JPG: raw=2672px, scale=1.557x, normalized=1716px
  image_05_registered.JPG: raw=2244px, scale=1.572x, normalized=1428px
  image_06_registered.JPG: raw=2479px, scale=1.590x, normalized=1559px
  image_07_registered.JPG: raw=1721px, scale=1.604x, normalized=1073px
  image_08_registered.JPG: raw=1052px, scale=1.614x, normalized=652px
  image_09_registered.JPG: raw=241px, scale=1.547x, normalized=156px
  image_10_registered.JPG: raw=1428px, scale=1.537x, normalized=929px
  image_11_registered.JPG: raw=2051px, scale=1.536x, normalized=1336px
Tray 26: image_09_registered.JPG [distance] normalized distance=156px, label=27035px²

Tray 27 candidate distances:
  image_02_registered.JPG: raw=684px, scale=1.573x, normalized=435px
  image_03_registered.JPG: raw=1622px, scale=1.532x, normalized=1059px
  image_04_registered.JPG: raw=703px, scale=1.557x, normalized=451px
  image_05_registered.JPG: raw=846px, scale=1.572x, normalized=538px
  image_06_registered.JPG: raw=2031px, scale=1.590x, normalized=1277px
  image_07_registered.JPG: raw=2376px, scale=1.604x, normalized=1481px
  image_08_registered.JPG: raw=2714px, scale=1.614x, normalized=1681px
  image_09_registered.JPG: raw=1855px, scale=1.547x, normalized=1199px
  image_10_registered.JPG: raw=1870px, scale=1.537x, normalized=1217px
  image_11_registered.JPG: raw=1044px, scale=1.536x, normalized=680px
Tray 27: image_02_registered.JPG [distance] normalized distance=435px, label=28933px²

Tray 28 candidate distances:
  image_02_registered.JPG: raw=1292px, scale=1.573x, normalized=821px
  image_03_registered.JPG: raw=997px, scale=1.532x, normalized=650px
  image_04_registered.JPG: raw=2366px, scale=1.557x, normalized=1519px
  image_05_registered.JPG: raw=1610px, scale=1.572x, normalized=1024px
  image_06_registered.JPG: raw=1485px, scale=1.590x, normalized=934px
  image_07_registered.JPG: raw=825px, scale=1.604x, normalized=514px
  image_08_registered.JPG: raw=1118px, scale=1.614x, normalized=693px
  image_09_registered.JPG: raw=1196px, scale=1.547x, normalized=773px
  image_10_registered.JPG: raw=2159px, scale=1.537x, normalized=1405px
  image_11_registered.JPG: raw=2293px, scale=1.536x, normalized=1493px
Tray 28: image_07_registered.JPG [distance] normalized distance=514px, label=26065px²

Tray 29 candidate distances:
  image_02_registered.JPG: raw=1337px, scale=1.573x, normalized=850px
  image_03_registered.JPG: raw=2596px, scale=1.532x, normalized=1694px
  image_04_registered.JPG: raw=316px, scale=1.557x, normalized=203px
  image_05_registered.JPG: raw=1167px, scale=1.572x, normalized=743px
  image_06_registered.JPG: raw=2454px, scale=1.590x, normalized=1543px
  image_07_registered.JPG: raw=3147px, scale=1.604x, normalized=1962px
  image_08_registered.JPG: raw=3580px, scale=1.614x, normalized=2218px
  image_09_registered.JPG: raw=2671px, scale=1.547x, normalized=1726px
  image_10_registered.JPG: raw=2653px, scale=1.537x, normalized=1726px
  image_11_registered.JPG: raw=1635px, scale=1.536x, normalized=1065px
Tray 29: image_04_registered.JPG [distance] normalized distance=203px, label=0px²

Tray 30 candidate distances:
  image_02_registered.JPG: raw=2315px, scale=1.573x, normalized=1472px
  image_03_registered.JPG: raw=1023px, scale=1.532x, normalized=668px
  image_04_registered.JPG: raw=2740px, scale=1.557x, normalized=1760px
  image_05_registered.JPG: raw=2663px, scale=1.572x, normalized=1694px
  image_06_registered.JPG: raw=3316px, scale=1.590x, normalized=2086px
  image_07_registered.JPG: raw=2729px, scale=1.604x, normalized=1701px
  image_08_registered.JPG: raw=2039px, scale=1.614x, normalized=1263px
  image_09_registered.JPG: raw=775px, scale=1.547x, normalized=501px
  image_10_registered.JPG: raw=547px, scale=1.537x, normalized=356px
  image_11_registered.JPG: raw=1627px, scale=1.536x, normalized=1059px
Tray 30: image_10_registered.JPG [distance] normalized distance=356px, label=23465px²

Tray 31 candidate distances:
  image_02_registered.JPG: raw=1705px, scale=1.573x, normalized=1084px
  image_03_registered.JPG: raw=1984px, scale=1.532x, normalized=1295px
  image_04_registered.JPG: raw=1172px, scale=1.557x, normalized=753px
  image_05_registered.JPG: raw=1844px, scale=1.572x, normalized=1173px
  image_06_registered.JPG: raw=3091px, scale=1.590x, normalized=1944px
  image_07_registered.JPG: raw=3264px, scale=1.604x, normalized=2035px
  image_08_registered.JPG: raw=3239px, scale=1.614x, normalized=2007px
  image_09_registered.JPG: raw=2010px, scale=1.547x, normalized=1299px
  image_10_registered.JPG: raw=1496px, scale=1.537x, normalized=973px
  image_11_registered.JPG: raw=418px, scale=1.536x, normalized=272px
Tray 31: image_11_registered.JPG [distance] normalized distance=272px, label=31003px²

Tray 32 candidate distances:
  image_02_registered.JPG: raw=1040px, scale=1.573x, normalized=661px
  image_03_registered.JPG: raw=660px, scale=1.532x, normalized=431px
  image_04_registered.JPG: raw=2003px, scale=1.557x, normalized=1286px
  image_05_registered.JPG: raw=1413px, scale=1.572x, normalized=899px
  image_06_registered.JPG: raw=1698px, scale=1.590x, normalized=1068px
  image_07_registered.JPG: raw=1310px, scale=1.604x, normalized=817px
  image_08_registered.JPG: raw=1435px, scale=1.614x, normalized=889px
  image_09_registered.JPG: raw=983px, scale=1.547x, normalized=635px
  image_10_registered.JPG: raw=1728px, scale=1.537x, normalized=1124px
  image_11_registered.JPG: raw=1778px, scale=1.536x, normalized=1158px
Tray 32: image_03_registered.JPG [distance] normalized distance=431px, label=26384px²

Tray 33 candidate distances:
  image_02_registered.JPG: raw=1007px, scale=1.573x, normalized=640px
  image_03_registered.JPG: raw=618px, scale=1.532x, normalized=403px
  image_04_registered.JPG: raw=1698px, scale=1.557x, normalized=1090px
  image_05_registered.JPG: raw=1386px, scale=1.572x, normalized=881px
  image_06_registered.JPG: raw=2033px, scale=1.590x, normalized=1278px
  image_07_registered.JPG: raw=1815px, scale=1.604x, normalized=1131px
  image_08_registered.JPG: raw=1827px, scale=1.614x, normalized=1132px
  image_09_registered.JPG: raw=974px, scale=1.547x, normalized=629px
  image_10_registered.JPG: raw=1327px, scale=1.537x, normalized=864px
  image_11_registered.JPG: raw=1254px, scale=1.536x, normalized=817px
Tray 33: image_03_registered.JPG [distance] normalized distance=403px, label=28927px²

Tray 34 candidate distances:
  image_02_registered.JPG: raw=1389px, scale=1.573x, normalized=883px
  image_03_registered.JPG: raw=2056px, scale=1.532x, normalized=1341px
  image_04_registered.JPG: raw=664px, scale=1.557x, normalized=426px
  image_05_registered.JPG: raw=1461px, scale=1.572x, normalized=930px
  image_06_registered.JPG: raw=2746px, scale=1.590x, normalized=1727px
  image_07_registered.JPG: raw=3088px, scale=1.604x, normalized=1925px
  image_08_registered.JPG: raw=3244px, scale=1.614x, normalized=2010px
  image_09_registered.JPG: raw=2141px, scale=1.547x, normalized=1384px
  image_10_registered.JPG: raw=1842px, scale=1.537x, normalized=1199px
  image_11_registered.JPG: raw=753px, scale=1.536x, normalized=490px
Tray 34: image_04_registered.JPG [distance] normalized distance=426px, label=22102px²

Tray 35 candidate distances:
  image_02_registered.JPG: raw=1761px, scale=1.573x, normalized=1119px
  image_03_registered.JPG: raw=2857px, scale=1.532x, normalized=1865px
  image_04_registered.JPG: raw=677px, scale=1.557x, normalized=435px
  image_05_registered.JPG: raw=1625px, scale=1.572x, normalized=1034px
  image_06_registered.JPG: raw=2943px, scale=1.590x, normalized=1851px
  image_07_registered.JPG: raw=3589px, scale=1.604x, normalized=2237px
  image_08_registered.JPG: raw=3891px, scale=1.614x, normalized=2411px
  image_09_registered.JPG: raw=2833px, scale=1.547x, normalized=1831px
  image_10_registered.JPG: raw=2707px, scale=1.537x, normalized=1761px
  image_11_registered.JPG: raw=1648px, scale=1.536x, normalized=1073px
Tray 35: image_04_registered.JPG [distance] normalized distance=435px, label=29055px²

Tray 36 candidate distances:
  image_02_registered.JPG: raw=922px, scale=1.573x, normalized=586px
  image_03_registered.JPG: raw=2384px, scale=1.532x, normalized=1556px
  image_04_registered.JPG: raw=1679px, scale=1.557x, normalized=1078px
  image_05_registered.JPG: raw=654px, scale=1.572x, normalized=416px
  image_06_registered.JPG: raw=759px, scale=1.590x, normalized=477px
  image_07_registered.JPG: raw=1804px, scale=1.604x, normalized=1124px
  image_08_registered.JPG: raw=2792px, scale=1.614x, normalized=1730px
  image_09_registered.JPG: raw=2614px, scale=1.547x, normalized=1689px
  image_10_registered.JPG: raw=3140px, scale=1.537x, normalized=2043px
  image_11_registered.JPG: raw=2577px, scale=1.536x, normalized=1678px
Tray 36: image_05_registered.JPG [distance] normalized distance=416px, label=25565px²

Saved best_views.json for drawer_021

All drawers finished.

============================================================
RUNNING: build_composite.py
============================================================
Found 21 drawers.

==================================================
Processing drawer_001
==================================================
Tray 1: image_07_registered.JPG
Tray 2: image_02_registered.JPG
Tray 3: image_03_registered.JPG
Tray 4: image_04_registered.JPG
Tray 5: image_02_registered.JPG
Tray 6: image_08_registered.JPG
Tray 7: image_05_registered.JPG
Tray 8: image_02_registered.JPG
Tray 9: image_02_registered.JPG
Tray 10: image_09_registered.JPG
Tray 11: image_08_registered.JPG
Tray 12: image_02_registered.JPG
Tray 13: image_06_registered.JPG
Tray 14: image_03_registered.JPG
Tray 15: image_11_registered.JPG
Tray 16: image_09_registered.JPG
Tray 17: image_06_registered.JPG
Tray 18: image_06_registered.JPG
Tray 19: image_03_registered.JPG
Tray 20: image_02_registered.JPG
Tray 21: image_06_registered.JPG
Tray 22: image_11_registered.JPG
Tray 23: image_06_registered.JPG
Tray 24: image_10_registered.JPG
Tray 25: image_11_registered.JPG
Tray 26: image_10_registered.JPG
Tray 27: image_04_registered.JPG
Tray 28: image_04_registered.JPG
Tray 29: image_05_registered.JPG
Tray 30: image_11_registered.JPG
Tray 31: image_04_registered.JPG
Tray 32: image_11_registered.JPG
Tray 33: image_10_registered.JPG
Tray 34: image_10_registered.JPG
Tray 35: image_08_registered.JPG
Tray 36: image_10_registered.JPG
Tray 37: image_08_registered.JPG
Saved composites\drawer_001_composite.JPG

==================================================
Processing drawer_002
==================================================
Tray 1: image_06_registered.JPG
Tray 2: image_09_registered.JPG
Tray 3: image_06_registered.JPG
Tray 4: image_03_registered.JPG
Tray 5: image_08_registered.JPG
Tray 6: image_11_registered.JPG
Tray 7: image_05_registered.JPG
Tray 8: image_10_registered.JPG
Tray 9: image_04_registered.JPG
Tray 10: image_04_registered.JPG
Tray 11: image_04_registered.JPG
Saved composites\drawer_002_composite.JPG

==================================================
Processing drawer_003
==================================================
Tray 1: image_03_registered.JPG
Tray 2: image_09_registered.JPG
Tray 3: image_08_registered.JPG
Tray 4: image_06_registered.JPG
Tray 5: image_08_registered.JPG
Tray 6: image_02_registered.JPG
Tray 7: image_03_registered.JPG
Tray 8: image_06_registered.JPG
Tray 9: image_05_registered.JPG
Tray 10: image_07_registered.JPG
Tray 11: image_10_registered.JPG
Tray 12: image_06_registered.JPG
Tray 13: image_05_registered.JPG
Tray 14: image_06_registered.JPG
Tray 15: image_02_registered.JPG
Tray 16: image_04_registered.JPG
Tray 17: image_03_registered.JPG
Tray 18: image_06_registered.JPG
Tray 19: image_02_registered.JPG
Tray 20: image_07_registered.JPG
Tray 21: image_09_registered.JPG
Tray 22: image_05_registered.JPG
Tray 23: image_02_registered.JPG
Tray 24: image_11_registered.JPG
Tray 25: image_03_registered.JPG
Tray 26: image_10_registered.JPG
Tray 27: image_04_registered.JPG
Tray 28: image_04_registered.JPG
Tray 29: image_11_registered.JPG
Tray 30: image_11_registered.JPG
Tray 31: image_11_registered.JPG
Tray 32: image_05_registered.JPG
Tray 33: image_10_registered.JPG
Tray 34: image_10_registered.JPG
Tray 35: image_10_registered.JPG
Tray 36: image_11_registered.JPG
Tray 37: image_07_registered.JPG
Tray 38: image_11_registered.JPG
Saved composites\drawer_003_composite.JPG

==================================================
Processing drawer_004
==================================================
Tray 1: image_05_registered.JPG
Tray 2: image_04_registered.JPG
Tray 3: image_09_registered.JPG
Tray 4: image_05_registered.JPG
Tray 5: image_06_registered.JPG
Tray 6: image_03_registered.JPG
Tray 7: image_05_registered.JPG
Tray 8: image_04_registered.JPG
Tray 9: image_08_registered.JPG
Tray 10: image_06_registered.JPG
Tray 11: image_07_registered.JPG
Tray 12: image_09_registered.JPG
Tray 13: image_10_registered.JPG
Tray 14: image_07_registered.JPG
Tray 15: image_09_registered.JPG
Tray 16: image_11_registered.JPG
Tray 17: image_03_registered.JPG
Tray 18: image_08_registered.JPG
Tray 19: image_11_registered.JPG
Tray 20: image_07_registered.JPG
Tray 21: image_08_registered.JPG
Tray 22: image_03_registered.JPG
Tray 23: image_10_registered.JPG
Tray 24: image_10_registered.JPG
Tray 25: image_02_registered.JPG
Tray 26: image_02_registered.JPG
Tray 27: image_07_registered.JPG
Tray 28: image_11_registered.JPG
Tray 29: image_02_registered.JPG
Tray 30: image_06_registered.JPG
Tray 31: image_06_registered.JPG
Tray 32: image_04_registered.JPG
Tray 33: image_02_registered.JPG
Saved composites\drawer_004_composite.JPG

==================================================
Processing drawer_005
==================================================
Tray 1: image_06_registered.JPG
Tray 2: image_05_registered.JPG
Tray 3: image_02_registered.JPG
Tray 4: image_07_registered.JPG
Tray 5: image_02_registered.JPG
Tray 6: image_08_registered.JPG
Tray 7: image_03_registered.JPG
Tray 8: image_03_registered.JPG
Tray 9: image_03_registered.JPG
Tray 10: image_07_registered.JPG
Tray 11: image_05_registered.JPG
Tray 12: image_07_registered.JPG
Tray 13: image_10_registered.JPG
Tray 14: image_10_registered.JPG
Tray 15: image_10_registered.JPG
Tray 16: image_06_registered.JPG
Tray 17: image_08_registered.JPG
Tray 18: image_02_registered.JPG
Tray 19: image_11_registered.JPG
Tray 20: image_05_registered.JPG
Tray 21: image_10_registered.JPG
Tray 22: image_04_registered.JPG
Tray 23: image_09_registered.JPG
Tray 24: image_07_registered.JPG
Tray 25: image_08_registered.JPG
Tray 26: image_08_registered.JPG
Tray 27: image_09_registered.JPG
Tray 28: image_02_registered.JPG
Tray 29: image_09_registered.JPG
Tray 30: image_10_registered.JPG
Saved composites\drawer_005_composite.JPG

==================================================
Processing drawer_006
==================================================
Tray 1: image_06_registered.JPG
Tray 2: image_11_registered.JPG
Tray 3: image_05_registered.JPG
Tray 4: image_10_registered.JPG
Tray 5: image_04_registered.JPG
Tray 6: image_06_registered.JPG
Tray 7: image_02_registered.JPG
Tray 8: image_05_registered.JPG
Tray 9: image_02_registered.JPG
Tray 10: image_03_registered.JPG
Tray 11: image_04_registered.JPG
Tray 12: image_09_registered.JPG
Tray 13: image_08_registered.JPG
Tray 14: image_08_registered.JPG
Tray 15: image_06_registered.JPG
Tray 16: image_02_registered.JPG
Tray 17: image_05_registered.JPG
Tray 18: image_07_registered.JPG
Tray 19: image_03_registered.JPG
Tray 20: image_03_registered.JPG
Tray 21: image_07_registered.JPG
Tray 22: image_07_registered.JPG
Tray 23: image_07_registered.JPG
Tray 24: image_02_registered.JPG
Tray 25: image_07_registered.JPG
Tray 26: image_08_registered.JPG
Tray 27: image_09_registered.JPG
Tray 28: image_07_registered.JPG
Tray 29: image_03_registered.JPG
Tray 30: image_08_registered.JPG
Tray 31: image_06_registered.JPG
Tray 32: image_02_registered.JPG
Saved composites\drawer_006_composite.JPG

==================================================
Processing drawer_007
==================================================
Tray 1: image_02_registered.JPG
Tray 2: image_08_registered.JPG
Tray 3: image_05_registered.JPG
Tray 4: image_05_registered.JPG
Tray 5: image_02_registered.JPG
Tray 6: image_03_registered.JPG
Tray 7: image_09_registered.JPG
Tray 8: image_06_registered.JPG
Tray 9: image_04_registered.JPG
Tray 10: image_10_registered.JPG
Tray 11: image_06_registered.JPG
Tray 12: image_04_registered.JPG
Tray 13: image_03_registered.JPG
Tray 14: image_09_registered.JPG
Tray 15: image_07_registered.JPG
Tray 16: image_06_registered.JPG
Tray 17: image_11_registered.JPG
Tray 18: image_05_registered.JPG
Tray 19: image_11_registered.JPG
Tray 20: image_11_registered.JPG
Tray 21: image_10_registered.JPG
Tray 22: image_11_registered.JPG
Tray 23: image_07_registered.JPG
Tray 24: image_06_registered.JPG
Tray 25: image_09_registered.JPG
Tray 26: image_02_registered.JPG
Tray 27: image_04_registered.JPG
Tray 28: image_07_registered.JPG
Tray 29: image_06_registered.JPG
Tray 30: image_08_registered.JPG
Tray 31: image_11_registered.JPG
Tray 32: image_10_registered.JPG
Tray 33: image_07_registered.JPG
Tray 34: image_09_registered.JPG
Tray 35: image_11_registered.JPG
Tray 36: image_07_registered.JPG
Tray 37: image_10_registered.JPG
Tray 38: image_10_registered.JPG
Saved composites\drawer_007_composite.JPG

==================================================
Processing drawer_008
==================================================
Tray 1: image_03_registered.JPG
Tray 2: image_08_registered.JPG
Tray 3: image_08_registered.JPG
Tray 4: image_07_registered.JPG
Tray 5: image_09_registered.JPG
Tray 6: image_03_registered.JPG
Tray 7: image_10_registered.JPG
Tray 8: image_10_registered.JPG
Tray 9: image_05_registered.JPG
Tray 10: image_08_registered.JPG
Tray 11: image_06_registered.JPG
Tray 12: image_02_registered.JPG
Tray 13: image_02_registered.JPG
Tray 14: image_02_registered.JPG
Tray 15: image_06_registered.JPG
Tray 16: image_05_registered.JPG
Tray 17: image_04_registered.JPG
Tray 18: image_04_registered.JPG
Tray 19: image_04_registered.JPG
Tray 20: image_04_registered.JPG
Tray 21: image_04_registered.JPG
Tray 22: image_04_registered.JPG
Saved composites\drawer_008_composite.JPG

==================================================
Processing drawer_009
==================================================
Tray 1: image_08_registered.JPG
Tray 2: image_07_registered.JPG
Tray 3: image_02_registered.JPG
Tray 4: image_10_registered.JPG
Tray 5: image_05_registered.JPG
Tray 6: image_06_registered.JPG
Tray 7: image_06_registered.JPG
Tray 8: image_03_registered.JPG
Tray 9: image_09_registered.JPG
Tray 10: image_09_registered.JPG
Tray 11: image_09_registered.JPG
Tray 12: image_04_registered.JPG
Tray 13: image_03_registered.JPG
Tray 14: image_02_registered.JPG
Tray 15: image_03_registered.JPG
Tray 16: image_04_registered.JPG
Tray 17: image_05_registered.JPG
Tray 18: image_02_registered.JPG
Tray 19: image_11_registered.JPG
Tray 20: image_02_registered.JPG
Tray 21: image_04_registered.JPG
Tray 22: image_03_registered.JPG
Tray 23: image_11_registered.JPG
Tray 24: image_05_registered.JPG
Tray 25: image_09_registered.JPG
Tray 26: image_10_registered.JPG
Tray 27: image_04_registered.JPG
Tray 28: image_03_registered.JPG
Saved composites\drawer_009_composite.JPG

==================================================
Processing drawer_010
==================================================
Tray 1: image_09_registered.JPG
Tray 2: image_06_registered.JPG
Tray 3: image_02_registered.JPG
Tray 4: image_05_registered.JPG
Tray 5: image_10_registered.JPG
Tray 6: image_08_registered.JPG
Tray 7: image_04_registered.JPG
Tray 8: image_09_registered.JPG
Saved composites\drawer_010_composite.JPG

==================================================
Processing drawer_011
==================================================
Tray 1: image_11_registered.JPG
Tray 2: image_05_registered.JPG
Tray 3: image_02_registered.JPG
Tray 4: image_07_registered.JPG
Tray 5: image_05_registered.JPG
Tray 6: image_07_registered.JPG
Tray 7: image_06_registered.JPG
Tray 8: image_04_registered.JPG
Tray 9: image_06_registered.JPG
Tray 10: image_06_registered.JPG
Tray 11: image_04_registered.JPG
Tray 12: image_06_registered.JPG
Tray 13: image_07_registered.JPG
Tray 14: image_04_registered.JPG
Tray 15: image_06_registered.JPG
Tray 16: image_04_registered.JPG
Tray 17: image_08_registered.JPG
Tray 18: image_03_registered.JPG
Tray 19: image_06_registered.JPG
Tray 20: image_07_registered.JPG
Tray 21: image_02_registered.JPG
Tray 22: image_06_registered.JPG
Tray 23: image_08_registered.JPG
Tray 24: image_10_registered.JPG
Tray 25: image_03_registered.JPG
Tray 26: image_09_registered.JPG
Tray 27: image_10_registered.JPG
Tray 28: image_10_registered.JPG
Tray 29: image_08_registered.JPG
Tray 30: image_10_registered.JPG
Tray 31: image_08_registered.JPG
Tray 32: image_08_registered.JPG
Tray 33: image_10_registered.JPG
Tray 34: image_02_registered.JPG
Tray 35: image_08_registered.JPG
Tray 36: image_11_registered.JPG
Tray 37: image_09_registered.JPG
Tray 38: image_09_registered.JPG
Tray 39: image_09_registered.JPG
Tray 40: image_08_registered.JPG
Tray 41: image_09_registered.JPG
Saved composites\drawer_011_composite.JPG

==================================================
Processing drawer_012
==================================================
Tray 1: image_06_registered.JPG
Tray 2: image_06_registered.JPG
Tray 3: image_09_registered.JPG
Tray 4: image_03_registered.JPG
Tray 5: image_05_registered.JPG
Tray 6: image_05_registered.JPG
Tray 7: image_11_registered.JPG
Tray 8: image_04_registered.JPG
Tray 9: image_02_registered.JPG
Tray 10: image_07_registered.JPG
Tray 11: image_02_registered.JPG
Tray 12: image_11_registered.JPG
Tray 13: image_06_registered.JPG
Tray 14: image_02_registered.JPG
Tray 15: image_04_registered.JPG
Tray 16: image_07_registered.JPG
Tray 17: image_08_registered.JPG
Tray 18: image_11_registered.JPG
Tray 19: image_04_registered.JPG
Tray 20: image_10_registered.JPG
Tray 21: image_07_registered.JPG
Tray 22: image_08_registered.JPG
Tray 23: image_10_registered.JPG
Tray 24: image_09_registered.JPG
Tray 25: image_10_registered.JPG
Tray 26: image_07_registered.JPG
Tray 27: image_04_registered.JPG
Tray 28: image_08_registered.JPG
Tray 29: image_08_registered.JPG
Tray 30: image_04_registered.JPG
Saved composites\drawer_012_composite.JPG

==================================================
Processing drawer_013
==================================================
Tray 1: image_07_registered.JPG
Tray 2: image_05_registered.JPG
Tray 3: image_02_registered.JPG
Tray 4: image_02_registered.JPG
Tray 5: image_06_registered.JPG
Tray 6: image_11_registered.JPG
Tray 7: image_06_registered.JPG
Tray 8: image_03_registered.JPG
Tray 9: image_02_registered.JPG
Tray 10: image_03_registered.JPG
Tray 11: image_04_registered.JPG
Tray 12: image_09_registered.JPG
Tray 13: image_08_registered.JPG
Tray 14: image_07_registered.JPG
Tray 15: image_11_registered.JPG
Tray 16: image_07_registered.JPG
Tray 17: image_10_registered.JPG
Tray 18: image_09_registered.JPG
Tray 19: image_04_registered.JPG
Tray 20: image_10_registered.JPG
Tray 21: image_10_registered.JPG
Tray 22: image_09_registered.JPG
Tray 23: image_08_registered.JPG
Tray 24: image_08_registered.JPG
Tray 25: image_08_registered.JPG
Tray 26: image_08_registered.JPG
Tray 27: image_09_registered.JPG
Tray 28: image_08_registered.JPG
Tray 29: image_10_registered.JPG
Tray 30: image_05_registered.JPG
Tray 31: image_04_registered.JPG
Saved composites\drawer_013_composite.JPG

==================================================
Processing drawer_014
==================================================
Tray 1: image_08_registered.JPG
Tray 2: image_10_registered.JPG
Tray 3: image_11_registered.JPG
Tray 4: image_06_registered.JPG
Tray 5: image_05_registered.JPG
Tray 6: image_02_registered.JPG
Tray 7: image_09_registered.JPG
Tray 8: image_05_registered.JPG
Tray 9: image_09_registered.JPG
Tray 10: image_03_registered.JPG
Tray 11: image_04_registered.JPG
Tray 12: image_02_registered.JPG
Tray 13: image_10_registered.JPG
Tray 14: image_04_registered.JPG
Tray 15: image_03_registered.JPG
Tray 16: image_04_registered.JPG
Tray 17: image_03_registered.JPG
Tray 18: image_02_registered.JPG
Tray 19: image_07_registered.JPG
Tray 20: image_11_registered.JPG
Tray 21: image_04_registered.JPG
Tray 22: image_05_registered.JPG
Tray 23: image_09_registered.JPG
Tray 24: image_06_registered.JPG
Tray 25: image_10_registered.JPG
Tray 26: image_06_registered.JPG
Tray 27: image_04_registered.JPG
Tray 28: image_08_registered.JPG
Tray 29: image_07_registered.JPG
Tray 30: image_06_registered.JPG
Tray 31: image_09_registered.JPG
Tray 32: image_07_registered.JPG
Tray 33: image_07_registered.JPG
Tray 34: image_10_registered.JPG
Tray 35: image_11_registered.JPG
Tray 36: image_10_registered.JPG
Tray 37: image_07_registered.JPG
Tray 38: image_06_registered.JPG
Tray 39: image_02_registered.JPG
Tray 40: image_11_registered.JPG
Saved composites\drawer_014_composite.JPG

==================================================
Processing drawer_015
==================================================
Tray 1: image_06_registered.JPG
Tray 2: image_02_registered.JPG
Tray 3: image_02_registered.JPG
Tray 4: image_04_registered.JPG
Tray 5: image_02_registered.JPG
Tray 6: image_05_registered.JPG
Tray 7: image_06_registered.JPG
Tray 8: image_03_registered.JPG
Tray 9: image_05_registered.JPG
Tray 10: image_06_registered.JPG
Tray 11: image_06_registered.JPG
Tray 12: image_09_registered.JPG
Tray 13: image_04_registered.JPG
Tray 14: image_09_registered.JPG
Tray 15: image_07_registered.JPG
Tray 16: image_06_registered.JPG
Tray 17: image_10_registered.JPG
Tray 18: image_04_registered.JPG
Tray 19: image_11_registered.JPG
Tray 20: image_08_registered.JPG
Tray 21: image_10_registered.JPG
Tray 22: image_03_registered.JPG
Tray 23: image_08_registered.JPG
Tray 24: image_11_registered.JPG
Tray 25: image_03_registered.JPG
Tray 26: image_11_registered.JPG
Tray 27: image_04_registered.JPG
Tray 28: image_10_registered.JPG
Tray 29: image_11_registered.JPG
Tray 30: image_03_registered.JPG
Tray 31: image_11_registered.JPG
Tray 32: image_07_registered.JPG
Tray 33: image_09_registered.JPG
Tray 34: image_08_registered.JPG
Tray 35: image_11_registered.JPG
Tray 36: image_02_registered.JPG
Tray 37: image_05_registered.JPG
Tray 38: image_06_registered.JPG
Tray 39: image_10_registered.JPG
Tray 40: image_09_registered.JPG
Tray 41: image_04_registered.JPG
Tray 42: image_10_registered.JPG
Saved composites\drawer_015_composite.JPG

==================================================
Processing drawer_016
==================================================
Tray 1: image_05_registered.JPG
Tray 2: image_04_registered.JPG
Tray 3: image_10_registered.JPG
Tray 4: image_02_registered.JPG
Tray 5: image_05_registered.JPG
Tray 6: image_04_registered.JPG
Tray 7: image_11_registered.JPG
Tray 8: image_06_registered.JPG
Tray 9: image_04_registered.JPG
Tray 10: image_08_registered.JPG
Tray 11: image_05_registered.JPG
Tray 12: image_06_registered.JPG
Tray 13: image_11_registered.JPG
Tray 14: image_08_registered.JPG
Tray 15: image_02_registered.JPG
Tray 16: image_11_registered.JPG
Tray 17: image_07_registered.JPG
Tray 18: image_09_registered.JPG
Tray 19: image_02_registered.JPG
Tray 20: image_11_registered.JPG
Tray 21: image_09_registered.JPG
Tray 22: image_09_registered.JPG
Tray 23: image_03_registered.JPG
Tray 24: image_08_registered.JPG
Tray 25: image_02_registered.JPG
Tray 26: image_03_registered.JPG
Tray 27: image_04_registered.JPG
Tray 28: image_11_registered.JPG
Tray 29: image_08_registered.JPG
Tray 30: image_02_registered.JPG
Tray 31: image_10_registered.JPG
Tray 32: image_11_registered.JPG
Tray 33: image_03_registered.JPG
Tray 34: image_11_registered.JPG
Tray 35: image_11_registered.JPG
Tray 36: image_09_registered.JPG
Tray 37: image_03_registered.JPG
Tray 38: image_10_registered.JPG
Tray 39: image_03_registered.JPG
Saved composites\drawer_016_composite.JPG

==================================================
Processing drawer_017
==================================================
Tray 1: image_06_registered.JPG
Tray 2: image_08_registered.JPG
Tray 3: image_06_registered.JPG
Tray 4: image_02_registered.JPG
Tray 5: image_10_registered.JPG
Tray 6: image_09_registered.JPG
Tray 7: image_05_registered.JPG
Tray 8: image_09_registered.JPG
Tray 9: image_04_registered.JPG
Tray 10: image_07_registered.JPG
Tray 11: image_05_registered.JPG
Tray 12: image_03_registered.JPG
Tray 13: image_05_registered.JPG
Tray 14: image_03_registered.JPG
Tray 15: image_05_registered.JPG
Tray 16: image_11_registered.JPG
Tray 17: image_11_registered.JPG
Tray 18: image_03_registered.JPG
Tray 19: image_06_registered.JPG
Tray 20: image_09_registered.JPG
Tray 21: image_11_registered.JPG
Tray 22: image_03_registered.JPG
Tray 23: image_04_registered.JPG
Tray 24: image_10_registered.JPG
Tray 25: image_02_registered.JPG
Tray 26: image_02_registered.JPG
Tray 27: image_08_registered.JPG
Tray 28: image_02_registered.JPG
Tray 29: image_11_registered.JPG
Tray 30: image_06_registered.JPG
Tray 31: image_07_registered.JPG
Tray 32: image_02_registered.JPG
Tray 33: image_11_registered.JPG
Tray 34: image_02_registered.JPG
Tray 35: image_09_registered.JPG
Tray 36: image_04_registered.JPG
Saved composites\drawer_017_composite.JPG

==================================================
Processing drawer_018
==================================================
Tray 1: image_06_registered.JPG
Tray 2: image_06_registered.JPG
Tray 3: image_04_registered.JPG
Tray 4: image_05_registered.JPG
Tray 5: image_04_registered.JPG
Tray 6: image_09_registered.JPG
Tray 7: image_08_registered.JPG
Tray 8: image_07_registered.JPG
Tray 9: image_02_registered.JPG
Tray 10: image_06_registered.JPG
Tray 11: image_02_registered.JPG
Tray 12: image_06_registered.JPG
Tray 13: image_08_registered.JPG
Tray 14: image_05_registered.JPG
Tray 15: image_10_registered.JPG
Tray 16: image_05_registered.JPG
Tray 17: image_09_registered.JPG
Tray 18: image_02_registered.JPG
Tray 19: image_04_registered.JPG
Tray 20: image_11_registered.JPG
Tray 21: image_11_registered.JPG
Tray 22: image_07_registered.JPG
Tray 23: image_07_registered.JPG
Tray 24: image_11_registered.JPG
Tray 25: image_11_registered.JPG
Tray 26: image_11_registered.JPG
Tray 27: image_03_registered.JPG
Tray 28: image_10_registered.JPG
Tray 29: image_04_registered.JPG
Tray 30: image_07_registered.JPG
Tray 31: image_02_registered.JPG
Tray 32: image_07_registered.JPG
Tray 33: image_03_registered.JPG
Tray 34: image_11_registered.JPG
Tray 35: image_03_registered.JPG
Tray 36: image_07_registered.JPG
Tray 37: image_10_registered.JPG
Tray 38: image_10_registered.JPG
Saved composites\drawer_018_composite.JPG

==================================================
Processing drawer_019
==================================================
Tray 1: image_06_registered.JPG
Tray 2: image_08_registered.JPG
Tray 3: image_03_registered.JPG
Tray 4: image_02_registered.JPG
Tray 5: image_02_registered.JPG
Tray 6: image_03_registered.JPG
Tray 7: image_09_registered.JPG
Tray 8: image_06_registered.JPG
Tray 9: image_09_registered.JPG
Tray 10: image_02_registered.JPG
Tray 11: image_05_registered.JPG
Tray 12: image_11_registered.JPG
Tray 13: image_03_registered.JPG
Tray 14: image_04_registered.JPG
Tray 15: image_05_registered.JPG
Tray 16: image_06_registered.JPG
Tray 17: image_11_registered.JPG
Tray 18: image_10_registered.JPG
Tray 19: image_11_registered.JPG
Tray 20: image_10_registered.JPG
Tray 21: image_03_registered.JPG
Tray 22: image_05_registered.JPG
Tray 23: image_11_registered.JPG
Tray 24: image_10_registered.JPG
Tray 25: image_04_registered.JPG
Tray 26: image_11_registered.JPG
Tray 27: image_10_registered.JPG
Tray 28: image_11_registered.JPG
Tray 29: image_04_registered.JPG
Tray 30: image_04_registered.JPG
Tray 31: image_04_registered.JPG
Saved composites\drawer_019_composite.JPG

==================================================
Processing drawer_020
==================================================
Tray 1: image_05_registered.JPG
Tray 2: image_05_registered.JPG
Tray 3: image_06_registered.JPG
Tray 4: image_02_registered.JPG
Tray 5: image_03_registered.JPG
Tray 6: image_02_registered.JPG
Tray 7: image_03_registered.JPG
Tray 8: image_08_registered.JPG
Tray 9: image_03_registered.JPG
Tray 10: image_08_registered.JPG
Tray 11: image_06_registered.JPG
Tray 12: image_05_registered.JPG
Tray 13: image_04_registered.JPG
Tray 14: image_07_registered.JPG
Tray 15: image_02_registered.JPG
Tray 16: image_11_registered.JPG
Tray 17: image_04_registered.JPG
Tray 18: image_09_registered.JPG
Tray 19: image_11_registered.JPG
Tray 20: image_11_registered.JPG
Tray 21: image_04_registered.JPG
Tray 22: image_08_registered.JPG
Tray 23: image_10_registered.JPG
Tray 24: image_04_registered.JPG
Tray 25: image_03_registered.JPG
Tray 26: image_04_registered.JPG
Tray 27: image_10_registered.JPG
Tray 28: image_08_registered.JPG
Tray 29: image_09_registered.JPG
Tray 30: image_11_registered.JPG
Tray 31: image_07_registered.JPG
Tray 32: image_10_registered.JPG
Tray 33: image_09_registered.JPG
Tray 34: image_02_registered.JPG
Tray 35: image_10_registered.JPG
Tray 36: image_11_registered.JPG
Tray 37: image_07_registered.JPG
Tray 38: image_05_registered.JPG
Tray 39: image_10_registered.JPG
Tray 40: image_11_registered.JPG
Tray 41: image_07_registered.JPG
Tray 42: image_04_registered.JPG
Tray 43: image_09_registered.JPG
Tray 44: image_10_registered.JPG
Tray 45: image_04_registered.JPG
Tray 46: image_07_registered.JPG
Saved composites\drawer_020_composite.JPG

==================================================
Processing drawer_021
==================================================
Tray 1: image_07_registered.JPG
Tray 2: image_03_registered.JPG
Tray 3: image_06_registered.JPG
Tray 4: image_10_registered.JPG
Tray 5: image_11_registered.JPG
Tray 6: image_04_registered.JPG
Tray 7: image_03_registered.JPG
Tray 8: image_09_registered.JPG
Tray 9: image_02_registered.JPG
Tray 10: image_09_registered.JPG
Tray 11: image_02_registered.JPG
Tray 12: image_11_registered.JPG
Tray 13: image_05_registered.JPG
Tray 14: image_08_registered.JPG
Tray 15: image_06_registered.JPG
Tray 16: image_05_registered.JPG
Tray 17: image_02_registered.JPG
Tray 18: image_11_registered.JPG
Tray 19: image_02_registered.JPG
Tray 20: image_08_registered.JPG
Tray 21: image_05_registered.JPG
Tray 22: image_09_registered.JPG
Tray 23: image_10_registered.JPG
Tray 24: image_11_registered.JPG
Tray 25: image_10_registered.JPG
Tray 26: image_09_registered.JPG
Tray 27: image_02_registered.JPG
Tray 28: image_07_registered.JPG
Tray 29: image_04_registered.JPG
Tray 30: image_10_registered.JPG
Tray 31: image_11_registered.JPG
Tray 32: image_03_registered.JPG
Tray 33: image_03_registered.JPG
Tray 34: image_04_registered.JPG
Tray 35: image_04_registered.JPG
Tray 36: image_05_registered.JPG
Saved composites\drawer_021_composite.JPG

All drawers finished.

============================================================
PIPELINE COMPLETE
Total time: 4m 9s
============================================================
